LocationAbbr,Stroke_mortality,Gender,Race_Ethnicity,LocationID,Y_lat,X_lon
1,0,1,0,2016,53.648343064,-166.9175329
1,58.3,1,0,2020,61.159144533,-149.1045591
1,74.5,1,0,2050,60.923647647,-159.7532618
1,52.9,1,0,2068,63.67881971,-149.9608012
1,92.6,1,0,2090,64.809319444,-146.5842931
1,67.2,1,0,2105,58.717908328,-137.1866487
1,64.4,1,0,2110,58.463936686,-134.1669508
1,69.9,1,0,2122,60.193262972,-150.2807443
1,61.4,1,0,2130,55.621720661,-130.7595837
1,71.7,1,0,2150,57.715764645,-153.8367593
1,73.3,1,0,2164,58.65264198,-156.1838384
1,56.2,1,0,2170,62.316474745,-149.5987212
1,76.5,1,0,2180,64.903977039,-163.9462296
1,143.4,1,0,2185,69.309529075,-153.3965423
1,65.2,1,0,2198,55.612913536,-132.7928046
1,71.1,1,0,2220,57.236874416,-135.2842908
1,60.3,1,0,2240,63.867730698,-143.2216055
1,76.8,1,0,2261,61.535209309,-144.3399175
1,67.6,1,0,2290,65.503126799,-151.4114639
1,65.5,2,0,2020,61.159144533,-149.1045591
1,105.3,2,0,2050,60.923647647,-159.7532618
1,62.1,2,0,2068,63.67881971,-149.9608012
1,115,2,0,2090,64.809319444,-146.5842931
1,67.7,2,0,2105,58.717908328,-137.1866487
1,66.4,2,0,2110,58.463936686,-134.1669508
1,61.8,2,0,2122,60.193262972,-150.2807443
1,70.2,2,0,2130,55.621720661,-130.7595837
1,25.8,2,0,2150,57.715764645,-153.8367593
1,98.7,2,0,2164,58.65264198,-156.1838384
1,65.9,2,0,2170,62.316474745,-149.5987212
1,55.1,2,0,2180,64.903977039,-163.9462296
1,53.4,2,0,2220,57.236874416,-135.2842908
1,91.5,2,0,2240,63.867730698,-143.2216055
1,66.1,2,0,2261,61.535209309,-144.3399175
1,77.6,2,0,2290,65.503126799,-151.4114639
1,43.7,1,5,2020,61.159144533,-149.1045591
1,55,1,5,2050,60.923647647,-159.7532618
1,45,1,5,2068,63.67881971,-149.9608012
1,94.3,1,5,2090,64.809319444,-146.5842931
1,56.3,1,5,2110,58.463936686,-134.1669508
1,70.4,1,5,2122,60.193262972,-150.2807443
1,55.6,1,5,2130,55.621720661,-130.7595837
1,76.1,1,5,2150,57.715764645,-153.8367593
1,71,1,5,2164,58.65264198,-156.1838384
1,46.8,1,5,2170,62.316474745,-149.5987212
1,3.4,1,5,2185,69.309529075,-153.3965423
1,102.9,1,5,2220,57.236874416,-135.2842908
1,56.8,1,5,2240,63.867730698,-143.2216055
1,87.6,1,5,2261,61.535209309,-144.3399175
1,55.4,1,5,2290,65.503126799,-151.4114639
1,62.8,2,5,2020,61.159144533,-149.1045591
1,56.9,2,5,2050,60.923647647,-159.7532618
1,64.6,2,5,2068,63.67881971,-149.9608012
1,124.6,2,5,2090,64.809319444,-146.5842931
1,63.8,2,5,2110,58.463936686,-134.1669508
1,61.3,2,5,2122,60.193262972,-150.2807443
1,16.3,2,5,2130,55.621720661,-130.7595837
1,42.2,2,5,2150,57.715764645,-153.8367593
1,40,2,5,2164,58.65264198,-156.1838384
1,62.5,2,5,2170,62.316474745,-149.5987212
1,92.7,2,5,2240,63.867730698,-143.2216055
1,63.4,2,5,2261,61.535209309,-144.3399175
1,83.9,2,5,2290,65.503126799,-151.4114639
1,56.6,1,3,2020,61.159144533,-149.1045591
1,98.5,2,3,2020,61.159144533,-149.1045591
1,33.9,1,4,2020,61.159144533,-149.1045591
1,32,2,4,2020,61.159144533,-149.1045591
1,131.5,1,2,2020,61.159144533,-149.1045591
1,118.3,1,2,2122,60.193262972,-150.2807443
1,129.6,1,2,2170,62.316474745,-149.5987212
1,130.6,1,2,2261,61.535209309,-144.3399175
1,62.4,2,2,2020,61.159144533,-149.1045591
1,159.8,2,2,2122,60.193262972,-150.2807443
1,70.1,2,2,2170,62.316474745,-149.5987212
1,65.2,2,2,2261,61.535209309,-144.3399175
1,148.3,1,1,2020,61.159144533,-149.1045591
1,138.6,1,1,2050,60.923647647,-159.7532618
1,98.1,1,1,2122,60.193262972,-150.2807443
1,207.6,1,1,2170,62.316474745,-149.5987212
1,108.4,1,1,2290,65.503126799,-151.4114639
1,95.1,2,1,2020,61.159144533,-149.1045591
1,147.6,2,1,2050,60.923647647,-159.7532618
1,97.3,2,1,2090,64.809319444,-146.5842931
1,119.8,2,1,2122,60.193262972,-150.2807443
1,162.6,2,1,2164,58.65264198,-156.1838384
1,107.1,2,1,2170,62.316474745,-149.5987212
1,97.7,2,1,2261,61.535209309,-144.3399175
1,95.1,2,1,2290,65.503126799,-151.4114639
2,114.9,1,0,1001,32.539425913,-86.64129632
2,81.3,1,0,1003,30.743119793,-87.72479593
2,108.1,1,0,1005,31.877343058,-85.39237811
2,118,1,0,1007,33.00020707,-87.12752219
2,101.6,1,0,1009,33.983246597,-86.56704694
2,117.5,1,0,1011,32.106071833,-85.71598
2,144.4,1,0,1013,31.758055682,-86.68474988
2,102.1,1,0,1015,33.776370096,-85.82537579
2,99.8,1,0,1017,32.920153805,-85.38997073
2,92.8,1,0,1019,34.175725333,-85.60035438
2,94.8,1,0,1021,32.854769428,-86.71849729
2,100.1,1,0,1023,32.023447,-88.26266484
2,85.9,1,0,1025,31.684752751,-87.827429
2,92.6,1,0,1027,33.274857304,-85.86161134
2,95.2,1,0,1029,33.675806253,-85.51950072
2,80.4,1,0,1031,31.410931801,-85.98814734
2,89.2,1,0,1033,34.701595517,-87.80344818
2,143.8,1,0,1035,31.434552116,-86.99076026
2,91.2,1,0,1037,32.94097672,-86.24681156
2,117.1,1,0,1039,31.250530116,-86.44871638
2,109.3,1,0,1041,31.737792574,-86.31468334
2,97,1,0,1043,34.135781967,-86.86535723
2,83.2,1,0,1045,31.439273799,-85.61334229
2,128.2,1,0,1047,32.331531548,-87.10430639
2,104.2,1,0,1049,34.463295121,-85.80271953
2,103.3,1,0,1051,32.600389513,-86.1503325
2,130,1,0,1053,31.132445013,-87.16014727
2,101.6,1,0,1055,34.048500324,-86.03673021
2,99.1,1,0,1057,33.726026145,-87.737743
2,89.1,1,0,1059,34.444917689,-87.84261955
2,81.3,1,0,1061,31.100132066,-85.83410292
2,120.4,1,0,1063,32.859655768,-87.95161409
2,143.3,1,0,1065,32.769858477,-87.62710918
2,86.7,1,0,1067,31.530505586,-85.23988556
2,85,1,0,1069,31.16395229,-85.29562851
2,116.8,1,0,1071,34.784546109,-85.99527511
2,127.6,1,0,1073,33.557909236,-86.89670879
2,100.7,1,0,1075,33.783060364,-88.09452737
2,93.3,1,0,1077,34.906697921,-87.64884345
2,92.7,1,0,1079,34.526514813,-87.30890145
2,95.3,1,0,1081,32.606457684,-85.35622837
2,94,1,0,1083,34.816378957,-86.98018142
2,128.4,1,0,1085,32.160823035,-86.64943924
2,106.3,1,0,1087,32.393496494,-85.69087037
2,91.8,1,0,1089,34.765101058,-86.54728071
2,90.8,1,0,1091,32.25343815,-87.78787764
2,92.7,1,0,1093,34.140788148,-87.88494501
2,110.7,1,0,1095,34.371869975,-86.30279303
2,97.8,1,0,1097,30.800130855,-88.21002606
2,143.5,1,0,1099,31.577430134,-87.36154918
2,112.9,1,0,1101,32.228309329,-86.20712733
2,100.6,1,0,1103,34.457009568,-86.85168803
2,116.5,1,0,1105,32.639698633,-87.29261514
2,101.8,1,0,1107,33.286159321,-88.08890374
2,103,1,0,1109,31.811117142,-85.94119787
2,92.8,1,0,1111,33.300761278,-85.45789142
2,107.7,1,0,1113,32.295471895,-85.18139855
2,115.4,1,0,1115,33.716065391,-86.31496031
2,92.7,1,0,1117,33.272014566,-86.66122268
2,102.4,1,0,1119,32.590376042,-88.20038104
2,102,1,0,1121,33.385889164,-86.16549054
2,93.2,1,0,1123,32.869277891,-85.79606545
2,109.2,1,0,1125,33.297564763,-87.51989995
2,104.5,1,0,1127,33.810226394,-87.29707047
2,93.8,1,0,1129,31.412939714,-88.20591714
2,159.2,1,0,1131,31.997500978,-87.30835736
2,86.7,1,0,1133,34.155944798,-87.37349988
2,99.6,2,0,1001,32.539425913,-86.64129632
2,86.3,2,0,1003,30.743119793,-87.72479593
2,83.5,2,0,1005,31.877343058,-85.39237811
2,103.8,2,0,1007,33.00020707,-87.12752219
2,97.6,2,0,1009,33.983246597,-86.56704694
2,94,2,0,1011,32.106071833,-85.71598
2,94.8,2,0,1013,31.758055682,-86.68474988
2,102.2,2,0,1015,33.776370096,-85.82537579
2,95.9,2,0,1017,32.920153805,-85.38997073
2,88.3,2,0,1019,34.175725333,-85.60035438
2,101.1,2,0,1021,32.854769428,-86.71849729
2,105.5,2,0,1023,32.023447,-88.26266484
2,80.5,2,0,1025,31.684752751,-87.827429
2,103.9,2,0,1027,33.274857304,-85.86161134
2,90.9,2,0,1029,33.675806253,-85.51950072
2,85.9,2,0,1031,31.410931801,-85.98814734
2,94.5,2,0,1033,34.701595517,-87.80344818
2,93.3,2,0,1035,31.434552116,-86.99076026
2,104.6,2,0,1037,32.94097672,-86.24681156
2,88.9,2,0,1039,31.250530116,-86.44871638
2,94.8,2,0,1041,31.737792574,-86.31468334
2,89.4,2,0,1043,34.135781967,-86.86535723
2,74.9,2,0,1045,31.439273799,-85.61334229
2,97.6,2,0,1047,32.331531548,-87.10430639
2,92.7,2,0,1049,34.463295121,-85.80271953
2,97.8,2,0,1051,32.600389513,-86.1503325
2,89.2,2,0,1053,31.132445013,-87.16014727
2,91.2,2,0,1055,34.048500324,-86.03673021
2,94.5,2,0,1057,33.726026145,-87.737743
2,92.4,2,0,1059,34.444917689,-87.84261955
2,77.1,2,0,1061,31.100132066,-85.83410292
2,84.5,2,0,1063,32.859655768,-87.95161409
2,90.6,2,0,1065,32.769858477,-87.62710918
2,70.9,2,0,1067,31.530505586,-85.23988556
2,68.6,2,0,1069,31.16395229,-85.29562851
2,89.1,2,0,1071,34.784546109,-85.99527511
2,107.1,2,0,1073,33.557909236,-86.89670879
2,92.2,2,0,1075,33.783060364,-88.09452737
2,88.3,2,0,1077,34.906697921,-87.64884345
2,91.1,2,0,1079,34.526514813,-87.30890145
2,86.9,2,0,1081,32.606457684,-85.35622837
2,86.4,2,0,1083,34.816378957,-86.98018142
2,94.2,2,0,1085,32.160823035,-86.64943924
2,94.1,2,0,1087,32.393496494,-85.69087037
2,86.6,2,0,1089,34.765101058,-86.54728071
2,95,2,0,1091,32.25343815,-87.78787764
2,100.5,2,0,1093,34.140788148,-87.88494501
2,89,2,0,1095,34.371869975,-86.30279303
2,97.1,2,0,1097,30.800130855,-88.21002606
2,80.7,2,0,1099,31.577430134,-87.36154918
2,99.8,2,0,1101,32.228309329,-86.20712733
2,86.9,2,0,1103,34.457009568,-86.85168803
2,100.8,2,0,1105,32.639698633,-87.29261514
2,84.9,2,0,1107,33.286159321,-88.08890374
2,89.8,2,0,1109,31.811117142,-85.94119787
2,90.6,2,0,1111,33.300761278,-85.45789142
2,86.3,2,0,1113,32.295471895,-85.18139855
2,98.6,2,0,1115,33.716065391,-86.31496031
2,104.4,2,0,1117,33.272014566,-86.66122268
2,102.3,2,0,1119,32.590376042,-88.20038104
2,103.2,2,0,1121,33.385889164,-86.16549054
2,96.5,2,0,1123,32.869277891,-85.79606545
2,93.5,2,0,1125,33.297564763,-87.51989995
2,104,2,0,1127,33.810226394,-87.29707047
2,84.4,2,0,1129,31.412939714,-88.20591714
2,91.6,2,0,1131,31.997500978,-87.30835736
2,100.1,2,0,1133,34.155944798,-87.37349988
2,102.7,1,5,1001,32.539425913,-86.64129632
2,78.8,1,5,1003,30.743119793,-87.72479593
2,87.9,1,5,1005,31.877343058,-85.39237811
2,101.4,1,5,1007,33.00020707,-87.12752219
2,103.7,1,5,1009,33.983246597,-86.56704694
2,89.1,1,5,1011,32.106071833,-85.71598
2,115.1,1,5,1013,31.758055682,-86.68474988
2,96.1,1,5,1015,33.776370096,-85.82537579
2,94.9,1,5,1017,32.920153805,-85.38997073
2,91.1,1,5,1019,34.175725333,-85.60035438
2,93.3,1,5,1021,32.854769428,-86.71849729
2,87.6,1,5,1023,32.023447,-88.26266484
2,77,1,5,1025,31.684752751,-87.827429
2,69.8,1,5,1027,33.274857304,-85.86161134
2,86.6,1,5,1029,33.675806253,-85.51950072
2,87,1,5,1031,31.410931801,-85.98814734
2,86.4,1,5,1033,34.701595517,-87.80344818
2,122.4,1,5,1035,31.434552116,-86.99076026
2,82.7,1,5,1037,32.94097672,-86.24681156
2,98.9,1,5,1039,31.250530116,-86.44871638
2,97,1,5,1041,31.737792574,-86.31468334
2,98.8,1,5,1043,34.135781967,-86.86535723
2,77.5,1,5,1045,31.439273799,-85.61334229
2,108,1,5,1047,32.331531548,-87.10430639
2,104.6,1,5,1049,34.463295121,-85.80271953
2,84.8,1,5,1051,32.600389513,-86.1503325
2,105.6,1,5,1053,31.132445013,-87.16014727
2,103.4,1,5,1055,34.048500324,-86.03673021
2,94.6,1,5,1057,33.726026145,-87.737743
2,86.7,1,5,1059,34.444917689,-87.84261955
2,78.1,1,5,1061,31.100132066,-85.83410292
2,93.7,1,5,1063,32.859655768,-87.95161409
2,94.9,1,5,1065,32.769858477,-87.62710918
2,76.7,1,5,1067,31.530505586,-85.23988556
2,78.8,1,5,1069,31.16395229,-85.29562851
2,126.8,1,5,1071,34.784546109,-85.99527511
2,105.3,1,5,1073,33.557909236,-86.89670879
2,97,1,5,1075,33.783060364,-88.09452737
2,93.6,1,5,1077,34.906697921,-87.64884345
2,92,1,5,1079,34.526514813,-87.30890145
2,84.9,1,5,1081,32.606457684,-85.35622837
2,90.6,1,5,1083,34.816378957,-86.98018142
2,109.2,1,5,1085,32.160823035,-86.64943924
2,82.4,1,5,1087,32.393496494,-85.69087037
2,87.1,1,5,1089,34.765101058,-86.54728071
2,88.1,1,5,1091,32.25343815,-87.78787764
2,93.4,1,5,1093,34.140788148,-87.88494501
2,113.4,1,5,1095,34.371869975,-86.30279303
2,82.8,1,5,1097,30.800130855,-88.21002606
2,99.4,1,5,1099,31.577430134,-87.36154918
2,95.2,1,5,1101,32.228309329,-86.20712733
2,98,1,5,1103,34.457009568,-86.85168803
2,103.9,1,5,1105,32.639698633,-87.29261514
2,91.8,1,5,1107,33.286159321,-88.08890374
2,84.9,1,5,1109,31.811117142,-85.94119787
2,80.6,1,5,1111,33.300761278,-85.45789142
2,85.9,1,5,1113,32.295471895,-85.18139855
2,103.9,1,5,1115,33.716065391,-86.31496031
2,94.9,1,5,1117,33.272014566,-86.66122268
2,90.6,1,5,1119,32.590376042,-88.20038104
2,89.7,1,5,1121,33.385889164,-86.16549054
2,73.4,1,5,1123,32.869277891,-85.79606545
2,106.8,1,5,1125,33.297564763,-87.51989995
2,100.5,1,5,1127,33.810226394,-87.29707047
2,82.1,1,5,1129,31.412939714,-88.20591714
2,114.4,1,5,1131,31.997500978,-87.30835736
2,87.8,1,5,1133,34.155944798,-87.37349988
2,96.2,2,5,1001,32.539425913,-86.64129632
2,85.3,2,5,1003,30.743119793,-87.72479593
2,81.3,2,5,1005,31.877343058,-85.39237811
2,100.7,2,5,1007,33.00020707,-87.12752219
2,95.4,2,5,1009,33.983246597,-86.56704694
2,85.5,2,5,1011,32.106071833,-85.71598
2,86.8,2,5,1013,31.758055682,-86.68474988
2,91.3,2,5,1015,33.776370096,-85.82537579
2,88.4,2,5,1017,32.920153805,-85.38997073
2,90,2,5,1019,34.175725333,-85.60035438
2,101.4,2,5,1021,32.854769428,-86.71849729
2,94.6,2,5,1023,32.023447,-88.26266484
2,76.1,2,5,1025,31.684752751,-87.827429
2,89.5,2,5,1027,33.274857304,-85.86161134
2,88,2,5,1029,33.675806253,-85.51950072
2,83.1,2,5,1031,31.410931801,-85.98814734
2,93.1,2,5,1033,34.701595517,-87.80344818
2,88,2,5,1035,31.434552116,-86.99076026
2,99,2,5,1037,32.94097672,-86.24681156
2,86.6,2,5,1039,31.250530116,-86.44871638
2,83.5,2,5,1041,31.737792574,-86.31468334
2,91.3,2,5,1043,34.135781967,-86.86535723
2,66.4,2,5,1045,31.439273799,-85.61334229
2,95.7,2,5,1047,32.331531548,-87.10430639
2,93.1,2,5,1049,34.463295121,-85.80271953
2,93.3,2,5,1051,32.600389513,-86.1503325
2,87.4,2,5,1053,31.132445013,-87.16014727
2,90.8,2,5,1055,34.048500324,-86.03673021
2,99.3,2,5,1057,33.726026145,-87.737743
2,91.9,2,5,1059,34.444917689,-87.84261955
2,76.7,2,5,1061,31.100132066,-85.83410292
2,89.1,2,5,1063,32.859655768,-87.95161409
2,92.3,2,5,1065,32.769858477,-87.62710918
2,62,2,5,1067,31.530505586,-85.23988556
2,64.4,2,5,1069,31.16395229,-85.29562851
2,87.6,2,5,1071,34.784546109,-85.99527511
2,101.1,2,5,1073,33.557909236,-86.89670879
2,88,2,5,1075,33.783060364,-88.09452737
2,88,2,5,1077,34.906697921,-87.64884345
2,91.9,2,5,1079,34.526514813,-87.30890145
2,82.9,2,5,1081,32.606457684,-85.35622837
2,83.5,2,5,1083,34.816378957,-86.98018142
2,84.3,2,5,1085,32.160823035,-86.64943924
2,89.2,2,5,1087,32.393496494,-85.69087037
2,85.2,2,5,1089,34.765101058,-86.54728071
2,94.2,2,5,1091,32.25343815,-87.78787764
2,101.8,2,5,1093,34.140788148,-87.88494501
2,88.1,2,5,1095,34.371869975,-86.30279303
2,89.4,2,5,1097,30.800130855,-88.21002606
2,75,2,5,1099,31.577430134,-87.36154918
2,94.6,2,5,1101,32.228309329,-86.20712733
2,84.8,2,5,1103,34.457009568,-86.85168803
2,101,2,5,1105,32.639698633,-87.29261514
2,88.9,2,5,1107,33.286159321,-88.08890374
2,78.9,2,5,1109,31.811117142,-85.94119787
2,85.1,2,5,1111,33.300761278,-85.45789142
2,82.3,2,5,1113,32.295471895,-85.18139855
2,98.5,2,5,1115,33.716065391,-86.31496031
2,99.8,2,5,1117,33.272014566,-86.66122268
2,91.2,2,5,1119,32.590376042,-88.20038104
2,95.4,2,5,1121,33.385889164,-86.16549054
2,92.5,2,5,1123,32.869277891,-85.79606545
2,102.4,2,5,1125,33.297564763,-87.51989995
2,100.1,2,5,1127,33.810226394,-87.29707047
2,81.6,2,5,1129,31.412939714,-88.20591714
2,79.4,2,5,1131,31.997500978,-87.30835736
2,100.6,2,5,1133,34.155944798,-87.37349988
2,148.6,1,3,1001,32.539425913,-86.64129632
2,141,1,3,1003,30.743119793,-87.72479593
2,170.1,1,3,1005,31.877343058,-85.39237811
2,141.4,1,3,1007,33.00020707,-87.12752219
2,159.1,1,3,1009,33.983246597,-86.56704694
2,158.2,1,3,1011,32.106071833,-85.71598
2,207.4,1,3,1013,31.758055682,-86.68474988
2,157.1,1,3,1015,33.776370096,-85.82537579
2,135.6,1,3,1017,32.920153805,-85.38997073
2,119.7,1,3,1019,34.175725333,-85.60035438
2,120.5,1,3,1021,32.854769428,-86.71849729
2,126.2,1,3,1023,32.023447,-88.26266484
2,142.4,1,3,1025,31.684752751,-87.827429
2,203.6,1,3,1027,33.274857304,-85.86161134
2,170.2,1,3,1029,33.675806253,-85.51950072
2,100.6,1,3,1031,31.410931801,-85.98814734
2,146.3,1,3,1033,34.701595517,-87.80344818
2,224.2,1,3,1035,31.434552116,-86.99076026
2,144.6,1,3,1037,32.94097672,-86.24681156
2,180.5,1,3,1039,31.250530116,-86.44871638
2,142.5,1,3,1041,31.737792574,-86.31468334
2,179.8,1,3,1043,34.135781967,-86.86535723
2,123.6,1,3,1045,31.439273799,-85.61334229
2,144.1,1,3,1047,32.331531548,-87.10430639
2,128.6,1,3,1049,34.463295121,-85.80271953
2,152.9,1,3,1051,32.600389513,-86.1503325
2,184.6,1,3,1053,31.132445013,-87.16014727
2,133,1,3,1055,34.048500324,-86.03673021
2,126.9,1,3,1057,33.726026145,-87.737743
2,163.2,1,3,1059,34.444917689,-87.84261955
2,131.6,1,3,1061,31.100132066,-85.83410292
2,152.7,1,3,1063,32.859655768,-87.95161409
2,254.3,1,3,1065,32.769858477,-87.62710918
2,132.1,1,3,1067,31.530505586,-85.23988556
2,122.7,1,3,1069,31.16395229,-85.29562851
2,125.5,1,3,1071,34.784546109,-85.99527511
2,161.2,1,3,1073,33.557909236,-86.89670879
2,162,1,3,1075,33.783060364,-88.09452737
2,119,1,3,1077,34.906697921,-87.64884345
2,162.9,1,3,1079,34.526514813,-87.30890145
2,112.9,1,3,1081,32.606457684,-85.35622837
2,65.8,1,3,1083,34.816378957,-86.98018142
2,152,1,3,1085,32.160823035,-86.64943924
2,154.5,1,3,1087,32.393496494,-85.69087037
2,127.1,1,3,1089,34.765101058,-86.54728071
2,121.8,1,3,1091,32.25343815,-87.78787764
2,170.6,1,3,1093,34.140788148,-87.88494501
2,142.1,1,3,1095,34.371869975,-86.30279303
2,139,1,3,1097,30.800130855,-88.21002606
2,198.5,1,3,1099,31.577430134,-87.36154918
2,148.5,1,3,1101,32.228309329,-86.20712733
2,184.4,1,3,1103,34.457009568,-86.85168803
2,139.6,1,3,1105,32.639698633,-87.29261514
2,131,1,3,1107,33.286159321,-88.08890374
2,141.1,1,3,1109,31.811117142,-85.94119787
2,168.8,1,3,1111,33.300761278,-85.45789142
2,184,1,3,1113,32.295471895,-85.18139855
2,154.7,1,3,1115,33.716065391,-86.31496031
2,129.2,1,3,1117,33.272014566,-86.66122268
2,122.9,1,3,1119,32.590376042,-88.20038104
2,207.9,1,3,1121,33.385889164,-86.16549054
2,135.1,1,3,1123,32.869277891,-85.79606545
2,143.4,1,3,1125,33.297564763,-87.51989995
2,157,1,3,1127,33.810226394,-87.29707047
2,134.3,1,3,1129,31.412939714,-88.20591714
2,179,1,3,1131,31.997500978,-87.30835736
2,107.4,2,3,1001,32.539425913,-86.64129632
2,114.9,2,3,1003,30.743119793,-87.72479593
2,87.5,2,3,1005,31.877343058,-85.39237811
2,112,2,3,1007,33.00020707,-87.12752219
2,115.2,2,3,1009,33.983246597,-86.56704694
2,104.3,2,3,1011,32.106071833,-85.71598
2,116.9,2,3,1013,31.758055682,-86.68474988
2,141.6,2,3,1015,33.776370096,-85.82537579
2,110.1,2,3,1017,32.920153805,-85.38997073
2,104.4,2,3,1019,34.175725333,-85.60035438
2,108.3,2,3,1021,32.854769428,-86.71849729
2,117.1,2,3,1023,32.023447,-88.26266484
2,110,2,3,1025,31.684752751,-87.827429
2,167.7,2,3,1027,33.274857304,-85.86161134
2,130.6,2,3,1029,33.675806253,-85.51950072
2,111.8,2,3,1031,31.410931801,-85.98814734
2,91.8,2,3,1033,34.701595517,-87.80344818
2,116.3,2,3,1035,31.434552116,-86.99076026
2,146.2,2,3,1037,32.94097672,-86.24681156
2,125.4,2,3,1039,31.250530116,-86.44871638
2,115.3,2,3,1041,31.737792574,-86.31468334
2,76.3,2,3,1043,34.135781967,-86.86535723
2,112.8,2,3,1045,31.439273799,-85.61334229
2,105.6,2,3,1047,32.331531548,-87.10430639
2,110.4,2,3,1049,34.463295121,-85.80271953
2,109.9,2,3,1051,32.600389513,-86.1503325
2,121,2,3,1053,31.132445013,-87.16014727
2,123.7,2,3,1055,34.048500324,-86.03673021
2,81.7,2,3,1057,33.726026145,-87.737743
2,111.3,2,3,1059,34.444917689,-87.84261955
2,109.2,2,3,1061,31.100132066,-85.83410292
2,82.6,2,3,1063,32.859655768,-87.95161409
2,87.2,2,3,1065,32.769858477,-87.62710918
2,96.6,2,3,1067,31.530505586,-85.23988556
2,90.5,2,3,1069,31.16395229,-85.29562851
2,120.7,2,3,1071,34.784546109,-85.99527511
2,116.5,2,3,1073,33.557909236,-86.89670879
2,115.4,2,3,1075,33.783060364,-88.09452737
2,133.3,2,3,1077,34.906697921,-87.64884345
2,119.5,2,3,1079,34.526514813,-87.30890145
2,100.8,2,3,1081,32.606457684,-85.35622837
2,111,2,3,1083,34.816378957,-86.98018142
2,106.8,2,3,1085,32.160823035,-86.64943924
2,104.6,2,3,1087,32.393496494,-85.69087037
2,111.9,2,3,1089,34.765101058,-86.54728071
2,99.6,2,3,1091,32.25343815,-87.78787764
2,103.8,2,3,1093,34.140788148,-87.88494501
2,111.9,2,3,1095,34.371869975,-86.30279303
2,114.9,2,3,1097,30.800130855,-88.21002606
2,117.1,2,3,1099,31.577430134,-87.36154918
2,108.6,2,3,1101,32.228309329,-86.20712733
2,106.2,2,3,1103,34.457009568,-86.85168803
2,105.6,2,3,1105,32.639698633,-87.29261514
2,85.3,2,3,1107,33.286159321,-88.08890374
2,108.7,2,3,1109,31.811117142,-85.94119787
2,113.3,2,3,1111,33.300761278,-85.45789142
2,97.8,2,3,1113,32.295471895,-85.18139855
2,129.2,2,3,1115,33.716065391,-86.31496031
2,124.7,2,3,1117,33.272014566,-86.66122268
2,106.1,2,3,1119,32.590376042,-88.20038104
2,150.6,2,3,1121,33.385889164,-86.16549054
2,111.7,2,3,1123,32.869277891,-85.79606545
2,89.6,2,3,1125,33.297564763,-87.51989995
2,101.4,2,3,1127,33.810226394,-87.29707047
2,113.9,2,3,1129,31.412939714,-88.20591714
2,103.8,2,3,1131,31.997500978,-87.30835736
2,63.9,1,4,1003,30.743119793,-87.72479593
2,30.4,1,4,1049,34.463295121,-85.80271953
2,10.5,1,4,1073,33.557909236,-86.89670879
2,57.4,1,4,1089,34.765101058,-86.54728071
2,42.9,1,4,1095,34.371869975,-86.30279303
2,48.4,1,4,1097,30.800130855,-88.21002606
2,28.3,1,4,1103,34.457009568,-86.85168803
2,3.5,1,4,1117,33.272014566,-86.66122268
2,20.2,2,4,1003,30.743119793,-87.72479593
2,12.7,2,4,1073,33.557909236,-86.89670879
2,44.6,2,4,1089,34.765101058,-86.54728071
2,10.5,2,4,1095,34.371869975,-86.30279303
2,13.6,2,4,1097,30.800130855,-88.21002606
2,24.4,2,4,1117,33.272014566,-86.66122268
2,26.3,1,2,1073,33.557909236,-86.89670879
2,19.8,1,2,1089,34.765101058,-86.54728071
2,91.6,1,2,1097,30.800130855,-88.21002606
2,36.3,1,2,1101,32.228309329,-86.20712733
2,169.2,2,2,1073,33.557909236,-86.89670879
2,41.7,2,2,1089,34.765101058,-86.54728071
2,101.8,2,2,1097,30.800130855,-88.21002606
2,33.6,2,2,1101,32.228309329,-86.20712733
3,129.9,1,0,5001,34.291259213,-91.36786842
3,122.3,1,0,5003,33.194571712,-91.75966762
3,77.7,1,0,5005,36.283721265,-92.33264577
3,64.9,1,0,5007,36.336441602,-94.24892797
3,57.4,1,0,5009,36.306543758,-93.0865429
3,135.4,1,0,5011,33.471110469,-92.15162536
3,134.6,1,0,5013,33.562176819,-92.4946349
3,62.5,1,0,5015,36.337273493,-93.53260908
3,160.9,1,0,5017,33.272552888,-91.28800207
3,89.1,1,0,5019,34.057400268,-93.17149809
3,92.1,1,0,5021,36.365051396,-90.40903279
3,73.8,1,0,5023,35.539954182,-92.02308708
3,124.7,1,0,5025,33.90486426,-92.17715132
3,120.6,1,0,5027,33.216444572,-93.21637984
3,85.5,1,0,5029,35.266667029,-92.69571427
3,94,1,0,5031,35.835937434,-90.63526438
3,83.4,1,0,5033,35.591275319,-94.23894095
3,89.8,1,0,5035,35.212821887,-90.30310953
3,86.4,1,0,5037,35.294906519,-90.7693222
3,96.5,1,0,5039,33.976301214,-92.64957246
3,118.4,1,0,5041,33.83682196,-91.24537972
3,99.7,1,0,5043,33.589369905,-91.7101268
3,89.3,1,0,5045,35.151498916,-92.33146735
3,79,1,0,5047,35.514555142,-93.88599981
3,80.4,1,0,5049,36.378305293,-91.81892729
3,80,1,0,5051,34.580218603,-93.14398988
3,86.9,1,0,5053,34.292883717,-92.41743835
3,86,1,0,5055,36.123852865,-90.55722676
3,87.8,1,0,5057,33.738914208,-93.6611912
3,78.7,1,0,5059,34.323076014,-92.94002237
3,78.1,1,0,5061,34.090655794,-93.98834933
3,72.4,1,0,5063,35.742290883,-91.56710592
3,73.1,1,0,5065,36.094337929,-91.91093604
3,80.1,1,0,5067,35.601797861,-91.21385516
3,125.1,1,0,5069,34.272500662,-91.9252668
3,119.5,1,0,5071,35.57198701,-93.45218456
3,99.1,1,0,5073,33.244406225,-93.59941845
3,77.2,1,0,5075,36.045887438,-91.10940901
3,80.2,1,0,5077,34.784646617,-90.77660877
3,102.6,1,0,5079,33.956227956,-91.72365877
3,94.2,1,0,5081,33.703788173,-94.2239348
3,85.7,1,0,5083,35.219059633,-93.70869547
3,94,1,0,5085,34.757800432,-91.88645414
3,48.3,1,0,5087,36.012880671,-93.71836831
3,63.2,1,0,5089,36.26847927,-92.67906169
3,94.8,1,0,5091,33.315004922,-93.88641879
3,101.9,1,0,5093,35.76230671,-90.05250737
3,100.7,1,0,5095,34.67801172,-91.19694544
3,82.9,1,0,5097,34.544957008,-93.65207929
3,105.8,1,0,5099,33.668973615,-93.30094505
3,56.8,1,0,5101,35.922577491,-93.21121325
3,119.7,1,0,5103,33.600012069,-92.87641073
3,88.2,1,0,5105,34.949673518,-92.92599049
3,106.7,1,0,5107,34.437914396,-90.84274214
3,84.9,1,0,5109,34.167527815,-93.64929247
3,91.5,1,0,5111,35.575891278,-90.66429296
3,76.6,1,0,5113,34.490943055,-94.21912244
3,85,1,0,5115,35.451475848,-93.02658378
3,89.2,1,0,5117,34.835259759,-91.54845359
3,94,1,0,5119,34.774874267,-92.3083579
3,80.8,1,0,5121,36.340286184,-91.031562
3,81.4,1,0,5123,35.023393002,-90.74284427
3,86.6,1,0,5125,34.648837026,-92.66940324
3,92.4,1,0,5127,34.867676277,-94.05495267
3,66.7,1,0,5129,35.91541675,-92.69573898
3,97.9,1,0,5131,35.202419169,-94.27063335
3,81.5,1,0,5133,34.000312275,-94.23758226
3,71.9,1,0,5135,36.160174995,-91.48416579
3,68.4,1,0,5137,35.860845936,-92.15404408
3,126.9,1,0,5139,33.174029154,-92.58676045
3,81.6,1,0,5141,35.585411807,-92.5084085
3,25.3,1,0,5143,35.981958541,-94.20989023
3,79,1,0,5145,35.260677728,-91.7431975
3,80.8,1,0,5147,35.188636675,-91.23864219
3,87,1,0,5149,35.00586398,-93.40167591
3,92.6,2,0,5001,34.291259213,-91.36786842
3,95.1,2,0,5003,33.194571712,-91.75966762
3,79.6,2,0,5005,36.283721265,-92.33264577
3,61.6,2,0,5007,36.336441602,-94.24892797
3,71.3,2,0,5009,36.306543758,-93.0865429
3,99.6,2,0,5011,33.471110469,-92.15162536
3,111.8,2,0,5013,33.562176819,-92.4946349
3,66.7,2,0,5015,36.337273493,-93.53260908
3,105.1,2,0,5017,33.272552888,-91.28800207
3,83.3,2,0,5019,34.057400268,-93.17149809
3,92.6,2,0,5021,36.365051396,-90.40903279
3,80.8,2,0,5023,35.539954182,-92.02308708
3,100.2,2,0,5025,33.90486426,-92.17715132
3,104.1,2,0,5027,33.216444572,-93.21637984
3,89.5,2,0,5029,35.266667029,-92.69571427
3,77.8,2,0,5031,35.835937434,-90.63526438
3,73,2,0,5033,35.591275319,-94.23894095
3,77.4,2,0,5035,35.212821887,-90.30310953
3,74,2,0,5037,35.294906519,-90.7693222
3,97.7,2,0,5039,33.976301214,-92.64957246
3,94.9,2,0,5041,33.83682196,-91.24537972
3,95.5,2,0,5043,33.589369905,-91.7101268
3,85.2,2,0,5045,35.151498916,-92.33146735
3,88.6,2,0,5047,35.514555142,-93.88599981
3,75.1,2,0,5049,36.378305293,-91.81892729
3,78.5,2,0,5051,34.580218603,-93.14398988
3,90.4,2,0,5053,34.292883717,-92.41743835
3,85.2,2,0,5055,36.123852865,-90.55722676
3,101.9,2,0,5057,33.738914208,-93.6611912
3,77.8,2,0,5059,34.323076014,-92.94002237
3,90.7,2,0,5061,34.090655794,-93.98834933
3,71.8,2,0,5063,35.742290883,-91.56710592
3,67.7,2,0,5065,36.094337929,-91.91093604
3,79.2,2,0,5067,35.601797861,-91.21385516
3,88.1,2,0,5069,34.272500662,-91.9252668
3,79.7,2,0,5071,35.57198701,-93.45218456
3,94.1,2,0,5073,33.244406225,-93.59941845
3,79.8,2,0,5075,36.045887438,-91.10940901
3,70.2,2,0,5077,34.784646617,-90.77660877
3,96.6,2,0,5079,33.956227956,-91.72365877
3,104.7,2,0,5081,33.703788173,-94.2239348
3,90.4,2,0,5083,35.219059633,-93.70869547
3,86.6,2,0,5085,34.757800432,-91.88645414
3,37.2,2,0,5087,36.012880671,-93.71836831
3,93.8,2,0,5089,36.26847927,-92.67906169
3,97.2,2,0,5091,33.315004922,-93.88641879
3,80.8,2,0,5093,35.76230671,-90.05250737
3,76.7,2,0,5095,34.67801172,-91.19694544
3,83.2,2,0,5097,34.544957008,-93.65207929
3,97.4,2,0,5099,33.668973615,-93.30094505
3,67.4,2,0,5101,35.922577491,-93.21121325
3,99.2,2,0,5103,33.600012069,-92.87641073
3,82.9,2,0,5105,34.949673518,-92.92599049
3,97.3,2,0,5107,34.437914396,-90.84274214
3,90.8,2,0,5109,34.167527815,-93.64929247
3,72.6,2,0,5111,35.575891278,-90.66429296
3,89.1,2,0,5113,34.490943055,-94.21912244
3,80.6,2,0,5115,35.451475848,-93.02658378
3,89.8,2,0,5117,34.835259759,-91.54845359
3,81.7,2,0,5119,34.774874267,-92.3083579
3,83.5,2,0,5121,36.340286184,-91.031562
3,71.7,2,0,5123,35.023393002,-90.74284427
3,67.6,2,0,5125,34.648837026,-92.66940324
3,94.4,2,0,5127,34.867676277,-94.05495267
3,72.7,2,0,5129,35.91541675,-92.69573898
3,91.9,2,0,5131,35.202419169,-94.27063335
3,93.4,2,0,5133,34.000312275,-94.23758226
3,72.4,2,0,5135,36.160174995,-91.48416579
3,67.8,2,0,5137,35.860845936,-92.15404408
3,107.4,2,0,5139,33.174029154,-92.58676045
3,82.7,2,0,5141,35.585411807,-92.5084085
3,24.3,2,0,5143,35.981958541,-94.20989023
3,86.7,2,0,5145,35.260677728,-91.7431975
3,82.8,2,0,5147,35.188636675,-91.23864219
3,84.4,2,0,5149,35.00586398,-93.40167591
3,105.9,1,5,5001,34.291259213,-91.36786842
3,108.1,1,5,5003,33.194571712,-91.75966762
3,79.1,1,5,5005,36.283721265,-92.33264577
3,64.3,1,5,5007,36.336441602,-94.24892797
3,55.1,1,5,5009,36.306543758,-93.0865429
3,140.2,1,5,5011,33.471110469,-92.15162536
3,132.7,1,5,5013,33.562176819,-92.4946349
3,61.4,1,5,5015,36.337273493,-93.53260908
3,90.9,1,5,5017,33.272552888,-91.28800207
3,80.1,1,5,5019,34.057400268,-93.17149809
3,92.1,1,5,5021,36.365051396,-90.40903279
3,73.7,1,5,5023,35.539954182,-92.02308708
3,110.4,1,5,5025,33.90486426,-92.17715132
3,103.1,1,5,5027,33.216444572,-93.21637984
3,85.6,1,5,5029,35.266667029,-92.69571427
3,88.7,1,5,5031,35.835937434,-90.63526438
3,86.7,1,5,5033,35.591275319,-94.23894095
3,71.6,1,5,5035,35.212821887,-90.30310953
3,81.5,1,5,5037,35.294906519,-90.7693222
3,89.3,1,5,5039,33.976301214,-92.64957246
3,102,1,5,5041,33.83682196,-91.24537972
3,104.8,1,5,5043,33.589369905,-91.7101268
3,80.7,1,5,5045,35.151498916,-92.33146735
3,81.6,1,5,5047,35.514555142,-93.88599981
3,82.6,1,5,5049,36.378305293,-91.81892729
3,81,1,5,5051,34.580218603,-93.14398988
3,77.2,1,5,5053,34.292883717,-92.41743835
3,83.5,1,5,5055,36.123852865,-90.55722676
3,88.9,1,5,5057,33.738914208,-93.6611912
3,77.2,1,5,5059,34.323076014,-92.94002237
3,75.4,1,5,5061,34.090655794,-93.98834933
3,74,1,5,5063,35.742290883,-91.56710592
3,75,1,5,5065,36.094337929,-91.91093604
3,78,1,5,5067,35.601797861,-91.21385516
3,95.2,1,5,5069,34.272500662,-91.9252668
3,121.1,1,5,5071,35.57198701,-93.45218456
3,78.5,1,5,5073,33.244406225,-93.59941845
3,74.8,1,5,5075,36.045887438,-91.10940901
3,73.1,1,5,5077,34.784646617,-90.77660877
3,112,1,5,5079,33.956227956,-91.72365877
3,89.7,1,5,5081,33.703788173,-94.2239348
3,89.7,1,5,5083,35.219059633,-93.70869547
3,88,1,5,5085,34.757800432,-91.88645414
3,49.4,1,5,5087,36.012880671,-93.71836831
3,62.7,1,5,5089,36.26847927,-92.67906169
3,89.1,1,5,5091,33.315004922,-93.88641879
3,80.8,1,5,5093,35.76230671,-90.05250737
3,106,1,5,5095,34.67801172,-91.19694544
3,84.2,1,5,5097,34.544957008,-93.65207929
3,93.9,1,5,5099,33.668973615,-93.30094505
3,56.9,1,5,5101,35.922577491,-93.21121325
3,103,1,5,5103,33.600012069,-92.87641073
3,80.2,1,5,5105,34.949673518,-92.92599049
3,104.9,1,5,5107,34.437914396,-90.84274214
3,82,1,5,5109,34.167527815,-93.64929247
3,82.6,1,5,5111,35.575891278,-90.66429296
3,74.1,1,5,5113,34.490943055,-94.21912244
3,87.8,1,5,5115,35.451475848,-93.02658378
3,88,1,5,5117,34.835259759,-91.54845359
3,78.9,1,5,5119,34.774874267,-92.3083579
3,83,1,5,5121,36.340286184,-91.031562
3,72.4,1,5,5123,35.023393002,-90.74284427
3,77.2,1,5,5125,34.648837026,-92.66940324
3,91.9,1,5,5127,34.867676277,-94.05495267
3,67.7,1,5,5129,35.91541675,-92.69573898
3,100.9,1,5,5131,35.202419169,-94.27063335
3,82.3,1,5,5133,34.000312275,-94.23758226
3,73.6,1,5,5135,36.160174995,-91.48416579
3,70.1,1,5,5137,35.860845936,-92.15404408
3,111.6,1,5,5139,33.174029154,-92.58676045
3,81.1,1,5,5141,35.585411807,-92.5084085
3,24.4,1,5,5143,35.981958541,-94.20989023
3,78.1,1,5,5145,35.260677728,-91.7431975
3,78.3,1,5,5147,35.188636675,-91.23864219
3,90.1,1,5,5149,35.00586398,-93.40167591
3,91.2,2,5,5001,34.291259213,-91.36786842
3,98.5,2,5,5003,33.194571712,-91.75966762
3,79.7,2,5,5005,36.283721265,-92.33264577
3,61.9,2,5,5007,36.336441602,-94.24892797
3,67.5,2,5,5009,36.306543758,-93.0865429
3,101,2,5,5011,33.471110469,-92.15162536
3,104,2,5,5013,33.562176819,-92.4946349
3,66.7,2,5,5015,36.337273493,-93.53260908
3,98.5,2,5,5017,33.272552888,-91.28800207
3,75,2,5,5019,34.057400268,-93.17149809
3,93.4,2,5,5021,36.365051396,-90.40903279
3,81.5,2,5,5023,35.539954182,-92.02308708
3,102.2,2,5,5025,33.90486426,-92.17715132
3,102.8,2,5,5027,33.216444572,-93.21637984
3,90.7,2,5,5029,35.266667029,-92.69571427
3,77.9,2,5,5031,35.835937434,-90.63526438
3,72,2,5,5033,35.591275319,-94.23894095
3,70.7,2,5,5035,35.212821887,-90.30310953
3,62.3,2,5,5037,35.294906519,-90.7693222
3,92.7,2,5,5039,33.976301214,-92.64957246
3,79,2,5,5041,33.83682196,-91.24537972
3,86.5,2,5,5043,33.589369905,-91.7101268
3,84.1,2,5,5045,35.151498916,-92.33146735
3,88,2,5,5047,35.514555142,-93.88599981
3,76.1,2,5,5049,36.378305293,-91.81892729
3,74.8,2,5,5051,34.580218603,-93.14398988
3,88.7,2,5,5053,34.292883717,-92.41743835
3,86.2,2,5,5055,36.123852865,-90.55722676
3,102.2,2,5,5057,33.738914208,-93.6611912
3,74,2,5,5059,34.323076014,-92.94002237
3,88.2,2,5,5061,34.090655794,-93.98834933
3,73.1,2,5,5063,35.742290883,-91.56710592
3,68.7,2,5,5065,36.094337929,-91.91093604
3,76.9,2,5,5067,35.601797861,-91.21385516
3,88.9,2,5,5069,34.272500662,-91.9252668
3,84,2,5,5071,35.57198701,-93.45218456
3,99.5,2,5,5073,33.244406225,-93.59941845
3,81.2,2,5,5075,36.045887438,-91.10940901
3,58,2,5,5077,34.784646617,-90.77660877
3,96.7,2,5,5079,33.956227956,-91.72365877
3,103.9,2,5,5081,33.703788173,-94.2239348
3,90.6,2,5,5083,35.219059633,-93.70869547
3,84.8,2,5,5085,34.757800432,-91.88645414
3,37.9,2,5,5087,36.012880671,-93.71836831
3,99,2,5,5089,36.26847927,-92.67906169
3,93.8,2,5,5091,33.315004922,-93.88641879
3,73.4,2,5,5093,35.76230671,-90.05250737
3,70.7,2,5,5095,34.67801172,-91.19694544
3,80.7,2,5,5097,34.544957008,-93.65207929
3,95.9,2,5,5099,33.668973615,-93.30094505
3,66.2,2,5,5101,35.922577491,-93.21121325
3,93,2,5,5103,33.600012069,-92.87641073
3,81.9,2,5,5105,34.949673518,-92.92599049
3,87.8,2,5,5107,34.437914396,-90.84274214
3,87.7,2,5,5109,34.167527815,-93.64929247
3,69.3,2,5,5111,35.575891278,-90.66429296
3,87,2,5,5113,34.490943055,-94.21912244
3,83.4,2,5,5115,35.451475848,-93.02658378
3,88.8,2,5,5117,34.835259759,-91.54845359
3,76.8,2,5,5119,34.774874267,-92.3083579
3,84.5,2,5,5121,36.340286184,-91.031562
3,53.5,2,5,5123,35.023393002,-90.74284427
3,67.2,2,5,5125,34.648837026,-92.66940324
3,94.7,2,5,5127,34.867676277,-94.05495267
3,72.1,2,5,5129,35.91541675,-92.69573898
3,92.1,2,5,5131,35.202419169,-94.27063335
3,89.8,2,5,5133,34.000312275,-94.23758226
3,74,2,5,5135,36.160174995,-91.48416579
3,68.8,2,5,5137,35.860845936,-92.15404408
3,97.6,2,5,5139,33.174029154,-92.58676045
3,83.3,2,5,5141,35.585411807,-92.5084085
3,21.6,2,5,5143,35.981958541,-94.20989023
3,87.1,2,5,5145,35.260677728,-91.7431975
3,77.1,2,5,5147,35.188636675,-91.23864219
3,85.2,2,5,5149,35.00586398,-93.40167591
3,137.3,1,3,5001,34.291259213,-91.36786842
3,201.4,1,3,5003,33.194571712,-91.75966762
3,179.4,1,3,5011,33.471110469,-92.15162536
3,188.1,1,3,5013,33.562176819,-92.4946349
3,256.3,1,3,5017,33.272552888,-91.28800207
3,142.5,1,3,5019,34.057400268,-93.17149809
3,160.5,1,3,5025,33.90486426,-92.17715132
3,173.8,1,3,5027,33.216444572,-93.21637984
3,183.8,1,3,5031,35.835937434,-90.63526438
3,124.7,1,3,5035,35.212821887,-90.30310953
3,128.8,1,3,5037,35.294906519,-90.7693222
3,140.4,1,3,5039,33.976301214,-92.64957246
3,131.5,1,3,5041,33.83682196,-91.24537972
3,115.9,1,3,5043,33.589369905,-91.7101268
3,143.3,1,3,5045,35.151498916,-92.33146735
3,65.2,1,3,5051,34.580218603,-93.14398988
3,153.1,1,3,5053,34.292883717,-92.41743835
3,137.9,1,3,5057,33.738914208,-93.6611912
3,92.5,1,3,5059,34.323076014,-92.94002237
3,154.2,1,3,5069,34.272500662,-91.9252668
3,159.1,1,3,5073,33.244406225,-93.59941845
3,98.6,1,3,5077,34.784646617,-90.77660877
3,134.7,1,3,5079,33.956227956,-91.72365877
3,143.5,1,3,5081,33.703788173,-94.2239348
3,151.5,1,3,5085,34.757800432,-91.88645414
3,132.3,1,3,5091,33.315004922,-93.88641879
3,150.5,1,3,5093,35.76230671,-90.05250737
3,123.5,1,3,5095,34.67801172,-91.19694544
3,150.3,1,3,5099,33.668973615,-93.30094505
3,175.5,1,3,5103,33.600012069,-92.87641073
3,139.4,1,3,5105,34.949673518,-92.92599049
3,116.1,1,3,5107,34.437914396,-90.84274214
3,160.6,1,3,5111,35.575891278,-90.66429296
3,148.8,1,3,5119,34.774874267,-92.3083579
3,112.2,1,3,5123,35.023393002,-90.74284427
3,135.6,1,3,5125,34.648837026,-92.66940324
3,109.3,1,3,5131,35.202419169,-94.27063335
3,207,1,3,5139,33.174029154,-92.58676045
3,133.9,1,3,5147,35.188636675,-91.23864219
3,95.4,2,3,5001,34.291259213,-91.36786842
3,123.1,2,3,5003,33.194571712,-91.75966762
3,109.2,2,3,5011,33.471110469,-92.15162536
3,131.2,2,3,5013,33.562176819,-92.4946349
3,140,2,3,5017,33.272552888,-91.28800207
3,122,2,3,5019,34.057400268,-93.17149809
3,93.5,2,3,5025,33.90486426,-92.17715132
3,112.9,2,3,5027,33.216444572,-93.21637984
3,92.5,2,3,5031,35.835937434,-90.63526438
3,94,2,3,5035,35.212821887,-90.30310953
3,152.6,2,3,5037,35.294906519,-90.7693222
3,125.7,2,3,5039,33.976301214,-92.64957246
3,135.9,2,3,5041,33.83682196,-91.24537972
3,96.7,2,3,5043,33.589369905,-91.7101268
3,98.9,2,3,5045,35.151498916,-92.33146735
3,96.1,2,3,5051,34.580218603,-93.14398988
3,98.1,2,3,5053,34.292883717,-92.41743835
3,121.7,2,3,5057,33.738914208,-93.6611912
3,102.7,2,3,5059,34.323076014,-92.94002237
3,139.9,2,3,5067,35.601797861,-91.21385516
3,97.6,2,3,5069,34.272500662,-91.9252668
3,110.9,2,3,5073,33.244406225,-93.59941845
3,67,2,3,5077,34.784646617,-90.77660877
3,104.1,2,3,5079,33.956227956,-91.72365877
3,136,2,3,5081,33.703788173,-94.2239348
3,97.9,2,3,5085,34.757800432,-91.88645414
3,113.9,2,3,5091,33.315004922,-93.88641879
3,108.5,2,3,5093,35.76230671,-90.05250737
3,88.2,2,3,5095,34.67801172,-91.19694544
3,110,2,3,5099,33.668973615,-93.30094505
3,114.6,2,3,5103,33.600012069,-92.87641073
3,97,2,3,5105,34.949673518,-92.92599049
3,90,2,3,5107,34.437914396,-90.84274214
3,114.7,2,3,5109,34.167527815,-93.64929247
3,115.8,2,3,5111,35.575891278,-90.66429296
3,96.5,2,3,5119,34.774874267,-92.3083579
3,117.2,2,3,5123,35.023393002,-90.74284427
3,99.3,2,3,5125,34.648837026,-92.66940324
3,122.5,2,3,5131,35.202419169,-94.27063335
3,134.4,2,3,5139,33.174029154,-92.58676045
3,130.7,2,3,5147,35.188636675,-91.23864219
3,69.7,1,4,5007,36.336441602,-94.24892797
3,62.6,1,4,5119,34.774874267,-92.3083579
3,47.3,1,4,5131,35.202419169,-94.27063335
3,24,1,4,5143,35.981958541,-94.20989023
3,75.3,2,4,5007,36.336441602,-94.24892797
3,35.8,2,4,5119,34.774874267,-92.3083579
3,40.6,2,4,5131,35.202419169,-94.27063335
3,61.4,2,4,5143,35.981958541,-94.20989023
3,64.1,1,2,5007,36.336441602,-94.24892797
3,104.7,1,2,5119,34.774874267,-92.3083579
3,67.2,1,2,5143,35.981958541,-94.20989023
3,42.7,2,2,5007,36.336441602,-94.24892797
3,38.9,2,2,5119,34.774874267,-92.3083579
3,154.3,2,2,5131,35.202419169,-94.27063335
3,44,2,2,5143,35.981958541,-94.20989023
4,62.8,1,0,60000,-14.30175426,-170.7194738
4,31.4,2,0,60000,-14.30175426,-170.7194738
5,74.2,1,0,4001,35.394866364,-109.4868697
5,61.9,1,0,4003,31.890357726,-109.7507191
5,50.3,1,0,4005,35.841450709,-111.759932
5,58.2,1,0,4007,33.805894735,-110.8073914
5,64.9,1,0,4009,32.940966703,-109.88883
5,62.8,1,0,4011,33.227090509,-109.2436371
5,58.4,1,0,4012,33.733410251,-113.9782551
5,58.7,1,0,4013,33.359636828,-112.4884936
5,68.6,1,0,4015,35.704263726,-113.7496182
5,85.1,1,0,4017,35.401640412,-110.3141433
5,60.1,1,0,4019,32.104762961,-111.7908852
5,49.6,1,0,4021,32.914283769,-111.3483757
5,61.1,1,0,4023,31.529969244,-110.8461304
5,58.5,1,0,4025,34.607194891,-112.5465175
5,59.1,1,0,4027,32.773685739,-113.9096039
5,68.4,2,0,4001,35.394866364,-109.4868697
5,66,2,0,4003,31.890357726,-109.7507191
5,64.3,2,0,4005,35.841450709,-111.759932
5,58.1,2,0,4007,33.805894735,-110.8073914
5,64.1,2,0,4009,32.940966703,-109.88883
5,68.5,2,0,4011,33.227090509,-109.2436371
5,60.6,2,0,4012,33.733410251,-113.9782551
5,58.3,2,0,4013,33.359636828,-112.4884936
5,69.4,2,0,4015,35.704263726,-113.7496182
5,67.4,2,0,4017,35.401640412,-110.3141433
5,64,2,0,4019,32.104762961,-111.7908852
5,52.1,2,0,4021,32.914283769,-111.3483757
5,66,2,0,4023,31.529969244,-110.8461304
5,59.1,2,0,4025,34.607194891,-112.5465175
5,57.5,2,0,4027,32.773685739,-113.9096039
5,75.4,1,5,4001,35.394866364,-109.4868697
5,59.2,1,5,4003,31.890357726,-109.7507191
5,44.1,1,5,4005,35.841450709,-111.759932
5,53.8,1,5,4007,33.805894735,-110.8073914
5,61.5,1,5,4009,32.940966703,-109.88883
5,65.8,1,5,4011,33.227090509,-109.2436371
5,58.3,1,5,4012,33.733410251,-113.9782551
5,55.3,1,5,4013,33.359636828,-112.4884936
5,67.4,1,5,4015,35.704263726,-113.7496182
5,87.8,1,5,4017,35.401640412,-110.3141433
5,56.5,1,5,4019,32.104762961,-111.7908852
5,50.3,1,5,4021,32.914283769,-111.3483757
5,58.4,1,5,4023,31.529969244,-110.8461304
5,56.4,1,5,4025,34.607194891,-112.5465175
5,55.9,1,5,4027,32.773685739,-113.9096039
5,70.3,2,5,4001,35.394866364,-109.4868697
5,64.8,2,5,4003,31.890357726,-109.7507191
5,66.1,2,5,4005,35.841450709,-111.759932
5,57.6,2,5,4007,33.805894735,-110.8073914
5,63.9,2,5,4009,32.940966703,-109.88883
5,76.4,2,5,4011,33.227090509,-109.2436371
5,59.9,2,5,4012,33.733410251,-113.9782551
5,57.3,2,5,4013,33.359636828,-112.4884936
5,68.8,2,5,4015,35.704263726,-113.7496182
5,72.1,2,5,4017,35.401640412,-110.3141433
5,61.2,2,5,4019,32.104762961,-111.7908852
5,53.2,2,5,4021,32.914283769,-111.3483757
5,64.4,2,5,4023,31.529969244,-110.8461304
5,59,2,5,4025,34.607194891,-112.5465175
5,57.8,2,5,4027,32.773685739,-113.9096039
5,83.6,1,3,4007,33.805894735,-110.8073914
5,56.2,1,3,4009,32.940966703,-109.88883
5,100.6,1,3,4012,33.733410251,-113.9782551
5,80.5,1,3,4013,33.359636828,-112.4884936
5,124.2,1,3,4015,35.704263726,-113.7496182
5,79.8,1,3,4019,32.104762961,-111.7908852
5,81.1,1,3,4021,32.914283769,-111.3483757
5,86.8,1,3,4025,34.607194891,-112.5465175
5,84.2,1,3,4027,32.773685739,-113.9096039
5,101.8,2,3,4003,31.890357726,-109.7507191
5,72.7,2,3,4007,33.805894735,-110.8073914
5,82.2,2,3,4009,32.940966703,-109.88883
5,93.5,2,3,4012,33.733410251,-113.9782551
5,76.4,2,3,4013,33.359636828,-112.4884936
5,108.3,2,3,4015,35.704263726,-113.7496182
5,87.4,2,3,4019,32.104762961,-111.7908852
5,77.9,2,3,4021,32.914283769,-111.3483757
5,107.2,2,3,4023,31.529969244,-110.8461304
5,73.7,2,3,4025,34.607194891,-112.5465175
5,79,2,3,4027,32.773685739,-113.9096039
5,60.1,1,4,4001,35.394866364,-109.4868697
5,74.8,1,4,4003,31.890357726,-109.7507191
5,73.8,1,4,4005,35.841450709,-111.759932
5,69,1,4,4007,33.805894735,-110.8073914
5,68.1,1,4,4009,32.940966703,-109.88883
5,65.9,1,4,4011,33.227090509,-109.2436371
5,70.6,1,4,4012,33.733410251,-113.9782551
5,70,1,4,4013,33.359636828,-112.4884936
5,69.9,1,4,4015,35.704263726,-113.7496182
5,79.7,1,4,4017,35.401640412,-110.3141433
5,71.4,1,4,4019,32.104762961,-111.7908852
5,62.4,1,4,4021,32.914283769,-111.3483757
5,75.4,1,4,4023,31.529969244,-110.8461304
5,70.3,1,4,4025,34.607194891,-112.5465175
5,71,1,4,4027,32.773685739,-113.9096039
5,61.8,2,4,4001,35.394866364,-109.4868697
5,70.4,2,4,4003,31.890357726,-109.7507191
5,48.8,2,4,4005,35.841450709,-111.759932
5,58.6,2,4,4007,33.805894735,-110.8073914
5,66.5,2,4,4009,32.940966703,-109.88883
5,49.7,2,4,4011,33.227090509,-109.2436371
5,63,2,4,4012,33.733410251,-113.9782551
5,60.2,2,4,4013,33.359636828,-112.4884936
5,58.2,2,4,4015,35.704263726,-113.7496182
5,46.9,2,4,4017,35.401640412,-110.3141433
5,62.3,2,4,4019,32.104762961,-111.7908852
5,60.8,2,4,4021,32.914283769,-111.3483757
5,70.8,2,4,4023,31.529969244,-110.8461304
5,58.6,2,4,4025,34.607194891,-112.5465175
5,60.4,2,4,4027,32.773685739,-113.9096039
5,54.7,1,2,4007,33.805894735,-110.8073914
5,65.1,1,2,4012,33.733410251,-113.9782551
5,52.3,1,2,4013,33.359636828,-112.4884936
5,70.8,1,2,4015,35.704263726,-113.7496182
5,51.6,1,2,4019,32.104762961,-111.7908852
5,52.7,1,2,4021,32.914283769,-111.3483757
5,53.2,1,2,4025,34.607194891,-112.5465175
5,49.7,1,2,4027,32.773685739,-113.9096039
5,42.9,2,2,4007,33.805894735,-110.8073914
5,49.6,2,2,4012,33.733410251,-113.9782551
5,42.7,2,2,4013,33.359636828,-112.4884936
5,60,2,2,4015,35.704263726,-113.7496182
5,43.4,2,2,4019,32.104762961,-111.7908852
5,43.3,2,2,4021,32.914283769,-111.3483757
5,40.1,2,2,4025,34.607194891,-112.5465175
5,44.6,2,2,4027,32.773685739,-113.9096039
5,81.6,1,1,4001,35.394866364,-109.4868697
5,86.9,1,1,4005,35.841450709,-111.759932
5,88.2,1,1,4007,33.805894735,-110.8073914
5,68.6,1,1,4009,32.940966703,-109.88883
5,59.9,1,1,4012,33.733410251,-113.9782551
5,51.7,1,1,4013,33.359636828,-112.4884936
5,54.9,1,1,4015,35.704263726,-113.7496182
5,89.7,1,1,4017,35.401640412,-110.3141433
5,48,1,1,4019,32.104762961,-111.7908852
5,44.7,1,1,4021,32.914283769,-111.3483757
5,60.8,1,1,4025,34.607194891,-112.5465175
5,49.4,1,1,4027,32.773685739,-113.9096039
5,67.7,2,1,4001,35.394866364,-109.4868697
5,61.8,2,1,4005,35.841450709,-111.759932
5,57.3,2,1,4007,33.805894735,-110.8073914
5,66.1,2,1,4009,32.940966703,-109.88883
5,71.1,2,1,4011,33.227090509,-109.2436371
5,58.1,2,1,4012,33.733410251,-113.9782551
5,60.1,2,1,4013,33.359636828,-112.4884936
5,61,2,1,4015,35.704263726,-113.7496182
5,63.2,2,1,4017,35.401640412,-110.3141433
5,95.9,2,1,4019,32.104762961,-111.7908852
5,53.8,2,1,4021,32.914283769,-111.3483757
5,62.8,2,1,4025,34.607194891,-112.5465175
5,64.5,2,1,4027,32.773685739,-113.9096039
6,81.2,1,0,6001,37.642753818,-121.8775366
6,58.6,1,0,6003,38.594482709,-119.8169696
6,73.9,1,0,6005,38.442106702,-120.6446715
6,86.2,1,0,6007,39.662149772,-121.5929039
6,69.3,1,0,6009,38.201655431,-120.5447212
6,84.6,1,0,6011,39.179136841,-122.2328096
6,85,1,0,6013,37.913225034,-121.9118696
6,106.8,1,0,6015,41.740048676,-123.890022
6,61.2,1,0,6017,38.775206297,-120.5175223
6,90.5,1,0,6019,36.754296703,-119.641139
6,78.9,1,0,6021,39.597036054,-122.3825248
6,147.6,1,0,6023,40.698998284,-123.8637213
6,70,1,0,6025,33.039838029,-115.3663522
6,76.1,1,0,6027,36.508506156,-117.4064861
6,77.5,1,0,6029,35.345271442,-118.7305113
6,76.1,1,0,6031,36.078519081,-119.803373
6,72,1,0,6033,39.098129118,-122.746033
6,71.2,1,0,6035,40.669358114,-120.5898736
6,69.4,1,0,6037,34.322099482,-118.2225598
6,73.6,1,0,6039,37.21298745,-119.7460694
6,52.1,1,0,6041,38.073054486,-122.7202011
6,78.5,1,0,6043,37.575745088,-119.8981354
6,71.9,1,0,6045,39.437181089,-123.3787527
6,80.7,1,0,6047,37.187026463,-120.7044101
6,74.8,1,0,6049,41.58434456,-120.7206443
6,71.4,1,0,6051,37.933112503,-118.8836474
6,63.7,1,0,6053,36.21776001,-121.2285748
6,67.7,1,0,6055,38.507774224,-122.3274117
6,71.1,1,0,6057,39.296546085,-120.7594556
6,72.6,1,0,6059,33.703985123,-117.7566693
6,72,1,0,6061,39.060267873,-120.7101907
6,67.1,1,0,6063,40.002120628,-120.8386478
6,68.6,1,0,6065,33.744374763,-115.9941376
6,88,1,0,6067,38.465506578,-121.3184265
6,73.3,1,0,6069,36.605841241,-121.061087
6,83.8,1,0,6071,34.843872591,-116.1759926
6,75.9,1,0,6073,33.036193658,-116.7386948
6,61.9,1,0,6075,37.746700256,-122.4301026
6,97.6,1,0,6077,37.934684454,-121.2628075
6,95.3,1,0,6079,35.388837572,-120.4001413
6,62,1,0,6081,37.424398447,-122.3221847
6,66.4,1,0,6083,34.671971443,-120.0128358
6,61.7,1,0,6085,37.227319166,-121.6833781
6,61.7,1,0,6087,37.054714207,-121.9847782
6,72.3,1,0,6089,40.758401377,-122.0363525
6,69.8,1,0,6091,39.577703488,-120.505323
6,85.7,1,0,6093,41.588407249,-122.5364982
6,92.5,1,0,6095,38.289109691,-121.9126891
6,61.1,1,0,6097,38.528152516,-122.8878053
6,84.5,1,0,6099,37.55507903,-120.9908905
6,85,1,0,6101,39.033610224,-121.6882005
6,65.5,1,0,6103,40.119855412,-122.2248324
6,78.8,1,0,6105,40.647540812,-123.1040176
6,86.7,1,0,6107,36.220677241,-118.793141
6,67.4,1,0,6109,38.024700324,-119.9474287
6,71.2,1,0,6111,34.472179871,-119.0761089
6,84.7,1,0,6113,38.686941022,-121.8973701
6,78.4,1,0,6115,39.267272227,-121.3410525
6,76.1,2,0,6001,37.642753818,-121.8775366
6,88.7,2,0,6003,38.594482709,-119.8169696
6,73.6,2,0,6005,38.442106702,-120.6446715
6,81.1,2,0,6007,39.662149772,-121.5929039
6,72.3,2,0,6009,38.201655431,-120.5447212
6,73.7,2,0,6011,39.179136841,-122.2328096
6,80.5,2,0,6013,37.913225034,-121.9118696
6,79.1,2,0,6015,41.740048676,-123.890022
6,55.7,2,0,6017,38.775206297,-120.5175223
6,76.4,2,0,6019,36.754296703,-119.641139
6,78.9,2,0,6021,39.597036054,-122.3825248
6,175.4,2,0,6023,40.698998284,-123.8637213
6,62.7,2,0,6025,33.039838029,-115.3663522
6,73.8,2,0,6027,36.508506156,-117.4064861
6,68.5,2,0,6029,35.345271442,-118.7305113
6,78.4,2,0,6031,36.078519081,-119.803373
6,69,2,0,6033,39.098129118,-122.746033
6,74.3,2,0,6035,40.669358114,-120.5898736
6,62.2,2,0,6037,34.322099482,-118.2225598
6,71.5,2,0,6039,37.21298745,-119.7460694
6,45.9,2,0,6041,38.073054486,-122.7202011
6,71.9,2,0,6043,37.575745088,-119.8981354
6,63.8,2,0,6045,39.437181089,-123.3787527
6,69.4,2,0,6047,37.187026463,-120.7044101
6,76.3,2,0,6049,41.58434456,-120.7206443
6,62.2,2,0,6051,37.933112503,-118.8836474
6,60.1,2,0,6053,36.21776001,-121.2285748
6,64.9,2,0,6055,38.507774224,-122.3274117
6,68.9,2,0,6057,39.296546085,-120.7594556
6,72.5,2,0,6059,33.703985123,-117.7566693
6,71.8,2,0,6061,39.060267873,-120.7101907
6,74.9,2,0,6063,40.002120628,-120.8386478
6,70.6,2,0,6065,33.744374763,-115.9941376
6,79.2,2,0,6067,38.465506578,-121.3184265
6,65,2,0,6069,36.605841241,-121.061087
6,74.3,2,0,6071,34.843872591,-116.1759926
6,75.7,2,0,6073,33.036193658,-116.7386948
6,63.9,2,0,6075,37.746700256,-122.4301026
6,97.9,2,0,6077,37.934684454,-121.2628075
6,108,2,0,6079,35.388837572,-120.4001413
6,56.9,2,0,6081,37.424398447,-122.3221847
6,62.4,2,0,6083,34.671971443,-120.0128358
6,57.4,2,0,6085,37.227319166,-121.6833781
6,56.8,2,0,6087,37.054714207,-121.9847782
6,68.2,2,0,6089,40.758401377,-122.0363525
6,76.6,2,0,6091,39.577703488,-120.505323
6,71,2,0,6093,41.588407249,-122.5364982
6,81,2,0,6095,38.289109691,-121.9126891
6,70.6,2,0,6097,38.528152516,-122.8878053
6,75.1,2,0,6099,37.55507903,-120.9908905
6,86.6,2,0,6101,39.033610224,-121.6882005
6,72.1,2,0,6103,40.119855412,-122.2248324
6,83.1,2,0,6105,40.647540812,-123.1040176
6,80.6,2,0,6107,36.220677241,-118.793141
6,66.1,2,0,6109,38.024700324,-119.9474287
6,63.5,2,0,6111,34.472179871,-119.0761089
6,68,2,0,6113,38.686941022,-121.8973701
6,87.5,2,0,6115,39.267272227,-121.3410525
6,80.2,1,5,6001,37.642753818,-121.8775366
6,56.8,1,5,6003,38.594482709,-119.8169696
6,68.2,1,5,6005,38.442106702,-120.6446715
6,85.9,1,5,6007,39.662149772,-121.5929039
6,68.1,1,5,6009,38.201655431,-120.5447212
6,90.1,1,5,6011,39.179136841,-122.2328096
6,82.2,1,5,6013,37.913225034,-121.9118696
6,111.2,1,5,6015,41.740048676,-123.890022
6,61.6,1,5,6017,38.775206297,-120.5175223
6,83.4,1,5,6019,36.754296703,-119.641139
6,81.7,1,5,6021,39.597036054,-122.3825248
6,144.2,1,5,6023,40.698998284,-123.8637213
6,69.2,1,5,6025,33.039838029,-115.3663522
6,73.1,1,5,6027,36.508506156,-117.4064861
6,76,1,5,6029,35.345271442,-118.7305113
6,73.4,1,5,6031,36.078519081,-119.803373
6,76,1,5,6033,39.098129118,-122.746033
6,70.6,1,5,6035,40.669358114,-120.5898736
6,65.1,1,5,6037,34.322099482,-118.2225598
6,79.7,1,5,6039,37.21298745,-119.7460694
6,52.8,1,5,6041,38.073054486,-122.7202011
6,81.9,1,5,6043,37.575745088,-119.8981354
6,79.7,1,5,6045,39.437181089,-123.3787527
6,77.1,1,5,6047,37.187026463,-120.7044101
6,74.8,1,5,6049,41.58434456,-120.7206443
6,78,1,5,6051,37.933112503,-118.8836474
6,65.3,1,5,6053,36.21776001,-121.2285748
6,66.2,1,5,6055,38.507774224,-122.3274117
6,69.7,1,5,6057,39.296546085,-120.7594556
6,72,1,5,6059,33.703985123,-117.7566693
6,69.2,1,5,6061,39.060267873,-120.7101907
6,68.5,1,5,6063,40.002120628,-120.8386478
6,67.6,1,5,6065,33.744374763,-115.9941376
6,85.3,1,5,6067,38.465506578,-121.3184265
6,67.7,1,5,6069,36.605841241,-121.061087
6,79.5,1,5,6071,34.843872591,-116.1759926
6,74,1,5,6073,33.036193658,-116.7386948
6,57.7,1,5,6075,37.746700256,-122.4301026
6,84.5,1,5,6077,37.934684454,-121.2628075
6,99.9,1,5,6079,35.388837572,-120.4001413
6,57.7,1,5,6081,37.424398447,-122.3221847
6,65.2,1,5,6083,34.671971443,-120.0128358
6,57.7,1,5,6085,37.227319166,-121.6833781
6,58,1,5,6087,37.054714207,-121.9847782
6,67.6,1,5,6089,40.758401377,-122.0363525
6,69.2,1,5,6091,39.577703488,-120.505323
6,83.3,1,5,6093,41.588407249,-122.5364982
6,92.8,1,5,6095,38.289109691,-121.9126891
6,59.8,1,5,6097,38.528152516,-122.8878053
6,86.3,1,5,6099,37.55507903,-120.9908905
6,86.3,1,5,6101,39.033610224,-121.6882005
6,71.3,1,5,6103,40.119855412,-122.2248324
6,78.4,1,5,6105,40.647540812,-123.1040176
6,82.2,1,5,6107,36.220677241,-118.793141
6,72.2,1,5,6109,38.024700324,-119.9474287
6,66.5,1,5,6111,34.472179871,-119.0761089
6,86.9,1,5,6113,38.686941022,-121.8973701
6,76.1,1,5,6115,39.267272227,-121.3410525
6,79.3,2,5,6001,37.642753818,-121.8775366
6,100.4,2,5,6003,38.594482709,-119.8169696
6,68.8,2,5,6005,38.442106702,-120.6446715
6,79.9,2,5,6007,39.662149772,-121.5929039
6,74.6,2,5,6009,38.201655431,-120.5447212
6,86,2,5,6011,39.179136841,-122.2328096
6,83.6,2,5,6013,37.913225034,-121.9118696
6,82.5,2,5,6015,41.740048676,-123.890022
6,54.1,2,5,6017,38.775206297,-120.5175223
6,75,2,5,6019,36.754296703,-119.641139
6,81.5,2,5,6021,39.597036054,-122.3825248
6,177.6,2,5,6023,40.698998284,-123.8637213
6,73.6,2,5,6025,33.039838029,-115.3663522
6,73.2,2,5,6027,36.508506156,-117.4064861
6,72.2,2,5,6029,35.345271442,-118.7305113
6,88.8,2,5,6031,36.078519081,-119.803373
6,72,2,5,6033,39.098129118,-122.746033
6,73.9,2,5,6035,40.669358114,-120.5898736
6,62.8,2,5,6037,34.322099482,-118.2225598
6,72.2,2,5,6039,37.21298745,-119.7460694
6,46.7,2,5,6041,38.073054486,-122.7202011
6,75.8,2,5,6043,37.575745088,-119.8981354
6,67.8,2,5,6045,39.437181089,-123.3787527
6,73.1,2,5,6047,37.187026463,-120.7044101
6,75.9,2,5,6049,41.58434456,-120.7206443
6,56.4,2,5,6051,37.933112503,-118.8836474
6,63,2,5,6053,36.21776001,-121.2285748
6,69.8,2,5,6055,38.507774224,-122.3274117
6,68.9,2,5,6057,39.296546085,-120.7594556
6,75.6,2,5,6059,33.703985123,-117.7566693
6,74.2,2,5,6061,39.060267873,-120.7101907
6,71.8,2,5,6063,40.002120628,-120.8386478
6,73.3,2,5,6065,33.744374763,-115.9941376
6,78.1,2,5,6067,38.465506578,-121.3184265
6,66.7,2,5,6069,36.605841241,-121.061087
6,75,2,5,6071,34.843872591,-116.1759926
6,77.4,2,5,6073,33.036193658,-116.7386948
6,60.2,2,5,6075,37.746700256,-122.4301026
6,98.8,2,5,6077,37.934684454,-121.2628075
6,107.9,2,5,6079,35.388837572,-120.4001413
6,58.9,2,5,6081,37.424398447,-122.3221847
6,65.9,2,5,6083,34.671971443,-120.0128358
6,59.4,2,5,6085,37.227319166,-121.6833781
6,59.1,2,5,6087,37.054714207,-121.9847782
6,65.5,2,5,6089,40.758401377,-122.0363525
6,77.7,2,5,6091,39.577703488,-120.505323
6,72.7,2,5,6093,41.588407249,-122.5364982
6,80.2,2,5,6095,38.289109691,-121.9126891
6,71.1,2,5,6097,38.528152516,-122.8878053
6,79.1,2,5,6099,37.55507903,-120.9908905
6,99.5,2,5,6101,39.033610224,-121.6882005
6,68.6,2,5,6103,40.119855412,-122.2248324
6,90.5,2,5,6105,40.647540812,-123.1040176
6,77.6,2,5,6107,36.220677241,-118.793141
6,65.4,2,5,6109,38.024700324,-119.9474287
6,65.3,2,5,6111,34.472179871,-119.0761089
6,65.6,2,5,6113,38.686941022,-121.8973701
6,95.9,2,5,6115,39.267272227,-121.3410525
6,129.1,1,3,6001,37.642753818,-121.8775366
6,232.1,1,3,6005,38.442106702,-120.6446715
6,108.6,1,3,6009,38.201655431,-120.5447212
6,134.8,1,3,6013,37.913225034,-121.9118696
6,199.1,1,3,6017,38.775206297,-120.5175223
6,95.2,1,3,6019,36.754296703,-119.641139
6,94.4,1,3,6025,33.039838029,-115.3663522
6,124.2,1,3,6027,36.508506156,-117.4064861
6,117.2,1,3,6029,35.345271442,-118.7305113
6,86.9,1,3,6031,36.078519081,-119.803373
6,104.1,1,3,6037,34.322099482,-118.2225598
6,106.1,1,3,6039,37.21298745,-119.7460694
6,94,1,3,6041,38.073054486,-122.7202011
6,126.5,1,3,6043,37.575745088,-119.8981354
6,110.3,1,3,6047,37.187026463,-120.7044101
6,85.6,1,3,6051,37.933112503,-118.8836474
6,92.9,1,3,6053,36.21776001,-121.2285748
6,107.3,1,3,6055,38.507774224,-122.3274117
6,95.8,1,3,6059,33.703985123,-117.7566693
6,119,1,3,6061,39.060267873,-120.7101907
6,91.1,1,3,6065,33.744374763,-115.9941376
6,133.5,1,3,6067,38.465506578,-121.3184265
6,103.5,1,3,6069,36.605841241,-121.061087
6,124.9,1,3,6071,34.843872591,-116.1759926
6,94.2,1,3,6073,33.036193658,-116.7386948
6,92.1,1,3,6075,37.746700256,-122.4301026
6,139.2,1,3,6077,37.934684454,-121.2628075
6,87.5,1,3,6079,35.388837572,-120.4001413
6,93.8,1,3,6081,37.424398447,-122.3221847
6,115.6,1,3,6083,34.671971443,-120.0128358
6,122,1,3,6085,37.227319166,-121.6833781
6,97,1,3,6087,37.054714207,-121.9847782
6,123.2,1,3,6095,38.289109691,-121.9126891
6,104,1,3,6097,38.528152516,-122.8878053
6,125.2,1,3,6099,37.55507903,-120.9908905
6,129.7,1,3,6101,39.033610224,-121.6882005
6,100.3,1,3,6107,36.220677241,-118.793141
6,108.2,1,3,6111,34.472179871,-119.0761089
6,124.1,1,3,6113,38.686941022,-121.8973701
6,119.1,2,3,6001,37.642753818,-121.8775366
6,114.2,2,3,6005,38.442106702,-120.6446715
6,127.6,2,3,6009,38.201655431,-120.5447212
6,117,2,3,6013,37.913225034,-121.9118696
6,111,2,3,6017,38.775206297,-120.5175223
6,99.3,2,3,6019,36.754296703,-119.641139
6,102.6,2,3,6025,33.039838029,-115.3663522
6,108.9,2,3,6027,36.508506156,-117.4064861
6,97.3,2,3,6029,35.345271442,-118.7305113
6,105.4,2,3,6031,36.078519081,-119.803373
6,96.4,2,3,6037,34.322099482,-118.2225598
6,101.2,2,3,6039,37.21298745,-119.7460694
6,109.1,2,3,6043,37.575745088,-119.8981354
6,96.6,2,3,6047,37.187026463,-120.7044101
6,99.4,2,3,6051,37.933112503,-118.8836474
6,99.3,2,3,6053,36.21776001,-121.2285748
6,94.6,2,3,6055,38.507774224,-122.3274117
6,149.7,2,3,6057,39.296546085,-120.7594556
6,98.1,2,3,6059,33.703985123,-117.7566693
6,114.6,2,3,6061,39.060267873,-120.7101907
6,103.4,2,3,6065,33.744374763,-115.9941376
6,111.3,2,3,6067,38.465506578,-121.3184265
6,86,2,3,6069,36.605841241,-121.061087
6,100.6,2,3,6071,34.843872591,-116.1759926
6,100.4,2,3,6073,33.036193658,-116.7386948
6,130.8,2,3,6075,37.746700256,-122.4301026
6,115,2,3,6077,37.934684454,-121.2628075
6,89.1,2,3,6079,35.388837572,-120.4001413
6,78,2,3,6081,37.424398447,-122.3221847
6,88.6,2,3,6083,34.671971443,-120.0128358
6,93.2,2,3,6085,37.227319166,-121.6833781
6,64.8,2,3,6087,37.054714207,-121.9847782
6,105.5,2,3,6095,38.289109691,-121.9126891
6,92,2,3,6097,38.528152516,-122.8878053
6,117.7,2,3,6099,37.55507903,-120.9908905
6,113.3,2,3,6101,39.033610224,-121.6882005
6,108.3,2,3,6107,36.220677241,-118.793141
6,94.5,2,3,6111,34.472179871,-119.0761089
6,107.7,2,3,6113,38.686941022,-121.8973701
6,76.7,1,4,6001,37.642753818,-121.8775366
6,83.6,1,4,6005,38.442106702,-120.6446715
6,75.4,1,4,6007,39.662149772,-121.5929039
6,83.5,1,4,6009,38.201655431,-120.5447212
6,61.8,1,4,6011,39.179136841,-122.2328096
6,74.4,1,4,6013,37.913225034,-121.9118696
6,74.3,1,4,6017,38.775206297,-120.5175223
6,83,1,4,6019,36.754296703,-119.641139
6,41.8,1,4,6021,39.597036054,-122.3825248
6,178.9,1,4,6023,40.698998284,-123.8637213
6,72.7,1,4,6025,33.039838029,-115.3663522
6,71.7,1,4,6027,36.508506156,-117.4064861
6,74.4,1,4,6029,35.345271442,-118.7305113
6,82.6,1,4,6031,36.078519081,-119.803373
6,56.7,1,4,6033,39.098129118,-122.746033
6,69.1,1,4,6035,40.669358114,-120.5898736
6,70.3,1,4,6037,34.322099482,-118.2225598
6,58.3,1,4,6039,37.21298745,-119.7460694
6,32.3,1,4,6041,38.073054486,-122.7202011
6,63,1,4,6043,37.575745088,-119.8981354
6,17.6,1,4,6045,39.437181089,-123.3787527
6,71.5,1,4,6047,37.187026463,-120.7044101
6,67.5,1,4,6049,41.58434456,-120.7206443
6,69.1,1,4,6051,37.933112503,-118.8836474
6,68.6,1,4,6053,36.21776001,-121.2285748
6,60.8,1,4,6055,38.507774224,-122.3274117
6,69.5,1,4,6057,39.296546085,-120.7594556
6,74.1,1,4,6059,33.703985123,-117.7566693
6,87.7,1,4,6061,39.060267873,-120.7101907
6,87.1,1,4,6063,40.002120628,-120.8386478
6,69.7,1,4,6065,33.744374763,-115.9941376
6,72.6,1,4,6067,38.465506578,-121.3184265
6,72,1,4,6069,36.605841241,-121.061087
6,74.8,1,4,6071,34.843872591,-116.1759926
6,77.3,1,4,6073,33.036193658,-116.7386948
6,58.2,1,4,6075,37.746700256,-122.4301026
6,87.1,1,4,6077,37.934684454,-121.2628075
6,74.6,1,4,6079,35.388837572,-120.4001413
6,65.2,1,4,6081,37.424398447,-122.3221847
6,76.9,1,4,6083,34.671971443,-120.0128358
6,69.6,1,4,6085,37.227319166,-121.6833781
6,64.9,1,4,6087,37.054714207,-121.9847782
6,74,1,4,6089,40.758401377,-122.0363525
6,69.3,1,4,6091,39.577703488,-120.505323
6,76.3,1,4,6093,41.588407249,-122.5364982
6,66.3,1,4,6095,38.289109691,-121.9126891
6,49,1,4,6097,38.528152516,-122.8878053
6,71.6,1,4,6099,37.55507903,-120.9908905
6,66.1,1,4,6101,39.033610224,-121.6882005
6,57.8,1,4,6103,40.119855412,-122.2248324
6,55.2,1,4,6105,40.647540812,-123.1040176
6,83.2,1,4,6107,36.220677241,-118.793141
6,58.5,1,4,6109,38.024700324,-119.9474287
6,70.9,1,4,6111,34.472179871,-119.0761089
6,68.2,1,4,6113,38.686941022,-121.8973701
6,89.1,1,4,6115,39.267272227,-121.3410525
6,59.1,2,4,6001,37.642753818,-121.8775366
6,70.2,2,4,6005,38.442106702,-120.6446715
6,59.2,2,4,6007,39.662149772,-121.5929039
6,60.7,2,4,6009,38.201655431,-120.5447212
6,35.1,2,4,6011,39.179136841,-122.2328096
6,63.2,2,4,6013,37.913225034,-121.9118696
6,49,2,4,6017,38.775206297,-120.5175223
6,63.8,2,4,6019,36.754296703,-119.641139
6,54.9,2,4,6021,39.597036054,-122.3825248
6,57.3,2,4,6023,40.698998284,-123.8637213
6,62.2,2,4,6025,33.039838029,-115.3663522
6,59.2,2,4,6027,36.508506156,-117.4064861
6,57.5,2,4,6029,35.345271442,-118.7305113
6,57.8,2,4,6031,36.078519081,-119.803373
6,39.2,2,4,6033,39.098129118,-122.746033
6,41.7,2,4,6035,40.669358114,-120.5898736
6,58.8,2,4,6037,34.322099482,-118.2225598
6,61,2,4,6039,37.21298745,-119.7460694
6,46.7,2,4,6041,38.073054486,-122.7202011
6,53.1,2,4,6043,37.575745088,-119.8981354
6,46.6,2,4,6045,39.437181089,-123.3787527
6,58.5,2,4,6047,37.187026463,-120.7044101
6,40.9,2,4,6049,41.58434456,-120.7206443
6,62.8,2,4,6051,37.933112503,-118.8836474
6,59.6,2,4,6053,36.21776001,-121.2285748
6,49.3,2,4,6055,38.507774224,-122.3274117
6,46,2,4,6057,39.296546085,-120.7594556
6,64,2,4,6059,33.703985123,-117.7566693
6,46.1,2,4,6061,39.060267873,-120.7101907
6,63.9,2,4,6063,40.002120628,-120.8386478
6,65.9,2,4,6065,33.744374763,-115.9941376
6,69.6,2,4,6067,38.465506578,-121.3184265
6,58.6,2,4,6069,36.605841241,-121.061087
6,66.3,2,4,6071,34.843872591,-116.1759926
6,65.4,2,4,6073,33.036193658,-116.7386948
6,46.8,2,4,6075,37.746700256,-122.4301026
6,69.7,2,4,6077,37.934684454,-121.2628075
6,66.8,2,4,6079,35.388837572,-120.4001413
6,51.2,2,4,6081,37.424398447,-122.3221847
6,54.6,2,4,6083,34.671971443,-120.0128358
6,58.7,2,4,6085,37.227319166,-121.6833781
6,54.2,2,4,6087,37.054714207,-121.9847782
6,49.7,2,4,6089,40.758401377,-122.0363525
6,45,2,4,6091,39.577703488,-120.505323
6,63.7,2,4,6095,38.289109691,-121.9126891
6,51.4,2,4,6097,38.528152516,-122.8878053
6,55,2,4,6099,37.55507903,-120.9908905
6,62.5,2,4,6101,39.033610224,-121.6882005
6,60.3,2,4,6103,40.119855412,-122.2248324
6,74.3,2,4,6107,36.220677241,-118.793141
6,54.4,2,4,6109,38.024700324,-119.9474287
6,58.2,2,4,6111,34.472179871,-119.0761089
6,55.2,2,4,6113,38.686941022,-121.8973701
6,55.1,2,4,6115,39.267272227,-121.3410525
6,68.5,1,2,6001,37.642753818,-121.8775366
6,95.9,1,2,6005,38.442106702,-120.6446715
6,88.7,1,2,6007,39.662149772,-121.5929039
6,113.9,1,2,6009,38.201655431,-120.5447212
6,76,1,2,6011,39.179136841,-122.2328096
6,80.7,1,2,6013,37.913225034,-121.9118696
6,76.5,1,2,6017,38.775206297,-120.5175223
6,134.3,1,2,6019,36.754296703,-119.641139
6,68,1,2,6025,33.039838029,-115.3663522
6,80.2,1,2,6027,36.508506156,-117.4064861
6,63.3,1,2,6029,35.345271442,-118.7305113
6,79.2,1,2,6031,36.078519081,-119.803373
6,64.7,1,2,6033,39.098129118,-122.746033
6,64.2,1,2,6037,34.322099482,-118.2225598
6,131.8,1,2,6039,37.21298745,-119.7460694
6,64.3,1,2,6041,38.073054486,-122.7202011
6,99.4,1,2,6043,37.575745088,-119.8981354
6,109.5,1,2,6047,37.187026463,-120.7044101
6,87.5,1,2,6049,41.58434456,-120.7206443
6,127.8,1,2,6051,37.933112503,-118.8836474
6,62,1,2,6053,36.21776001,-121.2285748
6,82.5,1,2,6055,38.507774224,-122.3274117
6,74.4,1,2,6057,39.296546085,-120.7594556
6,65.3,1,2,6059,33.703985123,-117.7566693
6,77,1,2,6061,39.060267873,-120.7101907
6,68.5,1,2,6065,33.744374763,-115.9941376
6,86,1,2,6067,38.465506578,-121.3184265
6,112.2,1,2,6069,36.605841241,-121.061087
6,64.8,1,2,6071,34.843872591,-116.1759926
6,67.8,1,2,6073,33.036193658,-116.7386948
6,63.6,1,2,6075,37.746700256,-122.4301026
6,107.9,1,2,6077,37.934684454,-121.2628075
6,57.4,1,2,6079,35.388837572,-120.4001413
6,61.8,1,2,6081,37.424398447,-122.3221847
6,65.8,1,2,6083,34.671971443,-120.0128358
6,60.9,1,2,6085,37.227319166,-121.6833781
6,77.1,1,2,6087,37.054714207,-121.9847782
6,84.4,1,2,6095,38.289109691,-121.9126891
6,80.1,1,2,6097,38.528152516,-122.8878053
6,80.6,1,2,6099,37.55507903,-120.9908905
6,82.6,1,2,6101,39.033610224,-121.6882005
6,115.8,1,2,6107,36.220677241,-118.793141
6,82.2,1,2,6109,38.024700324,-119.9474287
6,61.9,1,2,6111,34.472179871,-119.0761089
6,84.9,1,2,6113,38.686941022,-121.8973701
6,73.5,1,2,6115,39.267272227,-121.3410525
6,60.2,2,2,6001,37.642753818,-121.8775366
6,78.2,2,2,6005,38.442106702,-120.6446715
6,67.1,2,2,6007,39.662149772,-121.5929039
6,91.3,2,2,6009,38.201655431,-120.5447212
6,67.3,2,2,6011,39.179136841,-122.2328096
6,69.3,2,2,6013,37.913225034,-121.9118696
6,69.1,2,2,6017,38.775206297,-120.5175223
6,97,2,2,6019,36.754296703,-119.641139
6,58.8,2,2,6025,33.039838029,-115.3663522
6,65.4,2,2,6027,36.508506156,-117.4064861
6,54.2,2,2,6029,35.345271442,-118.7305113
6,84.7,2,2,6031,36.078519081,-119.803373
6,61.8,2,2,6033,39.098129118,-122.746033
6,98.9,2,2,6035,40.669358114,-120.5898736
6,49.7,2,2,6037,34.322099482,-118.2225598
6,99.9,2,2,6039,37.21298745,-119.7460694
6,54.9,2,2,6041,38.073054486,-122.7202011
6,81.7,2,2,6043,37.575745088,-119.8981354
6,71.7,2,2,6045,39.437181089,-123.3787527
6,69.2,2,2,6047,37.187026463,-120.7044101
6,105.1,2,2,6051,37.933112503,-118.8836474
6,71.1,2,2,6053,36.21776001,-121.2285748
6,69.3,2,2,6055,38.507774224,-122.3274117
6,75,2,2,6057,39.296546085,-120.7594556
6,59.6,2,2,6059,33.703985123,-117.7566693
6,69.8,2,2,6061,39.060267873,-120.7101907
6,113,2,2,6063,40.002120628,-120.8386478
6,59.2,2,2,6065,33.744374763,-115.9941376
6,70.4,2,2,6067,38.465506578,-121.3184265
6,54.6,2,2,6069,36.605841241,-121.061087
6,52.6,2,2,6071,34.843872591,-116.1759926
6,60.3,2,2,6073,33.036193658,-116.7386948
6,60.9,2,2,6075,37.746700256,-122.4301026
6,86.1,2,2,6077,37.934684454,-121.2628075
6,77.2,2,2,6079,35.388837572,-120.4001413
6,52.8,2,2,6081,37.424398447,-122.3221847
6,51.9,2,2,6083,34.671971443,-120.0128358
6,50.8,2,2,6085,37.227319166,-121.6833781
6,50.7,2,2,6087,37.054714207,-121.9847782
6,138.1,2,2,6093,41.588407249,-122.5364982
6,68.5,2,2,6095,38.289109691,-121.9126891
6,64.3,2,2,6097,38.528152516,-122.8878053
6,64.4,2,2,6099,37.55507903,-120.9908905
6,67.9,2,2,6101,39.033610224,-121.6882005
6,166.8,2,2,6105,40.647540812,-123.1040176
6,95.6,2,2,6107,36.220677241,-118.793141
6,69.9,2,2,6109,38.024700324,-119.9474287
6,49.5,2,2,6111,34.472179871,-119.0761089
6,67.9,2,2,6113,38.686941022,-121.8973701
6,63.2,2,2,6115,39.267272227,-121.3410525
6,51.3,1,1,6019,36.754296703,-119.641139
6,54.9,1,1,6027,36.508506156,-117.4064861
6,53.4,1,1,6029,35.345271442,-118.7305113
6,58.4,1,1,6037,34.322099482,-118.2225598
6,71.7,1,1,6059,33.703985123,-117.7566693
6,83.9,1,1,6065,33.744374763,-115.9941376
6,63.2,1,1,6067,38.465506578,-121.3184265
6,60.4,1,1,6071,34.843872591,-116.1759926
6,86.2,1,1,6073,33.036193658,-116.7386948
6,131.6,1,1,6093,41.588407249,-122.5364982
6,71,2,1,6001,37.642753818,-121.8775366
6,55.8,2,1,6019,36.754296703,-119.641139
6,105.4,2,1,6023,40.698998284,-123.8637213
6,66.7,2,1,6025,33.039838029,-115.3663522
6,56.5,2,1,6027,36.508506156,-117.4064861
6,55.1,2,1,6029,35.345271442,-118.7305113
6,54.4,2,1,6037,34.322099482,-118.2225598
6,136.7,2,1,6045,39.437181089,-123.3787527
6,58.2,2,1,6059,33.703985123,-117.7566693
6,66.9,2,1,6065,33.744374763,-115.9941376
6,73,2,1,6067,38.465506578,-121.3184265
6,57,2,1,6071,34.843872591,-116.1759926
6,63.3,2,1,6073,33.036193658,-116.7386948
6,79,2,1,6077,37.934684454,-121.2628075
6,48.2,2,1,6111,34.472179871,-119.0761089
7,74.4,1,0,8001,39.867446826,-104.3345838
7,61.7,1,0,8003,37.562928741,-105.7876935
7,62.7,1,0,8005,39.643097569,-104.3392855
7,66.5,1,0,8007,37.193806497,-107.0408376
7,52.9,1,0,8009,37.31670357,-102.555389
7,55.6,1,0,8011,37.950636481,-103.0566452
7,65.8,1,0,8013,40.089374573,-105.3580496
7,68.3,1,0,8014,39.951559507,-105.060153
7,44.8,1,0,8015,38.750679964,-106.1914329
7,57.8,1,0,8019,39.685598877,-105.6369557
7,62.1,1,0,8021,37.195806333,-106.1837003
7,48.9,1,0,8023,37.270076389,-105.4226477
7,69.8,1,0,8025,38.316126668,-103.7752585
7,62.2,1,0,8027,38.098756562,-105.3601172
7,65.7,1,0,8029,38.85890886,-107.8564985
7,68.5,1,0,8031,39.759595737,-104.8751379
7,62,1,0,8033,37.755672331,-108.5048478
7,57.5,1,0,8035,39.324122541,-104.9191962
7,21.8,1,0,8037,39.620839967,-106.6892746
7,58.6,1,0,8039,39.280301523,-104.1306718
7,69.1,1,0,8041,38.827739207,-104.5176529
7,66,1,0,8043,38.468666356,-105.4344508
7,70.7,1,0,8045,39.592141774,-107.8989386
7,65.1,1,0,8047,39.855114481,-105.5154772
7,48.1,1,0,8049,40.095731654,-106.1182531
7,57.7,1,0,8051,38.663431252,-107.027853
7,65.6,1,0,8053,37.830844643,-107.3018567
7,58.2,1,0,8055,37.673961339,-104.9661873
7,60.6,1,0,8057,40.659864771,-106.3432435
7,65.7,1,0,8059,39.579438115,-105.2420837
7,71.4,1,0,8061,38.427877268,-102.7340943
7,66.7,1,0,8063,39.298726373,-102.5990504
7,35.8,1,0,8065,39.196704419,-106.341652
7,66.1,1,0,8067,37.281882228,-107.8379407
7,63.9,1,0,8069,40.665135184,-105.4619789
7,60.4,1,0,8071,37.31346047,-104.0260085
7,65.4,1,0,8073,38.984353222,-103.5105105
7,70.1,1,0,8075,40.720271413,-103.108242
7,54.8,1,0,8077,39.012813631,-108.4670195
7,66.6,1,0,8079,37.667596227,-106.9297761
7,58.7,1,0,8081,40.613393383,-108.20375
7,66.3,1,0,8083,37.33884351,-108.6027508
7,43.8,1,0,8085,38.401400431,-108.267529
7,76.5,1,0,8087,40.253788089,-103.7968604
7,67,1,0,8089,37.895006419,-103.7092206
7,47.4,1,0,8091,38.155577108,-107.768261
7,54.6,1,0,8093,39.115616211,-105.7086982
7,66.6,1,0,8095,40.586556592,-102.3530878
7,31.4,1,0,8097,39.21115973,-106.9120673
7,60,1,0,8099,37.951465701,-102.3844108
7,67.8,1,0,8101,38.16543734,-104.5082569
7,62.4,1,0,8103,39.971006634,-108.2175196
7,73.3,1,0,8105,37.574486944,-106.3790066
7,59.4,1,0,8107,40.479269679,-106.9906113
7,59.3,1,0,8109,38.076575985,-106.2772908
7,61.3,1,0,8111,37.757346308,-107.6714507
7,32.7,1,0,8113,38.003876257,-108.3992203
7,53.4,1,0,8115,40.870343992,-102.3506757
7,31.4,1,0,8117,39.628867318,-106.1108712
7,59.2,1,0,8119,38.878811828,-105.1525582
7,69.5,1,0,8121,39.964728334,-103.1982017
7,71,1,0,8123,40.549989222,-104.3851274
7,70.2,1,0,8125,39.997513234,-102.4232061
7,72.1,2,0,8001,39.867446826,-104.3345838
7,68.9,2,0,8003,37.562928741,-105.7876935
7,68.8,2,0,8005,39.643097569,-104.3392855
7,75.1,2,0,8007,37.193806497,-107.0408376
7,66.8,2,0,8009,37.31670357,-102.555389
7,65.5,2,0,8011,37.950636481,-103.0566452
7,73.2,2,0,8013,40.089374573,-105.3580496
7,73.8,2,0,8014,39.951559507,-105.060153
7,55.3,2,0,8015,38.750679964,-106.1914329
7,69.8,2,0,8019,39.685598877,-105.6369557
7,66.1,2,0,8021,37.195806333,-106.1837003
7,45.1,2,0,8023,37.270076389,-105.4226477
7,73,2,0,8025,38.316126668,-103.7752585
7,56.2,2,0,8027,38.098756562,-105.3601172
7,78.4,2,0,8029,38.85890886,-107.8564985
7,72.8,2,0,8031,39.759595737,-104.8751379
7,64.7,2,0,8033,37.755672331,-108.5048478
7,58,2,0,8035,39.324122541,-104.9191962
7,32,2,0,8037,39.620839967,-106.6892746
7,67.6,2,0,8039,39.280301523,-104.1306718
7,79.2,2,0,8041,38.827739207,-104.5176529
7,66.8,2,0,8043,38.468666356,-105.4344508
7,56,2,0,8045,39.592141774,-107.8989386
7,75,2,0,8047,39.855114481,-105.5154772
7,55.2,2,0,8049,40.095731654,-106.1182531
7,56.4,2,0,8051,38.663431252,-107.027853
7,74.1,2,0,8053,37.830844643,-107.3018567
7,58.6,2,0,8055,37.673961339,-104.9661873
7,67,2,0,8057,40.659864771,-106.3432435
7,76.4,2,0,8059,39.579438115,-105.2420837
7,64.2,2,0,8061,38.427877268,-102.7340943
7,45.2,2,0,8063,39.298726373,-102.5990504
7,30.5,2,0,8065,39.196704419,-106.341652
7,74.6,2,0,8067,37.281882228,-107.8379407
7,71.7,2,0,8069,40.665135184,-105.4619789
7,56.5,2,0,8071,37.31346047,-104.0260085
7,70.8,2,0,8073,38.984353222,-103.5105105
7,66,2,0,8075,40.720271413,-103.108242
7,84.3,2,0,8077,39.012813631,-108.4670195
7,76.3,2,0,8079,37.667596227,-106.9297761
7,59,2,0,8081,40.613393383,-108.20375
7,71.6,2,0,8083,37.33884351,-108.6027508
7,62.5,2,0,8085,38.401400431,-108.267529
7,69.2,2,0,8087,40.253788089,-103.7968604
7,56.9,2,0,8089,37.895006419,-103.7092206
7,45.9,2,0,8091,38.155577108,-107.768261
7,53.7,2,0,8093,39.115616211,-105.7086982
7,41.5,2,0,8095,40.586556592,-102.3530878
7,29.4,2,0,8097,39.21115973,-106.9120673
7,70.8,2,0,8099,37.951465701,-102.3844108
7,64.1,2,0,8101,38.16543734,-104.5082569
7,56.2,2,0,8103,39.971006634,-108.2175196
7,81.7,2,0,8105,37.574486944,-106.3790066
7,44.1,2,0,8107,40.479269679,-106.9906113
7,61.2,2,0,8109,38.076575985,-106.2772908
7,68.7,2,0,8111,37.757346308,-107.6714507
7,47,2,0,8113,38.003876257,-108.3992203
7,50.3,2,0,8115,40.870343992,-102.3506757
7,29.7,2,0,8117,39.628867318,-106.1108712
7,65.5,2,0,8119,38.878811828,-105.1525582
7,68,2,0,8121,39.964728334,-103.1982017
7,70.4,2,0,8123,40.549989222,-104.3851274
7,37.4,2,0,8125,39.997513234,-102.4232061
7,66.6,1,5,8001,39.867446826,-104.3345838
7,64.4,1,5,8003,37.562928741,-105.7876935
7,61.4,1,5,8005,39.643097569,-104.3392855
7,61.6,1,5,8007,37.193806497,-107.0408376
7,58,1,5,8009,37.31670357,-102.555389
7,60.1,1,5,8011,37.950636481,-103.0566452
7,67.1,1,5,8013,40.089374573,-105.3580496
7,67.6,1,5,8014,39.951559507,-105.060153
7,46.2,1,5,8015,38.750679964,-106.1914329
7,54.2,1,5,8019,39.685598877,-105.6369557
7,59.6,1,5,8021,37.195806333,-106.1837003
7,46.3,1,5,8023,37.270076389,-105.4226477
7,66.5,1,5,8025,38.316126668,-103.7752585
7,60.5,1,5,8027,38.098756562,-105.3601172
7,61.3,1,5,8029,38.85890886,-107.8564985
7,62.8,1,5,8031,39.759595737,-104.8751379
7,56.6,1,5,8033,37.755672331,-108.5048478
7,53.2,1,5,8035,39.324122541,-104.9191962
7,23.3,1,5,8037,39.620839967,-106.6892746
7,56.4,1,5,8039,39.280301523,-104.1306718
7,65,1,5,8041,38.827739207,-104.5176529
7,62.9,1,5,8043,38.468666356,-105.4344508
7,74.3,1,5,8045,39.592141774,-107.8989386
7,63.7,1,5,8047,39.855114481,-105.5154772
7,46.4,1,5,8049,40.095731654,-106.1182531
7,56.4,1,5,8051,38.663431252,-107.027853
7,64.1,1,5,8053,37.830844643,-107.3018567
7,56.5,1,5,8055,37.673961339,-104.9661873
7,59.3,1,5,8057,40.659864771,-106.3432435
7,61.9,1,5,8059,39.579438115,-105.2420837
7,70.8,1,5,8061,38.427877268,-102.7340943
7,59.2,1,5,8063,39.298726373,-102.5990504
7,42.6,1,5,8065,39.196704419,-106.341652
7,61.1,1,5,8067,37.281882228,-107.8379407
7,62.8,1,5,8069,40.665135184,-105.4619789
7,60.2,1,5,8071,37.31346047,-104.0260085
7,63.2,1,5,8073,38.984353222,-103.5105105
7,71.6,1,5,8075,40.720271413,-103.108242
7,56.4,1,5,8077,39.012813631,-108.4670195
7,60.6,1,5,8081,40.613393383,-108.20375
7,66.2,1,5,8083,37.33884351,-108.6027508
7,50.2,1,5,8085,38.401400431,-108.267529
7,74.5,1,5,8087,40.253788089,-103.7968604
7,62.9,1,5,8089,37.895006419,-103.7092206
7,48.6,1,5,8091,38.155577108,-107.768261
7,50.1,1,5,8093,39.115616211,-105.7086982
7,61.8,1,5,8095,40.586556592,-102.3530878
7,33.5,1,5,8097,39.21115973,-106.9120673
7,69.1,1,5,8099,37.951465701,-102.3844108
7,65.3,1,5,8101,38.16543734,-104.5082569
7,66.7,1,5,8103,39.971006634,-108.2175196
7,71.4,1,5,8105,37.574486944,-106.3790066
7,62.5,1,5,8107,40.479269679,-106.9906113
7,59.9,1,5,8109,38.076575985,-106.2772908
7,58.1,1,5,8111,37.757346308,-107.6714507
7,35.2,1,5,8113,38.003876257,-108.3992203
7,51.5,1,5,8115,40.870343992,-102.3506757
7,29,1,5,8117,39.628867318,-106.1108712
7,53.6,1,5,8119,38.878811828,-105.1525582
7,66.8,1,5,8121,39.964728334,-103.1982017
7,68.2,1,5,8123,40.549989222,-104.3851274
7,66.1,1,5,8125,39.997513234,-102.4232061
7,71.5,2,5,8001,39.867446826,-104.3345838
7,72.5,2,5,8003,37.562928741,-105.7876935
7,67.2,2,5,8005,39.643097569,-104.3392855
7,79.8,2,5,8007,37.193806497,-107.0408376
7,78.5,2,5,8009,37.31670357,-102.555389
7,71.4,2,5,8011,37.950636481,-103.0566452
7,74.5,2,5,8013,40.089374573,-105.3580496
7,75.2,2,5,8014,39.951559507,-105.060153
7,58.4,2,5,8015,38.750679964,-106.1914329
7,67.2,2,5,8019,39.685598877,-105.6369557
7,60.2,2,5,8021,37.195806333,-106.1837003
7,48.1,2,5,8023,37.270076389,-105.4226477
7,73.1,2,5,8025,38.316126668,-103.7752585
7,55.7,2,5,8027,38.098756562,-105.3601172
7,79.5,2,5,8029,38.85890886,-107.8564985
7,71.6,2,5,8031,39.759595737,-104.8751379
7,69.2,2,5,8033,37.755672331,-108.5048478
7,59.9,2,5,8035,39.324122541,-104.9191962
7,35.3,2,5,8037,39.620839967,-106.6892746
7,66.6,2,5,8039,39.280301523,-104.1306718
7,78.1,2,5,8041,38.827739207,-104.5176529
7,68.2,2,5,8043,38.468666356,-105.4344508
7,51,2,5,8045,39.592141774,-107.8989386
7,75.6,2,5,8047,39.855114481,-105.5154772
7,58,2,5,8049,40.095731654,-106.1182531
7,60.2,2,5,8051,38.663431252,-107.027853
7,83.2,2,5,8053,37.830844643,-107.3018567
7,61.5,2,5,8055,37.673961339,-104.9661873
7,67,2,5,8057,40.659864771,-106.3432435
7,76.2,2,5,8059,39.579438115,-105.2420837
7,67.6,2,5,8061,38.427877268,-102.7340943
7,47,2,5,8063,39.298726373,-102.5990504
7,36.3,2,5,8065,39.196704419,-106.341652
7,81.2,2,5,8067,37.281882228,-107.8379407
7,72.3,2,5,8069,40.665135184,-105.4619789
7,56.7,2,5,8071,37.31346047,-104.0260085
7,69.6,2,5,8073,38.984353222,-103.5105105
7,65.2,2,5,8075,40.720271413,-103.108242
7,83.8,2,5,8077,39.012813631,-108.4670195
7,87.3,2,5,8079,37.667596227,-106.9297761
7,59.7,2,5,8081,40.613393383,-108.20375
7,74,2,5,8083,37.33884351,-108.6027508
7,65.9,2,5,8085,38.401400431,-108.267529
7,70.5,2,5,8087,40.253788089,-103.7968604
7,54.7,2,5,8089,37.895006419,-103.7092206
7,46.4,2,5,8091,38.155577108,-107.768261
7,56.7,2,5,8093,39.115616211,-105.7086982
7,43.8,2,5,8095,40.586556592,-102.3530878
7,33.4,2,5,8097,39.21115973,-106.9120673
7,79.2,2,5,8099,37.951465701,-102.3844108
7,65.6,2,5,8101,38.16543734,-104.5082569
7,55.5,2,5,8103,39.971006634,-108.2175196
7,90.1,2,5,8105,37.574486944,-106.3790066
7,42.9,2,5,8107,40.479269679,-106.9906113
7,64,2,5,8109,38.076575985,-106.2772908
7,71.2,2,5,8111,37.757346308,-107.6714507
7,49,2,5,8113,38.003876257,-108.3992203
7,50.5,2,5,8115,40.870343992,-102.3506757
7,31.4,2,5,8117,39.628867318,-106.1108712
7,64,2,5,8119,38.878811828,-105.1525582
7,67.2,2,5,8121,39.964728334,-103.1982017
7,72,2,5,8123,40.549989222,-104.3851274
7,39.4,2,5,8125,39.997513234,-102.4232061
7,90.4,1,3,8001,39.867446826,-104.3345838
7,56.5,1,3,8005,39.643097569,-104.3392855
7,121,1,3,8025,38.316126668,-103.7752585
7,101.2,1,3,8031,39.759595737,-104.8751379
7,150.1,1,3,8035,39.324122541,-104.9191962
7,81.8,1,3,8039,39.280301523,-104.1306718
7,132.8,1,3,8041,38.827739207,-104.5176529
7,126.5,1,3,8043,38.468666356,-105.4344508
7,96.8,1,3,8059,39.579438115,-105.2420837
7,75.7,1,3,8073,38.984353222,-103.5105105
7,123.5,1,3,8101,38.16543734,-104.5082569
7,138.7,1,3,8119,38.878811828,-105.1525582
7,104.9,2,3,8001,39.867446826,-104.3345838
7,104.4,2,3,8005,39.643097569,-104.3392855
7,113.5,2,3,8031,39.759595737,-104.8751379
7,96.7,2,3,8035,39.324122541,-104.9191962
7,94.7,2,3,8039,39.280301523,-104.1306718
7,115.7,2,3,8041,38.827739207,-104.5176529
7,123.6,2,3,8043,38.468666356,-105.4344508
7,102.8,2,3,8059,39.579438115,-105.2420837
7,124,2,3,8101,38.16543734,-104.5082569
7,119,2,3,8119,38.878811828,-105.1525582
7,87.9,1,4,8001,39.867446826,-104.3345838
7,74.6,1,4,8005,39.643097569,-104.3392855
7,70.9,1,4,8007,37.193806497,-107.0408376
7,65.4,1,4,8013,40.089374573,-105.3580496
7,69.4,1,4,8014,39.951559507,-105.060153
7,92.6,1,4,8019,39.685598877,-105.6369557
7,65,1,4,8021,37.195806333,-106.1837003
7,53.2,1,4,8023,37.270076389,-105.4226477
7,72.7,1,4,8025,38.316126668,-103.7752585
7,70.1,1,4,8027,38.098756562,-105.3601172
7,79.1,1,4,8031,39.759595737,-104.8751379
7,80.1,1,4,8035,39.324122541,-104.9191962
7,1.6,1,4,8037,39.620839967,-106.6892746
7,73,1,4,8039,39.280301523,-104.1306718
7,78.7,1,4,8041,38.827739207,-104.5176529
7,72.8,1,4,8043,38.468666356,-105.4344508
7,7.7,1,4,8045,39.592141774,-107.8989386
7,79.9,1,4,8047,39.855114481,-105.5154772
7,60.4,1,4,8049,40.095731654,-106.1182531
7,62.1,1,4,8055,37.673961339,-104.9661873
7,84.6,1,4,8059,39.579438115,-105.2420837
7,63,1,4,8069,40.665135184,-105.4619789
7,58.4,1,4,8071,37.31346047,-104.0260085
7,69.1,1,4,8073,38.984353222,-103.5105105
7,56.8,1,4,8075,40.720271413,-103.108242
7,45.9,1,4,8077,39.012813631,-108.4670195
7,27.5,1,4,8085,38.401400431,-108.267529
7,73.1,1,4,8087,40.253788089,-103.7968604
7,66.5,1,4,8089,37.895006419,-103.7092206
7,94,1,4,8093,39.115616211,-105.7086982
7,73.6,1,4,8101,38.16543734,-104.5082569
7,88.8,1,4,8119,38.878811828,-105.1525582
7,84,1,4,8121,39.964728334,-103.1982017
7,65.4,1,4,8123,40.549989222,-104.3851274
7,60.7,2,4,8001,39.867446826,-104.3345838
7,59.3,2,4,8005,39.643097569,-104.3392855
7,70.1,2,4,8007,37.193806497,-107.0408376
7,42.7,2,4,8013,40.089374573,-105.3580496
7,51.8,2,4,8014,39.951559507,-105.060153
7,76.8,2,4,8019,39.685598877,-105.6369557
7,64.2,2,4,8021,37.195806333,-106.1837003
7,47.1,2,4,8023,37.270076389,-105.4226477
7,64.4,2,4,8025,38.316126668,-103.7752585
7,59.2,2,4,8027,38.098756562,-105.3601172
7,61,2,4,8031,39.759595737,-104.8751379
7,41.6,2,4,8035,39.324122541,-104.9191962
7,7.3,2,4,8037,39.620839967,-106.6892746
7,64.1,2,4,8039,39.280301523,-104.1306718
7,63.7,2,4,8041,38.827739207,-104.5176529
7,46.4,2,4,8043,38.468666356,-105.4344508
7,140.7,2,4,8045,39.592141774,-107.8989386
7,49.9,2,4,8047,39.855114481,-105.5154772
7,61.1,2,4,8055,37.673961339,-104.9661873
7,58.1,2,4,8059,39.579438115,-105.2420837
7,49.4,2,4,8069,40.665135184,-105.4619789
7,61.5,2,4,8071,37.31346047,-104.0260085
7,67.6,2,4,8073,38.984353222,-103.5105105
7,61.1,2,4,8075,40.720271413,-103.108242
7,80.3,2,4,8077,39.012813631,-108.4670195
7,69.8,2,4,8085,38.401400431,-108.267529
7,58.2,2,4,8087,40.253788089,-103.7968604
7,63.2,2,4,8089,37.895006419,-103.7092206
7,39.1,2,4,8093,39.115616211,-105.7086982
7,62.2,2,4,8101,38.16543734,-104.5082569
7,116.5,2,4,8119,38.878811828,-105.1525582
7,61.7,2,4,8121,39.964728334,-103.1982017
7,53.8,2,4,8123,40.549989222,-104.3851274
7,72.6,1,2,8001,39.867446826,-104.3345838
7,71.1,1,2,8005,39.643097569,-104.3392855
7,26.6,1,2,8013,40.089374573,-105.3580496
7,68.1,1,2,8014,39.951559507,-105.060153
7,72.7,1,2,8031,39.759595737,-104.8751379
7,69.7,1,2,8035,39.324122541,-104.9191962
7,66.6,1,2,8039,39.280301523,-104.1306718
7,74.4,1,2,8041,38.827739207,-104.5176529
7,64.1,1,2,8059,39.579438115,-105.2420837
7,29.5,1,2,8069,40.665135184,-105.4619789
7,69.3,2,2,8001,39.867446826,-104.3345838
7,91.2,2,2,8005,39.643097569,-104.3392855
7,82.3,2,2,8013,40.089374573,-105.3580496
7,78.6,2,2,8014,39.951559507,-105.060153
7,43.4,2,2,8031,39.759595737,-104.8751379
7,37.8,2,2,8035,39.324122541,-104.9191962
7,108.1,2,2,8039,39.280301523,-104.1306718
7,71.6,2,2,8041,38.827739207,-104.5176529
7,88.7,2,2,8059,39.579438115,-105.2420837
7,70.1,2,2,8069,40.665135184,-105.4619789
7,66.3,2,2,8119,38.878811828,-105.1525582
7,68.6,2,2,8123,40.549989222,-104.3851274
7,77.6,1,1,8007,37.193806497,-107.0408376
7,90.7,1,1,8067,37.281882228,-107.8379407
7,77.3,1,1,8083,37.33884351,-108.6027508
7,69.4,2,1,8007,37.193806497,-107.0408376
7,67.7,2,1,8067,37.281882228,-107.8379407
7,70.9,2,1,8083,37.33884351,-108.6027508
8,49.4,1,0,9001,41.271791159,-73.384739
8,52.2,1,0,9003,41.805700468,-72.73328658
8,52.6,1,0,9005,41.792743108,-73.24448889
8,53.4,1,0,9007,41.466736943,-72.537224
8,54.9,1,0,9009,41.411248917,-72.93600942
8,52.4,1,0,9011,41.482289255,-72.10131781
8,52.7,1,0,9013,41.852989582,-72.337294
8,58.9,1,0,9015,41.827549183,-71.98851586
8,46.6,2,0,9001,41.271791159,-73.384739
8,52.8,2,0,9003,41.805700468,-72.73328658
8,54.3,2,0,9005,41.792743108,-73.24448889
8,53.2,2,0,9007,41.466736943,-72.537224
8,58.1,2,0,9009,41.411248917,-72.93600942
8,50.9,2,0,9011,41.482289255,-72.10131781
8,53,2,0,9013,41.852989582,-72.337294
8,52.7,2,0,9015,41.827549183,-71.98851586
8,48.1,1,5,9001,41.271791159,-73.384739
8,48,1,5,9003,41.805700468,-72.73328658
8,50.2,1,5,9005,41.792743108,-73.24448889
8,49.5,1,5,9007,41.466736943,-72.537224
8,51,1,5,9009,41.411248917,-72.93600942
8,51.6,1,5,9011,41.482289255,-72.10131781
8,48.6,1,5,9013,41.852989582,-72.337294
8,59.8,1,5,9015,41.827549183,-71.98851586
8,46.4,2,5,9001,41.271791159,-73.384739
8,53.2,2,5,9003,41.805700468,-72.73328658
8,54.3,2,5,9005,41.792743108,-73.24448889
8,53,2,5,9007,41.466736943,-72.537224
8,56.6,2,5,9009,41.411248917,-72.93600942
8,51.1,2,5,9011,41.482289255,-72.10131781
8,53,2,5,9013,41.852989582,-72.337294
8,53,2,5,9015,41.827549183,-71.98851586
8,75.5,1,3,9001,41.271791159,-73.384739
8,82,1,3,9003,41.805700468,-72.73328658
8,73.6,1,3,9005,41.792743108,-73.24448889
8,83.1,1,3,9007,41.466736943,-72.537224
8,76.7,1,3,9009,41.411248917,-72.93600942
8,82.1,1,3,9011,41.482289255,-72.10131781
8,81,1,3,9013,41.852989582,-72.337294
8,73.3,1,3,9015,41.827549183,-71.98851586
8,59.1,2,3,9001,41.271791159,-73.384739
8,61.1,2,3,9003,41.805700468,-72.73328658
8,60.3,2,3,9005,41.792743108,-73.24448889
8,63.1,2,3,9007,41.466736943,-72.537224
8,60.9,2,3,9009,41.411248917,-72.93600942
8,57.1,2,3,9011,41.482289255,-72.10131781
8,54.3,2,3,9013,41.852989582,-72.337294
8,52.7,2,3,9015,41.827549183,-71.98851586
8,33.4,1,4,9001,41.271791159,-73.384739
8,64.6,1,4,9003,41.805700468,-72.73328658
8,37.6,1,4,9005,41.792743108,-73.24448889
8,66.9,1,4,9007,41.466736943,-72.537224
8,75,1,4,9009,41.411248917,-72.93600942
8,64,1,4,9011,41.482289255,-72.10131781
8,54.5,1,4,9013,41.852989582,-72.337294
8,36.5,1,4,9015,41.827549183,-71.98851586
8,34.9,2,4,9001,41.271791159,-73.384739
8,38.1,2,4,9003,41.805700468,-72.73328658
8,41,2,4,9005,41.792743108,-73.24448889
8,49.8,2,4,9007,41.466736943,-72.537224
8,52.4,2,4,9009,41.411248917,-72.93600942
8,36.3,2,4,9011,41.482289255,-72.10131781
8,52.6,2,4,9013,41.852989582,-72.337294
8,44.6,2,4,9015,41.827549183,-71.98851586
8,34.6,1,2,9001,41.271791159,-73.384739
8,41.5,1,2,9003,41.805700468,-72.73328658
8,36.9,1,2,9005,41.792743108,-73.24448889
8,35.9,1,2,9009,41.411248917,-72.93600942
8,45,1,2,9011,41.482289255,-72.10131781
8,49.9,1,2,9013,41.852989582,-72.337294
8,47.6,1,2,9015,41.827549183,-71.98851586
8,41,2,2,9001,41.271791159,-73.384739
8,42.1,2,2,9003,41.805700468,-72.73328658
8,44.8,2,2,9005,41.792743108,-73.24448889
8,39.5,2,2,9009,41.411248917,-72.93600942
8,43.1,2,2,9011,41.482289255,-72.10131781
8,65.4,2,2,9013,41.852989582,-72.337294
8,63.5,2,2,9015,41.827549183,-71.98851586
9,69.5,1,0,11001,38.902601038,-77.01562756
9,71.1,2,0,11001,38.902601038,-77.01562756
9,40.9,1,5,11001,38.902601038,-77.01562756
9,47.8,2,5,11001,38.902601038,-77.01562756
9,98.8,1,3,11001,38.902601038,-77.01562756
9,85.7,2,3,11001,38.902601038,-77.01562756
9,22.2,1,4,11001,38.902601038,-77.01562756
9,43.8,2,4,11001,38.902601038,-77.01562756
9,36.5,1,2,11001,38.902601038,-77.01562756
9,45.3,2,2,11001,38.902601038,-77.01562756
10,87.3,1,0,10001,39.086940166,-75.56905013
10,103.4,1,0,10003,39.584617231,-75.64975305
10,78.5,1,0,10005,38.664594242,-75.3890034
10,86.7,2,0,10001,39.086940166,-75.56905013
10,89.6,2,0,10003,39.584617231,-75.64975305
10,74,2,0,10005,38.664594242,-75.3890034
10,80.2,1,5,10001,39.086940166,-75.56905013
10,96.8,1,5,10003,39.584617231,-75.64975305
10,74.1,1,5,10005,38.664594242,-75.3890034
10,82.2,2,5,10001,39.086940166,-75.56905013
10,87.8,2,5,10003,39.584617231,-75.64975305
10,73.6,2,5,10005,38.664594242,-75.3890034
10,136.1,1,3,10001,39.086940166,-75.56905013
10,134.4,1,3,10003,39.584617231,-75.64975305
10,139.1,1,3,10005,38.664594242,-75.3890034
10,99.4,2,3,10001,39.086940166,-75.56905013
10,99.6,2,3,10003,39.584617231,-75.64975305
10,89.6,2,3,10005,38.664594242,-75.3890034
10,68.7,1,4,10001,39.086940166,-75.56905013
10,106.9,1,4,10003,39.584617231,-75.64975305
10,42.9,1,4,10005,38.664594242,-75.3890034
10,50,2,4,10001,39.086940166,-75.56905013
10,52.7,2,4,10003,39.584617231,-75.64975305
10,86.7,2,4,10005,38.664594242,-75.3890034
10,58,1,2,10003,39.584617231,-75.64975305
10,55.7,2,2,10003,39.584617231,-75.64975305
11,72.7,1,0,12001,29.676833108,-82.35397341
11,98.3,1,0,12003,30.330529541,-82.2839573
11,64,1,0,12005,30.28637671,-85.53332766
11,84.1,1,0,12007,29.951449388,-82.16332856
11,79.5,1,0,12009,28.258619431,-80.74865569
11,106,1,0,12011,26.15335887,-80.49120591
11,79.1,1,0,12013,30.409594491,-85.19594836
11,55.7,1,0,12015,26.905289055,-81.89067786
11,96.1,1,0,12017,28.853125505,-82.45873226
11,91.3,1,0,12019,29.985453694,-81.85234711
11,72.9,1,0,12021,26.122851088,-81.33238647
11,76.2,1,0,12023,30.223834075,-82.61861824
11,45.1,1,0,12027,27.184967875,-81.80774206
11,84.8,1,0,12029,29.615313877,-83.15121012
11,116.3,1,0,12031,30.327421858,-81.68880295
11,107.4,1,0,12033,30.705187205,-87.36549266
11,79.5,1,0,12035,29.459350885,-81.31468189
11,66.3,1,0,12037,29.890238687,-84.80386879
11,83.4,1,0,12039,30.585505234,-84.61308695
11,74.4,1,0,12041,29.73038428,-82.79542897
11,61.1,1,0,12043,26.957363137,-81.18490163
11,64.4,1,0,12045,29.957369289,-85.2216802
11,76.9,1,0,12047,30.497767744,-82.94448173
11,91.5,1,0,12049,27.490601062,-81.81022121
11,65.2,1,0,12051,26.552187876,-81.16538929
11,58.6,1,0,12053,28.549811184,-82.41661036
11,84.4,1,0,12055,27.342386303,-81.3396265
11,54.8,1,0,12057,27.929801552,-82.30680977
11,87,1,0,12059,30.871504819,-85.80978395
11,55,1,0,12061,27.693279436,-80.62239514
11,88.5,1,0,12063,30.798809151,-85.21237875
11,76.4,1,0,12065,30.433822764,-83.89593633
11,75.7,1,0,12067,29.988977323,-83.17831563
11,62.4,1,0,12069,28.763922863,-81.70570382
11,53.4,1,0,12071,26.580888591,-81.79745277
11,76.8,1,0,12073,30.463656177,-84.278389
11,81.3,1,0,12075,29.326174438,-82.73615238
11,78.6,1,0,12077,30.244367428,-84.88002316
11,80.9,1,0,12079,30.446599128,-83.46557726
11,50.2,1,0,12081,27.468483517,-82.29531937
11,46,1,0,12083,29.210778443,-82.05483535
11,67.7,1,0,12085,27.073518402,-80.45010924
11,89.7,1,0,12086,25.610793049,-80.57137443
11,78.7,1,0,12087,25.490467747,-80.99198609
11,94.3,1,0,12089,30.606200758,-81.83275242
11,80.9,1,0,12091,30.713697869,-86.59118115
11,70.1,1,0,12093,27.392003723,-80.888376
11,89.5,1,0,12095,28.510548129,-81.32223715
11,89.8,1,0,12097,28.058105638,-81.14897019
11,68.4,1,0,12099,26.646846075,-80.47592594
11,67.9,1,0,12101,28.308432901,-82.38667112
11,56.2,1,0,12103,27.937881081,-82.72564761
11,92.7,1,0,12105,27.946049795,-81.69939066
11,67.1,1,0,12107,29.609446558,-81.73916655
11,56.6,1,0,12109,29.888696662,-81.45087542
11,67,1,0,12111,27.375723273,-80.48624545
11,90.1,1,0,12113,30.732388244,-87.01244177
11,51.3,1,0,12115,27.180443239,-82.31724995
11,91.5,1,0,12117,28.714861372,-81.23397589
11,54.5,1,0,12119,28.702655881,-82.07842445
11,74.1,1,0,12121,30.200396502,-82.98588322
11,88.7,1,0,12123,30.050113424,-83.59747138
11,88.5,1,0,12125,30.043173127,-82.36822909
11,91.7,1,0,12127,29.056333267,-81.19268575
11,70,1,0,12129,30.174434357,-84.4006385
11,65.2,1,0,12131,30.655965809,-86.15745736
11,82.8,1,0,12133,30.614771948,-85.66036722
11,77,2,0,12001,29.676833108,-82.35397341
11,95.9,2,0,12003,30.330529541,-82.2839573
11,77,2,0,12005,30.28637671,-85.53332766
11,84.4,2,0,12007,29.951449388,-82.16332856
11,87.5,2,0,12009,28.258619431,-80.74865569
11,115.7,2,0,12011,26.15335887,-80.49120591
11,74,2,0,12013,30.409594491,-85.19594836
11,48.6,2,0,12015,26.905289055,-81.89067786
11,121.1,2,0,12017,28.853125505,-82.45873226
11,94.8,2,0,12019,29.985453694,-81.85234711
11,78.2,2,0,12021,26.122851088,-81.33238647
11,84,2,0,12023,30.223834075,-82.61861824
11,58,2,0,12027,27.184967875,-81.80774206
11,91.5,2,0,12029,29.615313877,-83.15121012
11,96.6,2,0,12031,30.327421858,-81.68880295
11,88.6,2,0,12033,30.705187205,-87.36549266
11,100.2,2,0,12035,29.459350885,-81.31468189
11,78.2,2,0,12037,29.890238687,-84.80386879
11,74.7,2,0,12039,30.585505234,-84.61308695
11,84.5,2,0,12041,29.73038428,-82.79542897
11,58.8,2,0,12043,26.957363137,-81.18490163
11,76.2,2,0,12045,29.957369289,-85.2216802
11,87.3,2,0,12047,30.497767744,-82.94448173
11,88.1,2,0,12049,27.490601062,-81.81022121
11,68.3,2,0,12051,26.552187876,-81.16538929
11,63.3,2,0,12053,28.549811184,-82.41661036
11,86.4,2,0,12055,27.342386303,-81.3396265
11,56.4,2,0,12057,27.929801552,-82.30680977
11,81.7,2,0,12059,30.871504819,-85.80978395
11,65.8,2,0,12061,27.693279436,-80.62239514
11,74.1,2,0,12063,30.798809151,-85.21237875
11,79.5,2,0,12065,30.433822764,-83.89593633
11,88.3,2,0,12067,29.988977323,-83.17831563
11,63.9,2,0,12069,28.763922863,-81.70570382
11,49.6,2,0,12071,26.580888591,-81.79745277
11,76.5,2,0,12073,30.463656177,-84.278389
11,105.9,2,0,12075,29.326174438,-82.73615238
11,74.4,2,0,12077,30.244367428,-84.88002316
11,87.5,2,0,12079,30.446599128,-83.46557726
11,47.7,2,0,12081,27.468483517,-82.29531937
11,54.9,2,0,12083,29.210778443,-82.05483535
11,67.2,2,0,12085,27.073518402,-80.45010924
11,83.7,2,0,12086,25.610793049,-80.57137443
11,80.3,2,0,12087,25.490467747,-80.99198609
11,96.7,2,0,12089,30.606200758,-81.83275242
11,92.9,2,0,12091,30.713697869,-86.59118115
11,61.5,2,0,12093,27.392003723,-80.888376
11,101.5,2,0,12095,28.510548129,-81.32223715
11,99.2,2,0,12097,28.058105638,-81.14897019
11,69.1,2,0,12099,26.646846075,-80.47592594
11,64.9,2,0,12101,28.308432901,-82.38667112
11,55.9,2,0,12103,27.937881081,-82.72564761
11,101.1,2,0,12105,27.946049795,-81.69939066
11,70.9,2,0,12107,29.609446558,-81.73916655
11,59.5,2,0,12109,29.888696662,-81.45087542
11,70.4,2,0,12111,27.375723273,-80.48624545
11,92.4,2,0,12113,30.732388244,-87.01244177
11,49.9,2,0,12115,27.180443239,-82.31724995
11,110.5,2,0,12117,28.714861372,-81.23397589
11,54.3,2,0,12119,28.702655881,-82.07842445
11,90.9,2,0,12121,30.200396502,-82.98588322
11,89.7,2,0,12123,30.050113424,-83.59747138
11,82.2,2,0,12125,30.043173127,-82.36822909
11,92,2,0,12127,29.056333267,-81.19268575
11,75.5,2,0,12129,30.174434357,-84.4006385
11,84.9,2,0,12131,30.655965809,-86.15745736
11,77,2,0,12133,30.614771948,-85.66036722
11,63.9,1,5,12001,29.676833108,-82.35397341
11,98.4,1,5,12003,30.330529541,-82.2839573
11,62.3,1,5,12005,30.28637671,-85.53332766
11,82.6,1,5,12007,29.951449388,-82.16332856
11,80.1,1,5,12009,28.258619431,-80.74865569
11,101.9,1,5,12011,26.15335887,-80.49120591
11,74.4,1,5,12013,30.409594491,-85.19594836
11,55.3,1,5,12015,26.905289055,-81.89067786
11,91.2,1,5,12017,28.853125505,-82.45873226
11,91.5,1,5,12019,29.985453694,-81.85234711
11,68.4,1,5,12021,26.122851088,-81.33238647
11,71.4,1,5,12023,30.223834075,-82.61861824
11,47.6,1,5,12027,27.184967875,-81.80774206
11,82.8,1,5,12029,29.615313877,-83.15121012
11,109.8,1,5,12031,30.327421858,-81.68880295
11,98.2,1,5,12033,30.705187205,-87.36549266
11,82.5,1,5,12035,29.459350885,-81.31468189
11,69.5,1,5,12037,29.890238687,-84.80386879
11,68.5,1,5,12039,30.585505234,-84.61308695
11,69,1,5,12041,29.73038428,-82.79542897
11,60.9,1,5,12043,26.957363137,-81.18490163
11,65.4,1,5,12045,29.957369289,-85.2216802
11,70.5,1,5,12047,30.497767744,-82.94448173
11,86.5,1,5,12049,27.490601062,-81.81022121
11,65.1,1,5,12051,26.552187876,-81.16538929
11,60.5,1,5,12053,28.549811184,-82.41661036
11,78.1,1,5,12055,27.342386303,-81.3396265
11,55,1,5,12057,27.929801552,-82.30680977
11,83.6,1,5,12059,30.871504819,-85.80978395
11,53.9,1,5,12061,27.693279436,-80.62239514
11,81.2,1,5,12063,30.798809151,-85.21237875
11,65.9,1,5,12065,30.433822764,-83.89593633
11,71.6,1,5,12067,29.988977323,-83.17831563
11,57.8,1,5,12069,28.763922863,-81.70570382
11,58,1,5,12071,26.580888591,-81.79745277
11,63.4,1,5,12073,30.463656177,-84.278389
11,78.1,1,5,12075,29.326174438,-82.73615238
11,68.9,1,5,12077,30.244367428,-84.88002316
11,72.8,1,5,12079,30.446599128,-83.46557726
11,48.4,1,5,12081,27.468483517,-82.29531937
11,47.1,1,5,12083,29.210778443,-82.05483535
11,64.6,1,5,12085,27.073518402,-80.45010924
11,94.9,1,5,12086,25.610793049,-80.57137443
11,69.3,1,5,12087,25.490467747,-80.99198609
11,90.5,1,5,12089,30.606200758,-81.83275242
11,76.8,1,5,12091,30.713697869,-86.59118115
11,68.1,1,5,12093,27.392003723,-80.888376
11,85.3,1,5,12095,28.510548129,-81.32223715
11,80.4,1,5,12097,28.058105638,-81.14897019
11,64.9,1,5,12099,26.646846075,-80.47592594
11,69.1,1,5,12101,28.308432901,-82.38667112
11,52.5,1,5,12103,27.937881081,-82.72564761
11,86.6,1,5,12105,27.946049795,-81.69939066
11,62.6,1,5,12107,29.609446558,-81.73916655
11,57.3,1,5,12109,29.888696662,-81.45087542
11,63,1,5,12111,27.375723273,-80.48624545
11,91.3,1,5,12113,30.732388244,-87.01244177
11,50.9,1,5,12115,27.180443239,-82.31724995
11,93,1,5,12117,28.714861372,-81.23397589
11,56.3,1,5,12119,28.702655881,-82.07842445
11,70.2,1,5,12121,30.200396502,-82.98588322
11,81.1,1,5,12123,30.050113424,-83.59747138
11,85.6,1,5,12125,30.043173127,-82.36822909
11,90.1,1,5,12127,29.056333267,-81.19268575
11,59.7,1,5,12129,30.174434357,-84.4006385
11,66.5,1,5,12131,30.655965809,-86.15745736
11,81.5,1,5,12133,30.614771948,-85.66036722
11,74.9,2,5,12001,29.676833108,-82.35397341
11,93,2,5,12003,30.330529541,-82.2839573
11,77.8,2,5,12005,30.28637671,-85.53332766
11,85.9,2,5,12007,29.951449388,-82.16332856
11,84.6,2,5,12009,28.258619431,-80.74865569
11,122,2,5,12011,26.15335887,-80.49120591
11,73,2,5,12013,30.409594491,-85.19594836
11,47.9,2,5,12015,26.905289055,-81.89067786
11,123.5,2,5,12017,28.853125505,-82.45873226
11,96.5,2,5,12019,29.985453694,-81.85234711
11,76.2,2,5,12021,26.122851088,-81.33238647
11,80.3,2,5,12023,30.223834075,-82.61861824
11,55.7,2,5,12027,27.184967875,-81.80774206
11,89.3,2,5,12029,29.615313877,-83.15121012
11,91.6,2,5,12031,30.327421858,-81.68880295
11,87.2,2,5,12033,30.705187205,-87.36549266
11,101.1,2,5,12035,29.459350885,-81.31468189
11,76.4,2,5,12037,29.890238687,-84.80386879
11,68.2,2,5,12039,30.585505234,-84.61308695
11,82.1,2,5,12041,29.73038428,-82.79542897
11,55.1,2,5,12043,26.957363137,-81.18490163
11,76.3,2,5,12045,29.957369289,-85.2216802
11,81.8,2,5,12047,30.497767744,-82.94448173
11,79.6,2,5,12049,27.490601062,-81.81022121
11,77.8,2,5,12051,26.552187876,-81.16538929
11,66.6,2,5,12053,28.549811184,-82.41661036
11,83.5,2,5,12055,27.342386303,-81.3396265
11,53.5,2,5,12057,27.929801552,-82.30680977
11,82.9,2,5,12059,30.871504819,-85.80978395
11,66.4,2,5,12061,27.693279436,-80.62239514
11,70.2,2,5,12063,30.798809151,-85.21237875
11,73.2,2,5,12065,30.433822764,-83.89593633
11,82.3,2,5,12067,29.988977323,-83.17831563
11,63,2,5,12069,28.763922863,-81.70570382
11,48.9,2,5,12071,26.580888591,-81.79745277
11,71.2,2,5,12073,30.463656177,-84.278389
11,105,2,5,12075,29.326174438,-82.73615238
11,69.2,2,5,12077,30.244367428,-84.88002316
11,81.8,2,5,12079,30.446599128,-83.46557726
11,46.6,2,5,12081,27.468483517,-82.29531937
11,55,2,5,12083,29.210778443,-82.05483535
11,63.9,2,5,12085,27.073518402,-80.45010924
11,102.2,2,5,12086,25.610793049,-80.57137443
11,73.6,2,5,12087,25.490467747,-80.99198609
11,93.7,2,5,12089,30.606200758,-81.83275242
11,92.9,2,5,12091,30.713697869,-86.59118115
11,61.8,2,5,12093,27.392003723,-80.888376
11,106.6,2,5,12095,28.510548129,-81.32223715
11,108,2,5,12097,28.058105638,-81.14897019
11,64.2,2,5,12099,26.646846075,-80.47592594
11,66.1,2,5,12101,28.308432901,-82.38667112
11,53.7,2,5,12103,27.937881081,-82.72564761
11,97.3,2,5,12105,27.946049795,-81.69939066
11,71.2,2,5,12107,29.609446558,-81.73916655
11,59.7,2,5,12109,29.888696662,-81.45087542
11,63.6,2,5,12111,27.375723273,-80.48624545
11,92,2,5,12113,30.732388244,-87.01244177
11,49.3,2,5,12115,27.180443239,-82.31724995
11,112.5,2,5,12117,28.714861372,-81.23397589
11,55.6,2,5,12119,28.702655881,-82.07842445
11,83.9,2,5,12121,30.200396502,-82.98588322
11,77.9,2,5,12123,30.050113424,-83.59747138
11,79.6,2,5,12125,30.043173127,-82.36822909
11,88.8,2,5,12127,29.056333267,-81.19268575
11,69.8,2,5,12129,30.174434357,-84.4006385
11,85.6,2,5,12131,30.655965809,-86.15745736
11,78.5,2,5,12133,30.614771948,-85.66036722
11,113.6,1,3,12001,29.676833108,-82.35397341
11,119.5,1,3,12003,30.330529541,-82.2839573
11,109.6,1,3,12005,30.28637671,-85.53332766
11,112.3,1,3,12007,29.951449388,-82.16332856
11,107.6,1,3,12009,28.258619431,-80.74865569
11,139.5,1,3,12011,26.15335887,-80.49120591
11,128.3,1,3,12013,30.409594491,-85.19594836
11,85.5,1,3,12015,26.905289055,-81.89067786
11,145.5,1,3,12017,28.853125505,-82.45873226
11,133.2,1,3,12019,29.985453694,-81.85234711
11,120.4,1,3,12021,26.122851088,-81.33238647
11,116,1,3,12023,30.223834075,-82.61861824
11,96.7,1,3,12027,27.184967875,-81.80774206
11,152.4,1,3,12031,30.327421858,-81.68880295
11,161.1,1,3,12033,30.705187205,-87.36549266
11,92.4,1,3,12035,29.459350885,-81.31468189
11,140.1,1,3,12039,30.585505234,-84.61308695
11,121.3,1,3,12041,29.73038428,-82.79542897
11,85.4,1,3,12043,26.957363137,-81.18490163
11,114.9,1,3,12047,30.497767744,-82.94448173
11,125.8,1,3,12049,27.490601062,-81.81022121
11,122.4,1,3,12051,26.552187876,-81.16538929
11,60.9,1,3,12053,28.549811184,-82.41661036
11,179.8,1,3,12055,27.342386303,-81.3396265
11,75.8,1,3,12057,27.929801552,-82.30680977
11,117.6,1,3,12059,30.871504819,-85.80978395
11,106.6,1,3,12061,27.693279436,-80.62239514
11,125.1,1,3,12063,30.798809151,-85.21237875
11,111.8,1,3,12065,30.433822764,-83.89593633
11,130.3,1,3,12069,28.763922863,-81.70570382
11,65.7,1,3,12071,26.580888591,-81.79745277
11,138.5,1,3,12073,30.463656177,-84.278389
11,100.7,1,3,12075,29.326174438,-82.73615238
11,132.8,1,3,12077,30.244367428,-84.88002316
11,95.2,1,3,12079,30.446599128,-83.46557726
11,118.1,1,3,12081,27.468483517,-82.29531937
11,77,1,3,12083,29.210778443,-82.05483535
11,104.9,1,3,12085,27.073518402,-80.45010924
11,142.4,1,3,12086,25.610793049,-80.57137443
11,143.5,1,3,12087,25.490467747,-80.99198609
11,155.8,1,3,12089,30.606200758,-81.83275242
11,165.6,1,3,12091,30.713697869,-86.59118115
11,128.1,1,3,12093,27.392003723,-80.888376
11,116.7,1,3,12095,28.510548129,-81.32223715
11,137,1,3,12097,28.058105638,-81.14897019
11,109.7,1,3,12099,26.646846075,-80.47592594
11,94.5,1,3,12101,28.308432901,-82.38667112
11,85.9,1,3,12103,27.937881081,-82.72564761
11,161.7,1,3,12105,27.946049795,-81.69939066
11,97.5,1,3,12107,29.609446558,-81.73916655
11,108.7,1,3,12109,29.888696662,-81.45087542
11,110.7,1,3,12111,27.375723273,-80.48624545
11,165.8,1,3,12113,30.732388244,-87.01244177
11,102.8,1,3,12115,27.180443239,-82.31724995
11,110.8,1,3,12117,28.714861372,-81.23397589
11,98.3,1,3,12119,28.702655881,-82.07842445
11,118.7,1,3,12121,30.200396502,-82.98588322
11,112.3,1,3,12125,30.043173127,-82.36822909
11,121.9,1,3,12127,29.056333267,-81.19268575
11,79.8,1,3,12129,30.174434357,-84.4006385
11,126.8,1,3,12131,30.655965809,-86.15745736
11,115.1,1,3,12133,30.614771948,-85.66036722
11,106.7,2,3,12001,29.676833108,-82.35397341
11,119.1,2,3,12003,30.330529541,-82.2839573
11,75.5,2,3,12005,30.28637671,-85.53332766
11,105.5,2,3,12007,29.951449388,-82.16332856
11,113.1,2,3,12009,28.258619431,-80.74865569
11,134,2,3,12011,26.15335887,-80.49120591
11,79.7,2,3,12013,30.409594491,-85.19594836
11,75.7,2,3,12015,26.905289055,-81.89067786
11,59.4,2,3,12017,28.853125505,-82.45873226
11,114.2,2,3,12019,29.985453694,-81.85234711
11,124.6,2,3,12021,26.122851088,-81.33238647
11,129.1,2,3,12023,30.223834075,-82.61861824
11,80.4,2,3,12027,27.184967875,-81.80774206
11,116.6,2,3,12031,30.327421858,-81.68880295
11,120.6,2,3,12033,30.705187205,-87.36549266
11,122.3,2,3,12035,29.459350885,-81.31468189
11,97.5,2,3,12039,30.585505234,-84.61308695
11,126,2,3,12041,29.73038428,-82.79542897
11,99.3,2,3,12043,26.957363137,-81.18490163
11,111.8,2,3,12047,30.497767744,-82.94448173
11,101,2,3,12049,27.490601062,-81.81022121
11,119.9,2,3,12051,26.552187876,-81.16538929
11,84.3,2,3,12053,28.549811184,-82.41661036
11,118.4,2,3,12055,27.342386303,-81.3396265
11,85.2,2,3,12057,27.929801552,-82.30680977
11,106.9,2,3,12061,27.693279436,-80.62239514
11,97.6,2,3,12063,30.798809151,-85.21237875
11,107.4,2,3,12065,30.433822764,-83.89593633
11,161.7,2,3,12067,29.988977323,-83.17831563
11,92.7,2,3,12069,28.763922863,-81.70570382
11,79.1,2,3,12071,26.580888591,-81.79745277
11,97.1,2,3,12073,30.463656177,-84.278389
11,99,2,3,12075,29.326174438,-82.73615238
11,95.2,2,3,12077,30.244367428,-84.88002316
11,108.7,2,3,12079,30.446599128,-83.46557726
11,80,2,3,12081,27.468483517,-82.29531937
11,67.2,2,3,12083,29.210778443,-82.05483535
11,105.8,2,3,12085,27.073518402,-80.45010924
11,132.4,2,3,12086,25.610793049,-80.57137443
11,127.2,2,3,12087,25.490467747,-80.99198609
11,115.6,2,3,12089,30.606200758,-81.83275242
11,118.8,2,3,12091,30.713697869,-86.59118115
11,110.5,2,3,12093,27.392003723,-80.888376
11,111.6,2,3,12095,28.510548129,-81.32223715
11,110.8,2,3,12097,28.058105638,-81.14897019
11,113.8,2,3,12099,26.646846075,-80.47592594
11,103.7,2,3,12101,28.308432901,-82.38667112
11,87.4,2,3,12103,27.937881081,-82.72564761
11,120.7,2,3,12105,27.946049795,-81.69939066
11,94.8,2,3,12107,29.609446558,-81.73916655
11,115.2,2,3,12109,29.888696662,-81.45087542
11,98.9,2,3,12111,27.375723273,-80.48624545
11,117.5,2,3,12113,30.732388244,-87.01244177
11,73.9,2,3,12115,27.180443239,-82.31724995
11,109.8,2,3,12117,28.714861372,-81.23397589
11,88.9,2,3,12119,28.702655881,-82.07842445
11,154,2,3,12121,30.200396502,-82.98588322
11,158.7,2,3,12123,30.050113424,-83.59747138
11,128.9,2,3,12125,30.043173127,-82.36822909
11,123.1,2,3,12127,29.056333267,-81.19268575
11,101.5,2,3,12129,30.174434357,-84.4006385
11,100.8,2,3,12131,30.655965809,-86.15745736
11,75.5,2,3,12133,30.614771948,-85.66036722
11,46,1,4,12001,29.676833108,-82.35397341
11,88.3,1,4,12003,30.330529541,-82.2839573
11,34.6,1,4,12005,30.28637671,-85.53332766
11,73.7,1,4,12009,28.258619431,-80.74865569
11,83.9,1,4,12011,26.15335887,-80.49120591
11,57,1,4,12015,26.905289055,-81.89067786
11,90.6,1,4,12017,28.853125505,-82.45873226
11,82.5,1,4,12019,29.985453694,-81.85234711
11,82.7,1,4,12021,26.122851088,-81.33238647
11,56.1,1,4,12027,27.184967875,-81.80774206
11,92.8,1,4,12031,30.327421858,-81.68880295
11,53,1,4,12033,30.705187205,-87.36549266
11,87.2,1,4,12035,29.459350885,-81.31468189
11,57,1,4,12043,26.957363137,-81.18490163
11,45,1,4,12049,27.490601062,-81.81022121
11,56.7,1,4,12051,26.552187876,-81.16538929
11,68.9,1,4,12053,28.549811184,-82.41661036
11,88.5,1,4,12055,27.342386303,-81.3396265
11,43,1,4,12057,27.929801552,-82.30680977
11,50.3,1,4,12061,27.693279436,-80.62239514
11,76.6,1,4,12069,28.763922863,-81.70570382
11,46.7,1,4,12071,26.580888591,-81.79745277
11,16.6,1,4,12073,30.463656177,-84.278389
11,39.8,1,4,12075,29.326174438,-82.73615238
11,47.1,1,4,12081,27.468483517,-82.29531937
11,36.7,1,4,12083,29.210778443,-82.05483535
11,56.1,1,4,12085,27.073518402,-80.45010924
11,79,1,4,12086,25.610793049,-80.57137443
11,77.9,1,4,12087,25.490467747,-80.99198609
11,97.8,1,4,12089,30.606200758,-81.83275242
11,37.2,1,4,12091,30.713697869,-86.59118115
11,69.9,1,4,12093,27.392003723,-80.888376
11,83.6,1,4,12095,28.510548129,-81.32223715
11,89.4,1,4,12097,28.058105638,-81.14897019
11,63,1,4,12099,26.646846075,-80.47592594
11,54.9,1,4,12101,28.308432901,-82.38667112
11,62.5,1,4,12103,27.937881081,-82.72564761
11,87.1,1,4,12105,27.946049795,-81.69939066
11,87.2,1,4,12107,29.609446558,-81.73916655
11,91.2,1,4,12109,29.888696662,-81.45087542
11,42.2,1,4,12111,27.375723273,-80.48624545
11,40.5,1,4,12113,30.732388244,-87.01244177
11,43.2,1,4,12115,27.180443239,-82.31724995
11,79.1,1,4,12117,28.714861372,-81.23397589
11,79.5,1,4,12119,28.702655881,-82.07842445
11,81.2,1,4,12127,29.056333267,-81.19268575
11,55.2,2,4,12001,29.676833108,-82.35397341
11,71.1,2,4,12003,30.330529541,-82.2839573
11,25.7,2,4,12005,30.28637671,-85.53332766
11,76.5,2,4,12009,28.258619431,-80.74865569
11,79.3,2,4,12011,26.15335887,-80.49120591
11,41.1,2,4,12015,26.905289055,-81.89067786
11,86,2,4,12017,28.853125505,-82.45873226
11,57.4,2,4,12019,29.985453694,-81.85234711
11,73.8,2,4,12021,26.122851088,-81.33238647
11,64,2,4,12027,27.184967875,-81.80774206
11,75.8,2,4,12031,30.327421858,-81.68880295
11,34.7,2,4,12033,30.705187205,-87.36549266
11,66.7,2,4,12035,29.459350885,-81.31468189
11,60.5,2,4,12043,26.957363137,-81.18490163
11,88.3,2,4,12049,27.490601062,-81.81022121
11,59.9,2,4,12051,26.552187876,-81.16538929
11,46.3,2,4,12053,28.549811184,-82.41661036
11,96.3,2,4,12055,27.342386303,-81.3396265
11,53,2,4,12057,27.929801552,-82.30680977
11,53.5,2,4,12061,27.693279436,-80.62239514
11,85,2,4,12069,28.763922863,-81.70570382
11,53.5,2,4,12071,26.580888591,-81.79745277
11,43.2,2,4,12073,30.463656177,-84.278389
11,75.1,2,4,12075,29.326174438,-82.73615238
11,64.2,2,4,12081,27.468483517,-82.29531937
11,71.9,2,4,12083,29.210778443,-82.05483535
11,56.7,2,4,12085,27.073518402,-80.45010924
11,73.1,2,4,12086,25.610793049,-80.57137443
11,72.4,2,4,12087,25.490467747,-80.99198609
11,80.7,2,4,12089,30.606200758,-81.83275242
11,77.6,2,4,12091,30.713697869,-86.59118115
11,56.9,2,4,12093,27.392003723,-80.888376
11,89,2,4,12095,28.510548129,-81.32223715
11,90.1,2,4,12097,28.058105638,-81.14897019
11,65.3,2,4,12099,26.646846075,-80.47592594
11,45.4,2,4,12101,28.308432901,-82.38667112
11,49.9,2,4,12103,27.937881081,-82.72564761
11,107,2,4,12105,27.946049795,-81.69939066
11,62.9,2,4,12107,29.609446558,-81.73916655
11,58.7,2,4,12109,29.888696662,-81.45087542
11,45.7,2,4,12111,27.375723273,-80.48624545
11,72.4,2,4,12113,30.732388244,-87.01244177
11,41.1,2,4,12115,27.180443239,-82.31724995
11,98.9,2,4,12117,28.714861372,-81.23397589
11,75.7,2,4,12119,28.702655881,-82.07842445
11,82.2,2,4,12127,29.056333267,-81.19268575
11,56.7,1,2,12001,29.676833108,-82.35397341
11,61.1,1,2,12009,28.258619431,-80.74865569
11,92.3,1,2,12011,26.15335887,-80.49120591
11,57.5,1,2,12019,29.985453694,-81.85234711
11,84.2,1,2,12021,26.122851088,-81.33238647
11,57.2,1,2,12031,30.327421858,-81.68880295
11,69.3,1,2,12033,30.705187205,-87.36549266
11,65,1,2,12049,27.490601062,-81.81022121
11,74.6,1,2,12051,26.552187876,-81.16538929
11,56.1,1,2,12057,27.929801552,-82.30680977
11,67.3,1,2,12069,28.763922863,-81.70570382
11,56.1,1,2,12071,26.580888591,-81.79745277
11,53.2,1,2,12073,30.463656177,-84.278389
11,66.1,1,2,12081,27.468483517,-82.29531937
11,43.5,1,2,12083,29.210778443,-82.05483535
11,81.1,1,2,12086,25.610793049,-80.57137443
11,65.5,1,2,12087,25.490467747,-80.99198609
11,55.7,1,2,12093,27.392003723,-80.888376
11,76.2,1,2,12095,28.510548129,-81.32223715
11,73.5,1,2,12097,28.058105638,-81.14897019
11,59,1,2,12099,26.646846075,-80.47592594
11,45.7,1,2,12101,28.308432901,-82.38667112
11,52.3,1,2,12103,27.937881081,-82.72564761
11,77.1,1,2,12105,27.946049795,-81.69939066
11,55,1,2,12109,29.888696662,-81.45087542
11,59,1,2,12115,27.180443239,-82.31724995
11,63.2,1,2,12117,28.714861372,-81.23397589
11,52.4,1,2,12119,28.702655881,-82.07842445
11,56.2,1,2,12127,29.056333267,-81.19268575
11,18.4,2,2,12001,29.676833108,-82.35397341
11,71.4,2,2,12003,30.330529541,-82.2839573
11,123,2,2,12005,30.28637671,-85.53332766
11,77.7,2,2,12009,28.258619431,-80.74865569
11,66.7,2,2,12011,26.15335887,-80.49120591
11,55.5,2,2,12019,29.985453694,-81.85234711
11,62.4,2,2,12021,26.122851088,-81.33238647
11,72.3,2,2,12031,30.327421858,-81.68880295
11,47.3,2,2,12033,30.705187205,-87.36549266
11,36.7,2,2,12049,27.490601062,-81.81022121
11,56,2,2,12051,26.552187876,-81.16538929
11,44.8,2,2,12057,27.929801552,-82.30680977
11,69.5,2,2,12061,27.693279436,-80.62239514
11,62,2,2,12069,28.763922863,-81.70570382
11,59.9,2,2,12071,26.580888591,-81.79745277
11,22.3,2,2,12073,30.463656177,-84.278389
11,38,2,2,12081,27.468483517,-82.29531937
11,15.8,2,2,12083,29.210778443,-82.05483535
11,64.1,2,2,12086,25.610793049,-80.57137443
11,52.2,2,2,12087,25.490467747,-80.99198609
11,74.2,2,2,12089,30.606200758,-81.83275242
11,44.7,2,2,12091,30.713697869,-86.59118115
11,36.6,2,2,12093,27.392003723,-80.888376
11,60.8,2,2,12095,28.510548129,-81.32223715
11,60.2,2,2,12097,28.058105638,-81.14897019
11,36.9,2,2,12099,26.646846075,-80.47592594
11,44.7,2,2,12101,28.308432901,-82.38667112
11,46,2,2,12103,27.937881081,-82.72564761
11,48,2,2,12105,27.946049795,-81.69939066
11,97.2,2,2,12107,29.609446558,-81.73916655
11,36.3,2,2,12109,29.888696662,-81.45087542
11,52.1,2,2,12111,27.375723273,-80.48624545
11,44.3,2,2,12113,30.732388244,-87.01244177
11,44.1,2,2,12115,27.180443239,-82.31724995
11,66.1,2,2,12117,28.714861372,-81.23397589
11,43.9,2,2,12119,28.702655881,-82.07842445
11,93.7,2,2,12127,29.056333267,-81.19268575
12,79.5,1,0,13001,31.748710422,-82.28584187
12,89.8,1,0,13003,31.298085917,-82.8764794
12,115.9,1,0,13005,31.552625116,-82.44844815
12,114.1,1,0,13007,31.328307408,-84.4367135
12,80.1,1,0,13009,33.06454559,-83.24316995
12,79.4,1,0,13011,34.355224839,-83.49745693
12,88.9,1,0,13013,33.997147386,-83.71062359
12,93.7,1,0,13015,34.242152844,-84.83823879
12,94,1,0,13017,31.758910839,-83.21790504
12,91.8,1,0,13019,31.27420185,-83.22881464
12,90.5,1,0,13021,32.801363553,-83.69298879
12,89,1,0,13023,32.431218414,-83.32181741
12,80.2,1,0,13025,31.197787335,-81.97727104
12,88,1,0,13027,30.841446115,-83.57755981
12,70.4,1,0,13029,32.022432858,-81.44957007
12,87.2,1,0,13031,32.396218856,-81.73983092
12,97,1,0,13033,33.059596721,-81.99974218
12,130.9,1,0,13035,33.292490512,-83.95632192
12,107.4,1,0,13037,31.528006961,-84.62031507
12,78.3,1,0,13039,30.930361032,-81.68070853
12,86.2,1,0,13043,32.398749171,-82.06996471
12,88.6,1,0,13045,33.581452354,-85.07645063
12,92,1,0,13047,34.903543869,-85.13244499
12,80.7,1,0,13049,30.785436152,-82.13427702
12,70.5,1,0,13051,32.01156391,-81.15245396
12,107.7,1,0,13053,32.343282039,-84.78149326
12,89.7,1,0,13055,34.474367825,-85.3418271
12,83.7,1,0,13057,34.250503199,-84.47405041
12,94.3,1,0,13059,33.955881571,-83.36843056
12,93,1,0,13061,31.628180152,-84.97587221
12,101.7,1,0,13063,33.542723319,-84.35030499
12,75.7,1,0,13065,30.913892851,-82.70291467
12,94.1,1,0,13067,33.948664317,-84.57215492
12,90.6,1,0,13069,31.548842672,-82.8506822
12,104.8,1,0,13071,31.187943516,-83.76660765
12,52.4,1,0,13073,33.549228623,-82.26803171
12,99.7,1,0,13075,31.154422935,-83.4304554
12,81.8,1,0,13077,33.352398462,-84.7549457
12,69.5,1,0,13079,32.708544011,-83.98208533
12,103.2,1,0,13081,31.921074265,-83.76766352
12,97.5,1,0,13083,34.855863771,-85.50325044
12,68.1,1,0,13085,34.44018821,-84.16803984
12,96.5,1,0,13087,30.880784361,-84.5739862
12,73.2,1,0,13089,33.772053945,-84.22067829
12,100.9,1,0,13091,32.166984291,-83.16517622
12,86.6,1,0,13093,32.156363874,-83.79475744
12,108.4,1,0,13095,31.534008396,-84.20972987
12,96.2,1,0,13097,33.703328094,-84.76489924
12,82.1,1,0,13099,31.326590727,-84.89794806
12,79.6,1,0,13101,30.708626244,-82.89063968
12,89.4,1,0,13103,32.369061298,-81.34013187
12,75.9,1,0,13105,34.116160451,-82.84071277
12,92.7,1,0,13107,32.585653536,-82.30142803
12,82.3,1,0,13109,32.155060048,-81.88435412
12,69.7,1,0,13111,34.862586977,-84.31826456
12,76.7,1,0,13113,33.418433999,-84.485397
12,90.3,1,0,13115,34.265049969,-85.21310149
12,61.9,1,0,13117,34.228390896,-84.12468503
12,91.1,1,0,13119,34.375254269,-83.2276464
12,85.5,1,0,13121,33.794484066,-84.46163052
12,72.9,1,0,13123,34.687859577,-84.45231591
12,114.2,1,0,13125,33.233197663,-82.60999265
12,77.9,1,0,13127,31.247691409,-81.56054922
12,87.2,1,0,13129,34.502090108,-84.87481166
12,82.9,1,0,13131,30.876819822,-84.22831529
12,84.9,1,0,13133,33.57779246,-83.16490016
12,71.1,1,0,13135,33.965694272,-84.02295372
12,74,1,0,13137,34.626113546,-83.53031335
12,78.8,1,0,13139,34.317660402,-83.81750051
12,106.8,1,0,13141,33.272602428,-82.99831753
12,96.4,1,0,13143,33.794040329,-85.20707594
12,101.8,1,0,13145,32.733439782,-84.90635851
12,81,1,0,13147,34.351547387,-82.9663522
12,82.1,1,0,13149,33.296160063,-85.12241866
12,95,1,0,13151,33.454569638,-84.15079714
12,89.1,1,0,13153,32.45757027,-83.66190418
12,99.3,1,0,13155,31.604490127,-83.27562912
12,94.5,1,0,13157,34.139600619,-83.56469691
12,95.2,1,0,13159,33.317008309,-83.68420616
12,78.7,1,0,13161,31.801599563,-82.63408896
12,97.4,1,0,13163,33.057336026,-82.41747294
12,95.6,1,0,13165,32.789058159,-81.96302227
12,96.8,1,0,13167,32.699402854,-82.65911603
12,89.1,1,0,13169,33.021824026,-83.554602
12,113.4,1,0,13171,33.074535415,-84.13717348
12,90,1,0,13173,31.040573496,-83.05939985
12,111.1,1,0,13175,32.461009224,-82.92052514
12,110,1,0,13177,31.777731344,-84.14143621
12,74.6,1,0,13179,31.835510234,-81.50295571
12,62.1,1,0,13181,33.792515885,-82.4546462
12,86.4,1,0,13183,31.75407971,-81.74569546
12,85.5,1,0,13185,30.833572576,-83.26417517
12,76,1,0,13187,34.567276977,-84.0003483
12,69.2,1,0,13189,33.484546506,-82.4800439
12,79.1,1,0,13191,31.501940512,-81.41473267
12,82.5,1,0,13193,32.352802213,-84.03685984
12,92.3,1,0,13195,34.127694611,-83.20630677
12,73.1,1,0,13197,32.351585108,-84.52210328
12,99,1,0,13199,33.034847106,-84.68239736
12,97.3,1,0,13201,31.16626053,-84.72182863
12,111.5,1,0,13205,31.225179886,-84.19050964
12,91.8,1,0,13207,33.012692702,-83.91522344
12,86.4,1,0,13209,32.170766347,-82.53164268
12,81.3,1,0,13211,33.589356454,-83.48921039
12,86.1,1,0,13213,34.78614346,-84.74520717
12,107.6,1,0,13215,32.506368729,-84.87143924
12,98.2,1,0,13217,33.555616973,-83.84871378
12,85.4,1,0,13219,33.832773986,-83.43724012
12,82.8,1,0,13221,33.879018111,-83.08250264
12,97.6,1,0,13223,33.923711362,-84.86143774
12,87,1,0,13225,32.561134096,-83.82155545
12,83.2,1,0,13227,34.464192598,-84.46582141
12,82.2,1,0,13229,31.360612097,-82.20885234
12,124.7,1,0,13231,33.090984989,-84.38664209
12,95.4,1,0,13233,34.005862667,-85.18419414
12,83.5,1,0,13235,32.231082749,-83.47300362
12,78.5,1,0,13237,33.32049587,-83.36750134
12,104.1,1,0,13239,31.867785515,-85.01835898
12,76.5,1,0,13241,34.878203065,-83.40269083
12,78.2,1,0,13243,31.762952465,-84.75060823
12,96.5,1,0,13245,33.364020651,-82.07349647
12,81.2,1,0,13247,33.656365447,-84.02418961
12,77.4,1,0,13249,32.258894544,-84.30900235
12,102.6,1,0,13251,32.748788136,-81.61023555
12,85.3,1,0,13253,30.939301062,-84.86594327
12,94.2,1,0,13255,33.260413386,-84.28391543
12,103.4,1,0,13257,34.550852684,-83.29309919
12,105.7,1,0,13259,32.075770163,-84.83347172
12,94.9,1,0,13261,32.036387542,-84.19290166
12,108.9,1,0,13263,32.694751194,-84.52541596
12,101.4,1,0,13265,33.566907185,-82.87932346
12,85.9,1,0,13267,32.043082736,-82.05639331
12,79.3,1,0,13269,32.54905613,-84.24437673
12,89.9,1,0,13271,31.926600401,-82.93790805
12,97.5,1,0,13273,31.775755309,-84.43289201
12,89.1,1,0,13275,30.8643952,-83.91526626
12,109.6,1,0,13277,31.457580443,-83.52158925
12,84.5,1,0,13279,32.117433497,-82.32930512
12,65.6,1,0,13281,34.914617491,-83.73990764
12,122.7,1,0,13283,32.399807396,-82.56552311
12,95.3,1,0,13285,33.032102831,-85.02324912
12,108.9,1,0,13287,31.715457622,-83.62176239
12,94.1,1,0,13289,32.66095647,-83.42473692
12,68.5,1,0,13291,34.829761243,-83.99077402
12,156.2,1,0,13293,32.877728062,-84.2988486
12,92.7,1,0,13295,34.734312497,-85.30019675
12,79.2,1,0,13297,33.780391696,-83.73321433
12,86.8,1,0,13299,31.051889137,-82.4203935
12,77.1,1,0,13301,33.415194737,-82.67633042
12,94.6,1,0,13303,32.968864803,-82.79587358
12,77.2,1,0,13305,31.550318342,-81.91322499
12,79,1,0,13307,32.045389927,-84.54527654
12,92.9,1,0,13309,32.113822903,-82.72162096
12,75.5,1,0,13311,34.642405811,-83.74603668
12,89.9,1,0,13313,34.803853857,-84.96211184
12,99.5,1,0,13315,31.969233557,-83.4293457
12,75.7,1,0,13317,33.782751307,-82.74585886
12,91.2,1,0,13319,32.797078232,-83.17190627
12,114.4,1,0,13321,31.552739571,-83.8477442
12,95.4,2,0,13001,31.748710422,-82.28584187
12,88.7,2,0,13003,31.298085917,-82.8764794
12,96.4,2,0,13005,31.552625116,-82.44844815
12,95.2,2,0,13007,31.328307408,-84.4367135
12,89.8,2,0,13009,33.06454559,-83.24316995
12,88.7,2,0,13011,34.355224839,-83.49745693
12,80.7,2,0,13013,33.997147386,-83.71062359
12,84,2,0,13015,34.242152844,-84.83823879
12,85.2,2,0,13017,31.758910839,-83.21790504
12,88.8,2,0,13019,31.27420185,-83.22881464
12,78.3,2,0,13021,32.801363553,-83.69298879
12,73.9,2,0,13023,32.431218414,-83.32181741
12,76.5,2,0,13025,31.197787335,-81.97727104
12,90.4,2,0,13027,30.841446115,-83.57755981
12,76.8,2,0,13029,32.022432858,-81.44957007
12,81,2,0,13031,32.396218856,-81.73983092
12,80.3,2,0,13033,33.059596721,-81.99974218
12,92.5,2,0,13035,33.292490512,-83.95632192
12,88.5,2,0,13037,31.528006961,-84.62031507
12,82.5,2,0,13039,30.930361032,-81.68070853
12,81,2,0,13043,32.398749171,-82.06996471
12,77.9,2,0,13045,33.581452354,-85.07645063
12,87,2,0,13047,34.903543869,-85.13244499
12,92.3,2,0,13049,30.785436152,-82.13427702
12,77.5,2,0,13051,32.01156391,-81.15245396
12,85.8,2,0,13053,32.343282039,-84.78149326
12,90.4,2,0,13055,34.474367825,-85.3418271
12,81.3,2,0,13057,34.250503199,-84.47405041
12,89.9,2,0,13059,33.955881571,-83.36843056
12,82.8,2,0,13061,31.628180152,-84.97587221
12,96.8,2,0,13063,33.542723319,-84.35030499
12,90.2,2,0,13065,30.913892851,-82.70291467
12,99.5,2,0,13067,33.948664317,-84.57215492
12,93,2,0,13069,31.548842672,-82.8506822
12,98.1,2,0,13071,31.187943516,-83.76660765
12,78.6,2,0,13073,33.549228623,-82.26803171
12,91.6,2,0,13075,31.154422935,-83.4304554
12,73.5,2,0,13077,33.352398462,-84.7549457
12,95.9,2,0,13079,32.708544011,-83.98208533
12,69.7,2,0,13081,31.921074265,-83.76766352
12,90.9,2,0,13083,34.855863771,-85.50325044
12,73.5,2,0,13085,34.44018821,-84.16803984
12,80.9,2,0,13087,30.880784361,-84.5739862
12,66.6,2,0,13089,33.772053945,-84.22067829
12,76.5,2,0,13091,32.166984291,-83.16517622
12,71.2,2,0,13093,32.156363874,-83.79475744
12,95.9,2,0,13095,31.534008396,-84.20972987
12,102.1,2,0,13097,33.703328094,-84.76489924
12,71.3,2,0,13099,31.326590727,-84.89794806
12,83.2,2,0,13101,30.708626244,-82.89063968
12,78.5,2,0,13103,32.369061298,-81.34013187
12,73.8,2,0,13105,34.116160451,-82.84071277
12,84.6,2,0,13107,32.585653536,-82.30142803
12,75.2,2,0,13109,32.155060048,-81.88435412
12,78.5,2,0,13111,34.862586977,-84.31826456
12,69.4,2,0,13113,33.418433999,-84.485397
12,80,2,0,13115,34.265049969,-85.21310149
12,67.4,2,0,13117,34.228390896,-84.12468503
12,91.2,2,0,13119,34.375254269,-83.2276464
12,77.5,2,0,13121,33.794484066,-84.46163052
12,82.3,2,0,13123,34.687859577,-84.45231591
12,66,2,0,13125,33.233197663,-82.60999265
12,54.9,2,0,13127,31.247691409,-81.56054922
12,80.8,2,0,13129,34.502090108,-84.87481166
12,79.4,2,0,13131,30.876819822,-84.22831529
12,75.9,2,0,13133,33.57779246,-83.16490016
12,66.9,2,0,13135,33.965694272,-84.02295372
12,96.5,2,0,13137,34.626113546,-83.53031335
12,75.5,2,0,13139,34.317660402,-83.81750051
12,66,2,0,13141,33.272602428,-82.99831753
12,84.8,2,0,13143,33.794040329,-85.20707594
12,83.4,2,0,13145,32.733439782,-84.90635851
12,75.6,2,0,13147,34.351547387,-82.9663522
12,78.1,2,0,13149,33.296160063,-85.12241866
12,94.3,2,0,13151,33.454569638,-84.15079714
12,73.4,2,0,13153,32.45757027,-83.66190418
12,96.9,2,0,13155,31.604490127,-83.27562912
12,86.2,2,0,13157,34.139600619,-83.56469691
12,80,2,0,13159,33.317008309,-83.68420616
12,95,2,0,13161,31.801599563,-82.63408896
12,82.8,2,0,13163,33.057336026,-82.41747294
12,85.9,2,0,13165,32.789058159,-81.96302227
12,79.5,2,0,13167,32.699402854,-82.65911603
12,79.6,2,0,13169,33.021824026,-83.554602
12,86.8,2,0,13171,33.074535415,-84.13717348
12,80.9,2,0,13173,31.040573496,-83.05939985
12,79.3,2,0,13175,32.461009224,-82.92052514
12,104.6,2,0,13177,31.777731344,-84.14143621
12,67.5,2,0,13179,31.835510234,-81.50295571
12,76,2,0,13181,33.792515885,-82.4546462
12,61.8,2,0,13183,31.75407971,-81.74569546
12,85.5,2,0,13185,30.833572576,-83.26417517
12,78.1,2,0,13187,34.567276977,-84.0003483
12,79.4,2,0,13189,33.484546506,-82.4800439
12,54.7,2,0,13191,31.501940512,-81.41473267
12,110.7,2,0,13193,32.352802213,-84.03685984
12,89,2,0,13195,34.127694611,-83.20630677
12,99.7,2,0,13197,32.351585108,-84.52210328
12,74.8,2,0,13199,33.034847106,-84.68239736
12,85.6,2,0,13201,31.16626053,-84.72182863
12,91.4,2,0,13205,31.225179886,-84.19050964
12,93.9,2,0,13207,33.012692702,-83.91522344
12,96.1,2,0,13209,32.170766347,-82.53164268
12,85.1,2,0,13211,33.589356454,-83.48921039
12,86.4,2,0,13213,34.78614346,-84.74520717
12,83.6,2,0,13215,32.506368729,-84.87143924
12,91.5,2,0,13217,33.555616973,-83.84871378
12,92.6,2,0,13219,33.832773986,-83.43724012
12,91.9,2,0,13221,33.879018111,-83.08250264
12,96.2,2,0,13223,33.923711362,-84.86143774
12,89.8,2,0,13225,32.561134096,-83.82155545
12,78.2,2,0,13227,34.464192598,-84.46582141
12,91.9,2,0,13229,31.360612097,-82.20885234
12,98.8,2,0,13231,33.090984989,-84.38664209
12,81.3,2,0,13233,34.005862667,-85.18419414
12,71.6,2,0,13235,32.231082749,-83.47300362
12,68.1,2,0,13237,33.32049587,-83.36750134
12,82.8,2,0,13239,31.867785515,-85.01835898
12,74.6,2,0,13241,34.878203065,-83.40269083
12,82.6,2,0,13243,31.762952465,-84.75060823
12,76.7,2,0,13245,33.364020651,-82.07349647
12,77.5,2,0,13247,33.656365447,-84.02418961
12,108.4,2,0,13249,32.258894544,-84.30900235
12,81.4,2,0,13251,32.748788136,-81.61023555
12,69.9,2,0,13253,30.939301062,-84.86594327
12,97.9,2,0,13255,33.260413386,-84.28391543
12,98.4,2,0,13257,34.550852684,-83.29309919
12,87,2,0,13259,32.075770163,-84.83347172
12,105.8,2,0,13261,32.036387542,-84.19290166
12,89.4,2,0,13263,32.694751194,-84.52541596
12,74.6,2,0,13265,33.566907185,-82.87932346
12,78.8,2,0,13267,32.043082736,-82.05639331
12,125.6,2,0,13269,32.54905613,-84.24437673
12,85.2,2,0,13271,31.926600401,-82.93790805
12,98.6,2,0,13273,31.775755309,-84.43289201
12,83,2,0,13275,30.8643952,-83.91526626
12,93.5,2,0,13277,31.457580443,-83.52158925
12,94.8,2,0,13279,32.117433497,-82.32930512
12,70.3,2,0,13281,34.914617491,-83.73990764
12,85.7,2,0,13283,32.399807396,-82.56552311
12,89.3,2,0,13285,33.032102831,-85.02324912
12,76.5,2,0,13287,31.715457622,-83.62176239
12,76.2,2,0,13289,32.66095647,-83.42473692
12,71.8,2,0,13291,34.829761243,-83.99077402
12,141.8,2,0,13293,32.877728062,-84.2988486
12,87.9,2,0,13295,34.734312497,-85.30019675
12,91.9,2,0,13297,33.780391696,-83.73321433
12,96.8,2,0,13299,31.051889137,-82.4203935
12,86,2,0,13301,33.415194737,-82.67633042
12,82,2,0,13303,32.968864803,-82.79587358
12,78.9,2,0,13305,31.550318342,-81.91322499
12,87.3,2,0,13307,32.045389927,-84.54527654
12,83.7,2,0,13309,32.113822903,-82.72162096
12,82.7,2,0,13311,34.642405811,-83.74603668
12,88.7,2,0,13313,34.803853857,-84.96211184
12,66.6,2,0,13315,31.969233557,-83.4293457
12,83.9,2,0,13317,33.782751307,-82.74585886
12,83.5,2,0,13319,32.797078232,-83.17190627
12,88.8,2,0,13321,31.552739571,-83.8477442
12,65,1,5,13001,31.748710422,-82.28584187
12,85.4,1,5,13003,31.298085917,-82.8764794
12,102.3,1,5,13005,31.552625116,-82.44844815
12,109.8,1,5,13007,31.328307408,-84.4367135
12,67.4,1,5,13009,33.06454559,-83.24316995
12,79.7,1,5,13011,34.355224839,-83.49745693
12,87,1,5,13013,33.997147386,-83.71062359
12,91.1,1,5,13015,34.242152844,-84.83823879
12,84.9,1,5,13017,31.758910839,-83.21790504
12,83.3,1,5,13019,31.27420185,-83.22881464
12,81,1,5,13021,32.801363553,-83.69298879
12,84.9,1,5,13023,32.431218414,-83.32181741
12,85.6,1,5,13025,31.197787335,-81.97727104
12,77.1,1,5,13027,30.841446115,-83.57755981
12,66.5,1,5,13029,32.022432858,-81.44957007
12,82.1,1,5,13031,32.396218856,-81.73983092
12,80,1,5,13033,33.059596721,-81.99974218
12,100,1,5,13035,33.292490512,-83.95632192
12,95.2,1,5,13037,31.528006961,-84.62031507
12,76.6,1,5,13039,30.930361032,-81.68070853
12,74.4,1,5,13043,32.398749171,-82.06996471
12,79.9,1,5,13045,33.581452354,-85.07645063
12,88.9,1,5,13047,34.903543869,-85.13244499
12,81.3,1,5,13049,30.785436152,-82.13427702
12,55.7,1,5,13051,32.01156391,-81.15245396
12,86.6,1,5,13053,32.343282039,-84.78149326
12,88.3,1,5,13055,34.474367825,-85.3418271
12,83,1,5,13057,34.250503199,-84.47405041
12,85.8,1,5,13059,33.955881571,-83.36843056
12,89.5,1,5,13061,31.628180152,-84.97587221
12,84.3,1,5,13063,33.542723319,-84.35030499
12,75.6,1,5,13065,30.913892851,-82.70291467
12,91.6,1,5,13067,33.948664317,-84.57215492
12,85.7,1,5,13069,31.548842672,-82.8506822
12,107.9,1,5,13071,31.187943516,-83.76660765
12,52,1,5,13073,33.549228623,-82.26803171
12,85.7,1,5,13075,31.154422935,-83.4304554
12,64.7,1,5,13077,33.352398462,-84.7549457
12,67.8,1,5,13079,32.708544011,-83.98208533
12,99.1,1,5,13081,31.921074265,-83.76766352
12,96.7,1,5,13083,34.855863771,-85.50325044
12,69.4,1,5,13085,34.44018821,-84.16803984
12,88,1,5,13087,30.880784361,-84.5739862
12,61.4,1,5,13089,33.772053945,-84.22067829
12,92.2,1,5,13091,32.166984291,-83.16517622
12,86.6,1,5,13093,32.156363874,-83.79475744
12,104.3,1,5,13095,31.534008396,-84.20972987
12,96.6,1,5,13097,33.703328094,-84.76489924
12,75.5,1,5,13099,31.326590727,-84.89794806
12,73.5,1,5,13101,30.708626244,-82.89063968
12,84.7,1,5,13103,32.369061298,-81.34013187
12,73.4,1,5,13105,34.116160451,-82.84071277
12,76.2,1,5,13107,32.585653536,-82.30142803
12,81.2,1,5,13109,32.155060048,-81.88435412
12,69.5,1,5,13111,34.862586977,-84.31826456
12,64,1,5,13113,33.418433999,-84.485397
12,87.5,1,5,13115,34.265049969,-85.21310149
12,61.1,1,5,13117,34.228390896,-84.12468503
12,88.2,1,5,13119,34.375254269,-83.2276464
12,61.6,1,5,13121,33.794484066,-84.46163052
12,71.3,1,5,13123,34.687859577,-84.45231591
12,113.8,1,5,13125,33.233197663,-82.60999265
12,74.6,1,5,13127,31.247691409,-81.56054922
12,86.5,1,5,13129,34.502090108,-84.87481166
12,72.5,1,5,13131,30.876819822,-84.22831529
12,68,1,5,13133,33.57779246,-83.16490016
12,71.8,1,5,13135,33.965694272,-84.02295372
12,69.4,1,5,13137,34.626113546,-83.53031335
12,76.5,1,5,13139,34.317660402,-83.81750051
12,100.2,1,5,13141,33.272602428,-82.99831753
12,92.4,1,5,13143,33.794040329,-85.20707594
12,88.1,1,5,13145,32.733439782,-84.90635851
12,76.3,1,5,13147,34.351547387,-82.9663522
12,71.6,1,5,13149,33.296160063,-85.12241866
12,92.5,1,5,13151,33.454569638,-84.15079714
12,85.7,1,5,13153,32.45757027,-83.66190418
12,95.2,1,5,13155,31.604490127,-83.27562912
12,92.3,1,5,13157,34.139600619,-83.56469691
12,86.8,1,5,13159,33.317008309,-83.68420616
12,71.8,1,5,13161,31.801599563,-82.63408896
12,78.8,1,5,13163,33.057336026,-82.41747294
12,76.8,1,5,13165,32.789058159,-81.96302227
12,88.7,1,5,13167,32.699402854,-82.65911603
12,80.3,1,5,13169,33.021824026,-83.554602
12,98.8,1,5,13171,33.074535415,-84.13717348
12,84.8,1,5,13173,31.040573496,-83.05939985
12,95,1,5,13175,32.461009224,-82.92052514
12,105.5,1,5,13177,31.777731344,-84.14143621
12,78.6,1,5,13179,31.835510234,-81.50295571
12,58.6,1,5,13181,33.792515885,-82.4546462
12,95.7,1,5,13183,31.75407971,-81.74569546
12,76.7,1,5,13185,30.833572576,-83.26417517
12,74.2,1,5,13187,34.567276977,-84.0003483
12,64.4,1,5,13189,33.484546506,-82.4800439
12,81.3,1,5,13191,31.501940512,-81.41473267
12,81.2,1,5,13193,32.352802213,-84.03685984
12,86.8,1,5,13195,34.127694611,-83.20630677
12,56.7,1,5,13197,32.351585108,-84.52210328
12,87.4,1,5,13199,33.034847106,-84.68239736
12,84.7,1,5,13201,31.16626053,-84.72182863
12,108.1,1,5,13205,31.225179886,-84.19050964
12,88.5,1,5,13207,33.012692702,-83.91522344
12,72.7,1,5,13209,32.170766347,-82.53164268
12,74.8,1,5,13211,33.589356454,-83.48921039
12,83.8,1,5,13213,34.78614346,-84.74520717
12,85,1,5,13215,32.506368729,-84.87143924
12,95.8,1,5,13217,33.555616973,-83.84871378
12,78.1,1,5,13219,33.832773986,-83.43724012
12,71,1,5,13221,33.879018111,-83.08250264
12,94.7,1,5,13223,33.923711362,-84.86143774
12,81.7,1,5,13225,32.561134096,-83.82155545
12,82.1,1,5,13227,34.464192598,-84.46582141
12,79.6,1,5,13229,31.360612097,-82.20885234
12,120.9,1,5,13231,33.090984989,-84.38664209
12,93,1,5,13233,34.005862667,-85.18419414
12,80.8,1,5,13235,32.231082749,-83.47300362
12,67.8,1,5,13237,33.32049587,-83.36750134
12,90.4,1,5,13239,31.867785515,-85.01835898
12,72.7,1,5,13241,34.878203065,-83.40269083
12,80.2,1,5,13245,33.364020651,-82.07349647
12,73.9,1,5,13247,33.656365447,-84.02418961
12,76.6,1,5,13249,32.258894544,-84.30900235
12,85.6,1,5,13251,32.748788136,-81.61023555
12,81.4,1,5,13253,30.939301062,-84.86594327
12,89,1,5,13255,33.260413386,-84.28391543
12,105.9,1,5,13257,34.550852684,-83.29309919
12,72.3,1,5,13259,32.075770163,-84.83347172
12,87.2,1,5,13261,32.036387542,-84.19290166
12,83,1,5,13263,32.694751194,-84.52541596
12,143.7,1,5,13265,33.566907185,-82.87932346
12,80.2,1,5,13267,32.043082736,-82.05639331
12,65.9,1,5,13269,32.54905613,-84.24437673
12,80.4,1,5,13271,31.926600401,-82.93790805
12,88.6,1,5,13273,31.775755309,-84.43289201
12,75.3,1,5,13275,30.8643952,-83.91526626
12,110.4,1,5,13277,31.457580443,-83.52158925
12,67.1,1,5,13279,32.117433497,-82.32930512
12,65.8,1,5,13281,34.914617491,-83.73990764
12,91,1,5,13283,32.399807396,-82.56552311
12,77.3,1,5,13285,33.032102831,-85.02324912
12,101.1,1,5,13287,31.715457622,-83.62176239
12,88.4,1,5,13289,32.66095647,-83.42473692
12,69.5,1,5,13291,34.829761243,-83.99077402
12,136.1,1,5,13293,32.877728062,-84.2988486
12,90.5,1,5,13295,34.734312497,-85.30019675
12,78.9,1,5,13297,33.780391696,-83.73321433
12,90.3,1,5,13299,31.051889137,-82.4203935
12,50.2,1,5,13301,33.415194737,-82.67633042
12,76.7,1,5,13303,32.968864803,-82.79587358
12,82.7,1,5,13305,31.550318342,-81.91322499
12,68.8,1,5,13307,32.045389927,-84.54527654
12,93.9,1,5,13309,32.113822903,-82.72162096
12,73.7,1,5,13311,34.642405811,-83.74603668
12,89.4,1,5,13313,34.803853857,-84.96211184
12,94.5,1,5,13315,31.969233557,-83.4293457
12,75.7,1,5,13317,33.782751307,-82.74585886
12,81,1,5,13319,32.797078232,-83.17190627
12,114.8,1,5,13321,31.552739571,-83.8477442
12,89,2,5,13001,31.748710422,-82.28584187
12,79.6,2,5,13003,31.298085917,-82.8764794
12,88.8,2,5,13005,31.552625116,-82.44844815
12,78.7,2,5,13007,31.328307408,-84.4367135
12,88.7,2,5,13009,33.06454559,-83.24316995
12,90.2,2,5,13011,34.355224839,-83.49745693
12,76.1,2,5,13013,33.997147386,-83.71062359
12,86.7,2,5,13015,34.242152844,-84.83823879
12,81.5,2,5,13017,31.758910839,-83.21790504
12,83.9,2,5,13019,31.27420185,-83.22881464
12,73,2,5,13021,32.801363553,-83.69298879
12,64.7,2,5,13023,32.431218414,-83.32181741
12,78.7,2,5,13025,31.197787335,-81.97727104
12,86.2,2,5,13027,30.841446115,-83.57755981
12,69.9,2,5,13029,32.022432858,-81.44957007
12,76.6,2,5,13031,32.396218856,-81.73983092
12,74.5,2,5,13033,33.059596721,-81.99974218
12,89.8,2,5,13035,33.292490512,-83.95632192
12,84.5,2,5,13037,31.528006961,-84.62031507
12,95,2,5,13039,30.930361032,-81.68070853
12,84.4,2,5,13043,32.398749171,-82.06996471
12,72.8,2,5,13045,33.581452354,-85.07645063
12,85.6,2,5,13047,34.903543869,-85.13244499
12,95,2,5,13049,30.785436152,-82.13427702
12,66.2,2,5,13051,32.01156391,-81.15245396
12,81.1,2,5,13053,32.343282039,-84.78149326
12,91.5,2,5,13055,34.474367825,-85.3418271
12,82.2,2,5,13057,34.250503199,-84.47405041
12,77.5,2,5,13059,33.955881571,-83.36843056
12,82,2,5,13061,31.628180152,-84.97587221
12,83.3,2,5,13063,33.542723319,-84.35030499
12,82.6,2,5,13065,30.913892851,-82.70291467
12,94.6,2,5,13067,33.948664317,-84.57215492
12,90,2,5,13069,31.548842672,-82.8506822
12,89.6,2,5,13071,31.187943516,-83.76660765
12,80,2,5,13073,33.549228623,-82.26803171
12,90.6,2,5,13075,31.154422935,-83.4304554
12,69.7,2,5,13077,33.352398462,-84.7549457
12,95.2,2,5,13079,32.708544011,-83.98208533
12,66.7,2,5,13081,31.921074265,-83.76766352
12,89.1,2,5,13083,34.855863771,-85.50325044
12,75.6,2,5,13085,34.44018821,-84.16803984
12,66.7,2,5,13087,30.880784361,-84.5739862
12,50.6,2,5,13089,33.772053945,-84.22067829
12,64.8,2,5,13091,32.166984291,-83.16517622
12,72.2,2,5,13093,32.156363874,-83.79475744
12,82.2,2,5,13095,31.534008396,-84.20972987
12,87.3,2,5,13097,33.703328094,-84.76489924
12,58.3,2,5,13099,31.326590727,-84.89794806
12,78.5,2,5,13101,30.708626244,-82.89063968
12,70.6,2,5,13103,32.369061298,-81.34013187
12,69.1,2,5,13105,34.116160451,-82.84071277
12,85.1,2,5,13107,32.585653536,-82.30142803
12,73.7,2,5,13109,32.155060048,-81.88435412
12,78.9,2,5,13111,34.862586977,-84.31826456
12,65.2,2,5,13113,33.418433999,-84.485397
12,81.2,2,5,13115,34.265049969,-85.21310149
12,65.3,2,5,13117,34.228390896,-84.12468503
12,88.6,2,5,13119,34.375254269,-83.2276464
12,63.9,2,5,13121,33.794484066,-84.46163052
12,84.9,2,5,13123,34.687859577,-84.45231591
12,65.4,2,5,13125,33.233197663,-82.60999265
12,45.6,2,5,13127,31.247691409,-81.56054922
12,83,2,5,13129,34.502090108,-84.87481166
12,70.5,2,5,13131,30.876819822,-84.22831529
12,68.4,2,5,13133,33.57779246,-83.16490016
12,67.1,2,5,13135,33.965694272,-84.02295372
12,97.7,2,5,13137,34.626113546,-83.53031335
12,78.8,2,5,13139,34.317660402,-83.81750051
12,60.7,2,5,13141,33.272602428,-82.99831753
12,87.7,2,5,13143,33.794040329,-85.20707594
12,82.3,2,5,13145,32.733439782,-84.90635851
12,73.7,2,5,13147,34.351547387,-82.9663522
12,77.8,2,5,13149,33.296160063,-85.12241866
12,93.8,2,5,13151,33.454569638,-84.15079714
12,67.2,2,5,13153,32.45757027,-83.66190418
12,92.5,2,5,13155,31.604490127,-83.27562912
12,80.5,2,5,13157,34.139600619,-83.56469691
12,76,2,5,13159,33.317008309,-83.68420616
12,91.5,2,5,13161,31.801599563,-82.63408896
12,82.3,2,5,13163,33.057336026,-82.41747294
12,86.9,2,5,13165,32.789058159,-81.96302227
12,80.5,2,5,13167,32.699402854,-82.65911603
12,75.5,2,5,13169,33.021824026,-83.554602
12,84.7,2,5,13171,33.074535415,-84.13717348
12,76.8,2,5,13173,31.040573496,-83.05939985
12,74.3,2,5,13175,32.461009224,-82.92052514
12,82.2,2,5,13177,31.777731344,-84.14143621
12,61.9,2,5,13179,31.835510234,-81.50295571
12,80.1,2,5,13181,33.792515885,-82.4546462
12,64.3,2,5,13183,31.75407971,-81.74569546
12,80.9,2,5,13185,30.833572576,-83.26417517
12,80.3,2,5,13187,34.567276977,-84.0003483
12,81.5,2,5,13189,33.484546506,-82.4800439
12,49.1,2,5,13191,31.501940512,-81.41473267
12,95.8,2,5,13193,32.352802213,-84.03685984
12,77.7,2,5,13195,34.127694611,-83.20630677
12,89.1,2,5,13197,32.351585108,-84.52210328
12,76.5,2,5,13199,33.034847106,-84.68239736
12,71.8,2,5,13201,31.16626053,-84.72182863
12,81.9,2,5,13205,31.225179886,-84.19050964
12,85.4,2,5,13207,33.012692702,-83.91522344
12,95.8,2,5,13209,32.170766347,-82.53164268
12,81.7,2,5,13211,33.589356454,-83.48921039
12,90.3,2,5,13213,34.78614346,-84.74520717
12,80.4,2,5,13215,32.506368729,-84.87143924
12,90.9,2,5,13217,33.555616973,-83.84871378
12,82.8,2,5,13219,33.832773986,-83.43724012
12,75.7,2,5,13221,33.879018111,-83.08250264
12,93.7,2,5,13223,33.923711362,-84.86143774
12,80.2,2,5,13225,32.561134096,-83.82155545
12,80.6,2,5,13227,34.464192598,-84.46582141
12,82.8,2,5,13229,31.360612097,-82.20885234
12,103.4,2,5,13231,33.090984989,-84.38664209
12,84.1,2,5,13233,34.005862667,-85.18419414
12,61.1,2,5,13235,32.231082749,-83.47300362
12,62.3,2,5,13237,33.32049587,-83.36750134
12,74.1,2,5,13239,31.867785515,-85.01835898
12,72.2,2,5,13241,34.878203065,-83.40269083
12,74,2,5,13245,33.364020651,-82.07349647
12,78.9,2,5,13247,33.656365447,-84.02418961
12,83.7,2,5,13249,32.258894544,-84.30900235
12,81.4,2,5,13251,32.748788136,-81.61023555
12,57.5,2,5,13253,30.939301062,-84.86594327
12,93.7,2,5,13255,33.260413386,-84.28391543
12,99.9,2,5,13257,34.550852684,-83.29309919
12,88.2,2,5,13259,32.075770163,-84.83347172
12,83.1,2,5,13261,32.036387542,-84.19290166
12,81.2,2,5,13263,32.694751194,-84.52541596
12,66,2,5,13265,33.566907185,-82.87932346
12,77,2,5,13267,32.043082736,-82.05639331
12,124.3,2,5,13269,32.54905613,-84.24437673
12,85.1,2,5,13271,31.926600401,-82.93790805
12,87.1,2,5,13273,31.775755309,-84.43289201
12,75.8,2,5,13275,30.8643952,-83.91526626
12,90.5,2,5,13277,31.457580443,-83.52158925
12,92.6,2,5,13279,32.117433497,-82.32930512
12,68.4,2,5,13281,34.914617491,-83.73990764
12,84.2,2,5,13283,32.399807396,-82.56552311
12,86.9,2,5,13285,33.032102831,-85.02324912
12,72.7,2,5,13287,31.715457622,-83.62176239
12,71.3,2,5,13289,32.66095647,-83.42473692
12,71.8,2,5,13291,34.829761243,-83.99077402
12,133.3,2,5,13293,32.877728062,-84.2988486
12,87.3,2,5,13295,34.734312497,-85.30019675
12,83.8,2,5,13297,33.780391696,-83.73321433
12,91.2,2,5,13299,31.051889137,-82.4203935
12,94,2,5,13301,33.415194737,-82.67633042
12,84.8,2,5,13303,32.968864803,-82.79587358
12,62.5,2,5,13305,31.550318342,-81.91322499
12,64.5,2,5,13307,32.045389927,-84.54527654
12,83.9,2,5,13309,32.113822903,-82.72162096
12,85.7,2,5,13311,34.642405811,-83.74603668
12,91.4,2,5,13313,34.803853857,-84.96211184
12,58.3,2,5,13315,31.969233557,-83.4293457
12,83.5,2,5,13317,33.782751307,-82.74585886
12,83,2,5,13319,32.797078232,-83.17190627
12,84.6,2,5,13321,31.552739571,-83.8477442
12,160.5,1,3,13001,31.748710422,-82.28584187
12,123.7,1,3,13003,31.298085917,-82.8764794
12,162.9,1,3,13005,31.552625116,-82.44844815
12,109.5,1,3,13007,31.328307408,-84.4367135
12,123.9,1,3,13009,33.06454559,-83.24316995
12,114.5,1,3,13011,34.355224839,-83.49745693
12,106.3,1,3,13013,33.997147386,-83.71062359
12,126.9,1,3,13015,34.242152844,-84.83823879
12,117.4,1,3,13017,31.758910839,-83.21790504
12,128.7,1,3,13019,31.27420185,-83.22881464
12,108.8,1,3,13021,32.801363553,-83.69298879
12,110.8,1,3,13023,32.431218414,-83.32181741
12,71.5,1,3,13025,31.197787335,-81.97727104
12,123.2,1,3,13027,30.841446115,-83.57755981
12,93.9,1,3,13029,32.022432858,-81.44957007
12,124.4,1,3,13031,32.396218856,-81.73983092
12,179.7,1,3,13033,33.059596721,-81.99974218
12,199.7,1,3,13035,33.292490512,-83.95632192
12,112.7,1,3,13037,31.528006961,-84.62031507
12,87.9,1,3,13039,30.930361032,-81.68070853
12,140,1,3,13043,32.398749171,-82.06996471
12,127.4,1,3,13045,33.581452354,-85.07645063
12,121.6,1,3,13047,34.903543869,-85.13244499
12,104.1,1,3,13051,32.01156391,-81.15245396
12,150.8,1,3,13053,32.343282039,-84.78149326
12,121.7,1,3,13057,34.250503199,-84.47405041
12,150.7,1,3,13059,33.955881571,-83.36843056
12,119.8,1,3,13063,33.542723319,-84.35030499
12,125,1,3,13067,33.948664317,-84.57215492
12,121.7,1,3,13069,31.548842672,-82.8506822
12,117.4,1,3,13071,31.187943516,-83.76660765
12,102.3,1,3,13073,33.549228623,-82.26803171
12,122.4,1,3,13075,31.154422935,-83.4304554
12,132.3,1,3,13077,33.352398462,-84.7549457
12,125.5,1,3,13079,32.708544011,-83.98208533
12,162.9,1,3,13081,31.921074265,-83.76766352
12,138.5,1,3,13083,34.855863771,-85.50325044
12,93.8,1,3,13085,34.44018821,-84.16803984
12,123.3,1,3,13087,30.880784361,-84.5739862
12,86,1,3,13089,33.772053945,-84.22067829
12,153.3,1,3,13091,32.166984291,-83.16517622
12,76.4,1,3,13093,32.156363874,-83.79475744
12,100.6,1,3,13095,31.534008396,-84.20972987
12,124.5,1,3,13097,33.703328094,-84.76489924
12,113.3,1,3,13099,31.326590727,-84.89794806
12,125.4,1,3,13101,30.708626244,-82.89063968
12,120.5,1,3,13103,32.369061298,-81.34013187
12,99.7,1,3,13105,34.116160451,-82.84071277
12,178.6,1,3,13107,32.585653536,-82.30142803
12,96.7,1,3,13109,32.155060048,-81.88435412
12,123.8,1,3,13113,33.418433999,-84.485397
12,128.2,1,3,13115,34.265049969,-85.21310149
12,98.6,1,3,13117,34.228390896,-84.12468503
12,262.4,1,3,13119,34.375254269,-83.2276464
12,121.5,1,3,13121,33.794484066,-84.46163052
12,157.9,1,3,13125,33.233197663,-82.60999265
12,74.8,1,3,13127,31.247691409,-81.56054922
12,173.3,1,3,13129,34.502090108,-84.87481166
12,134.7,1,3,13131,30.876819822,-84.22831529
12,132.8,1,3,13133,33.57779246,-83.16490016
12,88.6,1,3,13135,33.965694272,-84.02295372
12,148.6,1,3,13137,34.626113546,-83.53031335
12,87.8,1,3,13139,34.317660402,-83.81750051
12,132.5,1,3,13141,33.272602428,-82.99831753
12,131.3,1,3,13143,33.794040329,-85.20707594
12,131.9,1,3,13145,32.733439782,-84.90635851
12,125.7,1,3,13147,34.351547387,-82.9663522
12,169.8,1,3,13149,33.296160063,-85.12241866
12,90.6,1,3,13151,33.454569638,-84.15079714
12,101.8,1,3,13153,32.45757027,-83.66190418
12,115,1,3,13155,31.604490127,-83.27562912
12,145.1,1,3,13157,34.139600619,-83.56469691
12,131.7,1,3,13159,33.317008309,-83.68420616
12,110.6,1,3,13161,31.801599563,-82.63408896
12,159.4,1,3,13163,33.057336026,-82.41747294
12,157,1,3,13165,32.789058159,-81.96302227
12,135.5,1,3,13167,32.699402854,-82.65911603
12,118.4,1,3,13169,33.021824026,-83.554602
12,200.1,1,3,13171,33.074535415,-84.13717348
12,127,1,3,13173,31.040573496,-83.05939985
12,158.8,1,3,13175,32.461009224,-82.92052514
12,120.4,1,3,13177,31.777731344,-84.14143621
12,77.6,1,3,13179,31.835510234,-81.50295571
12,88.2,1,3,13181,33.792515885,-82.4546462
12,127.1,1,3,13185,30.833572576,-83.26417517
12,106,1,3,13189,33.484546506,-82.4800439
12,70.4,1,3,13191,31.501940512,-81.41473267
12,91.9,1,3,13193,32.352802213,-84.03685984
12,145.5,1,3,13195,34.127694611,-83.20630677
12,128,1,3,13197,32.351585108,-84.52210328
12,156,1,3,13199,33.034847106,-84.68239736
12,118.7,1,3,13205,31.225179886,-84.19050964
12,131.1,1,3,13207,33.012692702,-83.91522344
12,155.7,1,3,13209,32.170766347,-82.53164268
12,105.4,1,3,13211,33.589356454,-83.48921039
12,135.7,1,3,13215,32.506368729,-84.87143924
12,95.9,1,3,13217,33.555616973,-83.84871378
12,142.5,1,3,13219,33.832773986,-83.43724012
12,151.6,1,3,13221,33.879018111,-83.08250264
12,129.3,1,3,13223,33.923711362,-84.86143774
12,106,1,3,13225,32.561134096,-83.82155545
12,155.3,1,3,13227,34.464192598,-84.46582141
12,147.4,1,3,13231,33.090984989,-84.38664209
12,133.7,1,3,13233,34.005862667,-85.18419414
12,76.5,1,3,13235,32.231082749,-83.47300362
12,126.6,1,3,13237,33.32049587,-83.36750134
12,140.7,1,3,13239,31.867785515,-85.01835898
12,114.2,1,3,13245,33.364020651,-82.07349647
12,87,1,3,13247,33.656365447,-84.02418961
12,167.4,1,3,13251,32.748788136,-81.61023555
12,133.1,1,3,13253,30.939301062,-84.86594327
12,117.2,1,3,13255,33.260413386,-84.28391543
12,183.4,1,3,13259,32.075770163,-84.83347172
12,112.3,1,3,13261,32.036387542,-84.19290166
12,140.5,1,3,13263,32.694751194,-84.52541596
12,118.7,1,3,13265,33.566907185,-82.87932346
12,134.9,1,3,13267,32.043082736,-82.05639331
12,127.4,1,3,13269,32.54905613,-84.24437673
12,76,1,3,13271,31.926600401,-82.93790805
12,115.1,1,3,13273,31.775755309,-84.43289201
12,131,1,3,13275,30.8643952,-83.91526626
12,114.7,1,3,13277,31.457580443,-83.52158925
12,159.3,1,3,13279,32.117433497,-82.32930512
12,169.9,1,3,13283,32.399807396,-82.56552311
12,161.7,1,3,13285,33.032102831,-85.02324912
12,154.1,1,3,13287,31.715457622,-83.62176239
12,117.4,1,3,13289,32.66095647,-83.42473692
12,164.9,1,3,13293,32.877728062,-84.2988486
12,160.1,1,3,13295,34.734312497,-85.30019675
12,91.7,1,3,13297,33.780391696,-83.73321433
12,75.5,1,3,13299,31.051889137,-82.4203935
12,118.6,1,3,13301,33.415194737,-82.67633042
12,138.3,1,3,13303,32.968864803,-82.79587358
12,77.5,1,3,13305,31.550318342,-81.91322499
12,110.1,1,3,13307,32.045389927,-84.54527654
12,136.4,1,3,13309,32.113822903,-82.72162096
12,236.1,1,3,13315,31.969233557,-83.4293457
12,121.6,1,3,13319,32.797078232,-83.17190627
12,114,1,3,13321,31.552739571,-83.8477442
12,149,2,3,13001,31.748710422,-82.28584187
12,131.1,2,3,13003,31.298085917,-82.8764794
12,149.8,2,3,13005,31.552625116,-82.44844815
12,109,2,3,13007,31.328307408,-84.4367135
12,76,2,3,13009,33.06454559,-83.24316995
12,133.3,2,3,13011,34.355224839,-83.49745693
12,118.6,2,3,13013,33.997147386,-83.71062359
12,95.4,2,3,13015,34.242152844,-84.83823879
12,92.1,2,3,13017,31.758910839,-83.21790504
12,100.2,2,3,13019,31.27420185,-83.22881464
12,93.4,2,3,13021,32.801363553,-83.69298879
12,134.9,2,3,13023,32.431218414,-83.32181741
12,95.2,2,3,13025,31.197787335,-81.97727104
12,106.8,2,3,13027,30.841446115,-83.57755981
12,168.9,2,3,13029,32.022432858,-81.44957007
12,49.7,2,3,13031,32.396218856,-81.73983092
12,90.1,2,3,13033,33.059596721,-81.99974218
12,94.9,2,3,13035,33.292490512,-83.95632192
12,91.1,2,3,13037,31.528006961,-84.62031507
12,77.9,2,3,13039,30.930361032,-81.68070853
12,72.5,2,3,13043,32.398749171,-82.06996471
12,101.5,2,3,13045,33.581452354,-85.07645063
12,109.6,2,3,13047,34.903543869,-85.13244499
12,93.5,2,3,13049,30.785436152,-82.13427702
12,108.9,2,3,13051,32.01156391,-81.15245396
12,98,2,3,13053,32.343282039,-84.78149326
12,112.3,2,3,13055,34.474367825,-85.3418271
12,89.3,2,3,13057,34.250503199,-84.47405041
12,166.3,2,3,13059,33.955881571,-83.36843056
12,96.7,2,3,13063,33.542723319,-84.35030499
12,141.6,2,3,13065,30.913892851,-82.70291467
12,137.4,2,3,13067,33.948664317,-84.57215492
12,108.6,2,3,13069,31.548842672,-82.8506822
12,123.5,2,3,13071,31.187943516,-83.76660765
12,78.3,2,3,13073,33.549228623,-82.26803171
12,98.5,2,3,13075,31.154422935,-83.4304554
12,91.3,2,3,13077,33.352398462,-84.7549457
12,101.1,2,3,13079,32.708544011,-83.98208533
12,101.2,2,3,13081,31.921074265,-83.76766352
12,109.8,2,3,13083,34.855863771,-85.50325044
12,113.8,2,3,13087,30.880784361,-84.5739862
12,90,2,3,13089,33.772053945,-84.22067829
12,99,2,3,13091,32.166984291,-83.16517622
12,83.9,2,3,13093,32.156363874,-83.79475744
12,103.2,2,3,13095,31.534008396,-84.20972987
12,180.6,2,3,13097,33.703328094,-84.76489924
12,106.4,2,3,13099,31.326590727,-84.89794806
12,99.8,2,3,13101,30.708626244,-82.89063968
12,89.7,2,3,13103,32.369061298,-81.34013187
12,103.5,2,3,13105,34.116160451,-82.84071277
12,84.8,2,3,13107,32.585653536,-82.30142803
12,98.1,2,3,13109,32.155060048,-81.88435412
12,94,2,3,13113,33.418433999,-84.485397
12,86.7,2,3,13115,34.265049969,-85.21310149
12,94.8,2,3,13117,34.228390896,-84.12468503
12,83.1,2,3,13119,34.375254269,-83.2276464
12,95.2,2,3,13121,33.794484066,-84.46163052
12,104.9,2,3,13125,33.233197663,-82.60999265
12,88.8,2,3,13127,31.247691409,-81.56054922
12,75.1,2,3,13129,34.502090108,-84.87481166
12,104.8,2,3,13131,30.876819822,-84.22831529
12,82,2,3,13133,33.57779246,-83.16490016
12,94.6,2,3,13135,33.965694272,-84.02295372
12,114.2,2,3,13137,34.626113546,-83.53031335
12,99.8,2,3,13139,34.317660402,-83.81750051
12,72.7,2,3,13141,33.272602428,-82.99831753
12,69.5,2,3,13143,33.794040329,-85.20707594
12,99.3,2,3,13145,32.733439782,-84.90635851
12,76.5,2,3,13147,34.351547387,-82.9663522
12,87.4,2,3,13149,33.296160063,-85.12241866
12,91.2,2,3,13151,33.454569638,-84.15079714
12,100.1,2,3,13153,32.45757027,-83.66190418
12,112.4,2,3,13155,31.604490127,-83.27562912
12,145.2,2,3,13157,34.139600619,-83.56469691
12,95.4,2,3,13159,33.317008309,-83.68420616
12,127.2,2,3,13161,31.801599563,-82.63408896
12,84.4,2,3,13163,33.057336026,-82.41747294
12,80,2,3,13165,32.789058159,-81.96302227
12,78.4,2,3,13167,32.699402854,-82.65911603
12,84.6,2,3,13169,33.021824026,-83.554602
12,124.5,2,3,13171,33.074535415,-84.13717348
12,85.7,2,3,13173,31.040573496,-83.05939985
12,88.2,2,3,13175,32.461009224,-82.92052514
12,105.4,2,3,13177,31.777731344,-84.14143621
12,49.6,2,3,13179,31.835510234,-81.50295571
12,71.1,2,3,13181,33.792515885,-82.4546462
12,45.2,2,3,13183,31.75407971,-81.74569546
12,98.2,2,3,13185,30.833572576,-83.26417517
12,77.9,2,3,13189,33.484546506,-82.4800439
12,74.9,2,3,13191,31.501940512,-81.41473267
12,117.2,2,3,13193,32.352802213,-84.03685984
12,172.1,2,3,13195,34.127694611,-83.20630677
12,124,2,3,13197,32.351585108,-84.52210328
12,86.6,2,3,13199,33.034847106,-84.68239736
12,119,2,3,13201,31.16626053,-84.72182863
12,108.3,2,3,13205,31.225179886,-84.19050964
12,114.4,2,3,13207,33.012692702,-83.91522344
12,110.9,2,3,13209,32.170766347,-82.53164268
12,101.7,2,3,13211,33.589356454,-83.48921039
12,95.7,2,3,13215,32.506368729,-84.87143924
12,92,2,3,13217,33.555616973,-83.84871378
12,147,2,3,13219,33.832773986,-83.43724012
12,153.2,2,3,13221,33.879018111,-83.08250264
12,78.4,2,3,13223,33.923711362,-84.86143774
12,95,2,3,13225,32.561134096,-83.82155545
12,162.2,2,3,13229,31.360612097,-82.20885234
12,111.6,2,3,13231,33.090984989,-84.38664209
12,66.8,2,3,13233,34.005862667,-85.18419414
12,127.1,2,3,13235,32.231082749,-83.47300362
12,83.2,2,3,13237,33.32049587,-83.36750134
12,94.8,2,3,13239,31.867785515,-85.01835898
12,101.5,2,3,13243,31.762952465,-84.75060823
12,83.6,2,3,13245,33.364020651,-82.07349647
12,89.8,2,3,13247,33.656365447,-84.02418961
12,136.2,2,3,13249,32.258894544,-84.30900235
12,80,2,3,13251,32.748788136,-81.61023555
12,107.7,2,3,13253,30.939301062,-84.86594327
12,96.1,2,3,13255,33.260413386,-84.28391543
12,90.4,2,3,13259,32.075770163,-84.83347172
12,136.5,2,3,13261,32.036387542,-84.19290166
12,106,2,3,13263,32.694751194,-84.52541596
12,88.8,2,3,13265,33.566907185,-82.87932346
12,102.3,2,3,13267,32.043082736,-82.05639331
12,134.4,2,3,13269,32.54905613,-84.24437673
12,108.6,2,3,13271,31.926600401,-82.93790805
12,103.8,2,3,13273,31.775755309,-84.43289201
12,110.2,2,3,13275,30.8643952,-83.91526626
12,104.8,2,3,13277,31.457580443,-83.52158925
12,119.5,2,3,13279,32.117433497,-82.32930512
12,94.8,2,3,13283,32.399807396,-82.56552311
12,82.6,2,3,13285,33.032102831,-85.02324912
12,101.5,2,3,13287,31.715457622,-83.62176239
12,80.5,2,3,13289,32.66095647,-83.42473692
12,125.9,2,3,13293,32.877728062,-84.2988486
12,106.7,2,3,13295,34.734312497,-85.30019675
12,98.4,2,3,13297,33.780391696,-83.73321433
12,137.8,2,3,13299,31.051889137,-82.4203935
12,55.1,2,3,13301,33.415194737,-82.67633042
12,69.9,2,3,13303,32.968864803,-82.79587358
12,165,2,3,13305,31.550318342,-81.91322499
12,119.6,2,3,13307,32.045389927,-84.54527654
12,90.6,2,3,13309,32.113822903,-82.72162096
12,95.8,2,3,13315,31.969233557,-83.4293457
12,87.8,2,3,13317,33.782751307,-82.74585886
12,80,2,3,13319,32.797078232,-83.17190627
12,107.6,2,3,13321,31.552739571,-83.8477442
12,53.9,1,4,13013,33.997147386,-83.71062359
12,43.7,1,4,13015,34.242152844,-84.83823879
12,77.2,1,4,13045,33.581452354,-85.07645063
12,21.4,1,4,13051,32.01156391,-81.15245396
12,46.9,1,4,13057,34.250503199,-84.47405041
12,14.6,1,4,13059,33.955881571,-83.36843056
12,52.3,1,4,13063,33.542723319,-84.35030499
12,57,1,4,13067,33.948664317,-84.57215492
12,32.7,1,4,13071,31.187943516,-83.76660765
12,27.2,1,4,13073,33.549228623,-82.26803171
12,37.2,1,4,13077,33.352398462,-84.7549457
12,63.8,1,4,13089,33.772053945,-84.22067829
12,50.3,1,4,13097,33.703328094,-84.76489924
12,33.4,1,4,13113,33.418433999,-84.485397
12,54.8,1,4,13115,34.265049969,-85.21310149
12,29.7,1,4,13117,34.228390896,-84.12468503
12,104.4,1,4,13121,33.794484066,-84.46163052
12,55.1,1,4,13129,34.502090108,-84.87481166
12,43.9,1,4,13135,33.965694272,-84.02295372
12,65.6,1,4,13139,34.317660402,-83.81750051
12,96.4,1,4,13151,33.454569638,-84.15079714
12,7.2,1,4,13153,32.45757027,-83.66190418
12,50.6,1,4,13215,32.506368729,-84.87143924
12,45.2,1,4,13223,33.923711362,-84.86143774
12,117.4,1,4,13247,33.656365447,-84.02418961
12,48.7,1,4,13297,33.780391696,-83.73321433
12,83.5,1,4,13313,34.803853857,-84.96211184
12,54.6,2,4,13013,33.997147386,-83.71062359
12,58.4,2,4,13015,34.242152844,-84.83823879
12,32.7,2,4,13051,32.01156391,-81.15245396
12,62,2,4,13057,34.250503199,-84.47405041
12,40.4,2,4,13059,33.955881571,-83.36843056
12,127.7,2,4,13063,33.542723319,-84.35030499
12,60.7,2,4,13067,33.948664317,-84.57215492
12,44.1,2,4,13073,33.549228623,-82.26803171
12,46.8,2,4,13077,33.352398462,-84.7549457
12,47.9,2,4,13089,33.772053945,-84.22067829
12,52.6,2,4,13097,33.703328094,-84.76489924
12,52.3,2,4,13113,33.418433999,-84.485397
12,51.3,2,4,13117,34.228390896,-84.12468503
12,58,2,4,13121,33.794484066,-84.46163052
12,49.9,2,4,13129,34.502090108,-84.87481166
12,25.9,2,4,13135,33.965694272,-84.02295372
12,33.4,2,4,13139,34.317660402,-83.81750051
12,179.1,2,4,13151,33.454569638,-84.15079714
12,0.7,2,4,13153,32.45757027,-83.66190418
12,69.5,2,4,13215,32.506368729,-84.87143924
12,58.7,2,4,13223,33.923711362,-84.86143774
12,38.3,2,4,13245,33.364020651,-82.07349647
12,58.2,2,4,13247,33.656365447,-84.02418961
12,84.7,2,4,13255,33.260413386,-84.28391543
12,36.3,2,4,13313,34.803853857,-84.96211184
12,44.1,1,2,13013,33.997147386,-83.71062359
12,46.3,1,2,13051,32.01156391,-81.15245396
12,55.9,1,2,13057,34.250503199,-84.47405041
12,48.7,1,2,13063,33.542723319,-84.35030499
12,73.6,1,2,13067,33.948664317,-84.57215492
12,14.8,1,2,13073,33.549228623,-82.26803171
12,49.7,1,2,13089,33.772053945,-84.22067829
12,52,1,2,13097,33.703328094,-84.76489924
12,49.8,1,2,13117,34.228390896,-84.12468503
12,48.7,1,2,13121,33.794484066,-84.46163052
12,50.9,1,2,13135,33.965694272,-84.02295372
12,52.1,1,2,13139,34.317660402,-83.81750051
12,58,1,2,13151,33.454569638,-84.15079714
12,49.2,1,2,13247,33.656365447,-84.02418961
12,43.7,1,2,13297,33.780391696,-83.73321433
12,88,2,2,13013,33.997147386,-83.71062359
12,71.2,2,2,13051,32.01156391,-81.15245396
12,44.4,2,2,13057,34.250503199,-84.47405041
12,46.6,2,2,13063,33.542723319,-84.35030499
12,47.4,2,2,13067,33.948664317,-84.57215492
12,56.6,2,2,13073,33.549228623,-82.26803171
12,47.3,2,2,13089,33.772053945,-84.22067829
12,49.8,2,2,13097,33.703328094,-84.76489924
12,9.8,2,2,13113,33.418433999,-84.485397
12,43.8,2,2,13117,34.228390896,-84.12468503
12,49.6,2,2,13121,33.794484066,-84.46163052
12,45.3,2,2,13135,33.965694272,-84.02295372
12,44.1,2,2,13139,34.317660402,-83.81750051
12,50.2,2,2,13151,33.454569638,-84.15079714
12,51.9,2,2,13215,32.506368729,-84.87143924
12,50.7,2,2,13247,33.656365447,-84.02418961
12,66.9,2,2,13297,33.780391696,-83.73321433
13,129.2,1,0,66010,13.443115896,144.77655265
13,104.4,2,0,66010,13.443115896,144.77655265
14,77.1,1,0,15001,19.598443168,-155.5060579
14,77.1,1,0,15003,21.453286208,-157.9774243
14,69,1,0,15005,21.171082775,-156.9523708
14,77.1,1,0,15007,22.040774688,-159.5841847
14,77.1,1,0,15009,20.865592302,-156.5539589
14,67.1,2,0,15001,19.598443168,-155.5060579
14,67.1,2,0,15003,21.453286208,-157.9774243
14,62.1,2,0,15005,21.171082775,-156.9523708
14,67.1,2,0,15007,22.040774688,-159.5841847
14,67.1,2,0,15009,20.865592302,-156.5539589
14,61.3,1,5,15001,19.598443168,-155.5060579
14,61.3,1,5,15003,21.453286208,-157.9774243
14,61.3,1,5,15007,22.040774688,-159.5841847
14,61.3,1,5,15009,20.865592302,-156.5539589
14,61.2,2,5,15001,19.598443168,-155.5060579
14,61.2,2,5,15003,21.453286208,-157.9774243
14,61.2,2,5,15007,22.040774688,-159.5841847
14,61.2,2,5,15009,20.865592302,-156.5539589
14,58.8,1,3,15003,21.453286208,-157.9774243
14,62.8,2,3,15003,21.453286208,-157.9774243
14,143.8,1,4,15001,19.598443168,-155.5060579
14,143.8,1,4,15003,21.453286208,-157.9774243
14,143.8,1,4,15007,22.040774688,-159.5841847
14,143.8,1,4,15009,20.865592302,-156.5539589
14,98.8,2,4,15001,19.598443168,-155.5060579
14,139.7,2,4,15003,21.453286208,-157.9774243
14,134.2,2,4,15007,22.040774688,-159.5841847
14,82,2,4,15009,20.865592302,-156.5539589
14,83.4,1,2,15001,19.598443168,-155.5060579
14,83.4,1,2,15003,21.453286208,-157.9774243
14,83.4,1,2,15007,22.040774688,-159.5841847
14,83.4,1,2,15009,20.865592302,-156.5539589
14,69.3,2,2,15001,19.598443168,-155.5060579
14,69.3,2,2,15003,21.453286208,-157.9774243
14,69.3,2,2,15007,22.040774688,-159.5841847
14,69.3,2,2,15009,20.865592302,-156.5539589
15,66.7,1,0,19001,41.333303541,-94.47868417
15,78.5,1,0,19003,41.033917178,-94.70798597
15,68.5,1,0,19005,43.284613283,-91.37887552
15,74.2,1,0,19007,40.744261731,-92.87314023
15,42.4,1,0,19009,41.683681983,-94.91529759
15,43.9,1,0,19011,42.077085078,-92.06933172
15,72.4,1,0,19013,42.466359395,-92.31406563
15,54.1,1,0,19015,42.033771587,-93.93795531
15,71.6,1,0,19017,42.776651515,-92.32264152
15,55.3,1,0,19019,42.469370507,-91.84083821
15,52.7,1,0,19021,42.737321858,-95.15931978
15,68,1,0,19023,42.731633375,-92.79283467
15,70.8,1,0,19025,42.384584202,-94.65003848
15,72.9,1,0,19027,42.034261277,-94.869692
15,64.8,1,0,19029,41.333628732,-94.9356535
15,56.4,1,0,19031,41.770921745,-91.13459408
15,65,1,0,19033,43.082035104,-93.26375971
15,60.2,1,0,19035,42.738914754,-95.63372979
15,71,1,0,19037,43.065197316,-92.32153569
15,73.9,1,0,19039,41.03144446,-93.79051493
15,63.7,1,0,19041,43.083070709,-95.16053673
15,57.3,1,0,19043,42.847779335,-91.34270601
15,68.5,1,0,19045,41.899061953,-90.5357903
15,67.2,1,0,19047,42.035516885,-95.38867844
15,64.9,1,0,19049,41.682239067,-94.04726044
15,74.7,1,0,19051,40.749401559,-92.41754531
15,70.4,1,0,19053,40.739508205,-93.79096171
15,50.9,1,0,19055,42.471112129,-91.37037021
15,72.8,1,0,19057,40.921796654,-91.18781568
15,72.2,1,0,19059,43.376303757,-95.15917703
15,55.6,1,0,19061,42.47176837,-90.88299727
15,69.6,1,0,19063,43.375705664,-94.68884357
15,67.9,1,0,19065,42.86308995,-91.84885666
15,59.8,1,0,19067,43.062930492,-92.79310346
15,70.5,1,0,19069,42.731801345,-93.26443244
15,73,1,0,19071,40.750105251,-95.6093347
15,73.3,1,0,19073,42.034217116,-94.40478541
15,79.4,1,0,19075,42.399348288,-92.7978501
15,60.6,1,0,19077,41.682827422,-94.51077623
15,89.6,1,0,19079,42.38194571,-93.71315527
15,56.8,1,0,19081,43.08210224,-93.74056862
15,68.7,1,0,19083,42.380122711,-93.24649377
15,63.6,1,0,19085,41.684771974,-95.82033071
15,77.2,1,0,19087,40.986191811,-91.54542599
15,68.8,1,0,19089,43.357734409,-92.3191341
15,64.8,1,0,19091,42.780211184,-94.21630777
15,64,1,0,19093,42.387689388,-95.52314316
15,47.1,1,0,19095,41.683618737,-92.06632281
15,61,1,0,19097,42.173510942,-90.57352257
15,65,1,0,19099,41.687386572,-93.05733853
15,73.8,1,0,19101,41.030557815,-91.94991721
15,47.4,1,0,19103,41.668154801,-91.58990145
15,53.1,1,0,19105,42.121506401,-91.13364562
15,67.2,1,0,19107,41.335277506,-92.1812403
15,65.6,1,0,19109,43.20596101,-94.2167633
15,67.2,1,0,19111,40.641819093,-91.48384626
15,45.6,1,0,19113,42.075034451,-91.60245387
15,64.4,1,0,19115,41.217719557,-91.26083772
15,76.1,1,0,19117,41.03071753,-93.33130723
15,66.7,1,0,19119,43.381379669,-96.21349347
15,63.3,1,0,19121,41.332478312,-94.02401771
15,70.1,1,0,19123,41.335205939,-92.64417592
15,64.1,1,0,19125,41.335448308,-93.10186158
15,76.2,1,0,19127,42.035482837,-93.00556169
15,63.9,1,0,19129,41.036314454,-95.62705328
15,60.6,1,0,19131,43.357515087,-92.7938741
15,71,1,0,19133,42.050166922,-95.96468067
15,72.6,1,0,19135,41.030595198,-92.87163104
15,70.9,1,0,19137,41.035006656,-95.16484934
15,63.2,1,0,19139,41.482898472,-91.11023101
15,54.4,1,0,19141,43.085577724,-95.63496686
15,63.7,1,0,19143,43.377819816,-95.63212927
15,69.9,1,0,19145,40.744176503,-95.15904569
15,62,1,0,19147,43.082576306,-94.68834529
15,60.3,1,0,19149,42.742135566,-96.22006873
15,59.4,1,0,19151,42.736336798,-94.6875069
15,60.2,1,0,19153,41.684376231,-93.57825309
15,66.2,1,0,19155,41.339534797,-95.54831385
15,63.7,1,0,19157,41.686721451,-92.53410303
15,66.2,1,0,19159,40.737314525,-94.25079509
15,53.8,1,0,19161,42.385338028,-95.11442298
15,70.2,1,0,19163,41.637910531,-90.62511687
15,62.8,1,0,19165,41.684679525,-95.31734349
15,52.3,1,0,19167,43.086944736,-96.1849722
15,51.3,1,0,19169,42.034295817,-93.47108799
15,76.1,1,0,19171,42.078184863,-92.53903374
15,62.9,1,0,19173,40.742260114,-94.70639764
15,69.4,1,0,19175,41.031554904,-94.24966818
15,70,1,0,19177,40.752250033,-91.95407728
15,74.4,1,0,19179,41.030572159,-92.41381143
15,63,1,0,19181,41.333992095,-93.56664644
15,64.2,1,0,19183,41.334037554,-91.71657664
15,78.1,1,0,19185,40.741317449,-93.33188498
15,78.4,1,0,19187,42.429075071,-94.19074356
15,62.9,1,0,19189,43.376718471,-93.73900146
15,64.5,1,0,19191,43.291270882,-91.84560954
15,65.1,1,0,19193,42.391099716,-96.05100542
15,63.5,1,0,19195,43.377268885,-93.26508119
15,71.2,1,0,19197,42.733526211,-93.73824073
15,55.8,2,0,19001,41.333303541,-94.47868417
15,52.5,2,0,19003,41.033917178,-94.70798597
15,63.1,2,0,19005,43.284613283,-91.37887552
15,75.2,2,0,19007,40.744261731,-92.87314023
15,65,2,0,19009,41.683681983,-94.91529759
15,47.6,2,0,19011,42.077085078,-92.06933172
15,54.9,2,0,19013,42.466359395,-92.31406563
15,61.3,2,0,19015,42.033771587,-93.93795531
15,62.9,2,0,19017,42.776651515,-92.32264152
15,53.4,2,0,19019,42.469370507,-91.84083821
15,63.2,2,0,19021,42.737321858,-95.15931978
15,59.1,2,0,19023,42.731633375,-92.79283467
15,77.9,2,0,19025,42.384584202,-94.65003848
15,69.5,2,0,19027,42.034261277,-94.869692
15,55.6,2,0,19029,41.333628732,-94.9356535
15,63.3,2,0,19031,41.770921745,-91.13459408
15,61.1,2,0,19033,43.082035104,-93.26375971
15,58,2,0,19035,42.738914754,-95.63372979
15,73.9,2,0,19037,43.065197316,-92.32153569
15,71.3,2,0,19039,41.03144446,-93.79051493
15,58.9,2,0,19041,43.083070709,-95.16053673
15,66.8,2,0,19043,42.847779335,-91.34270601
15,65.6,2,0,19045,41.899061953,-90.5357903
15,66.4,2,0,19047,42.035516885,-95.38867844
15,62.3,2,0,19049,41.682239067,-94.04726044
15,69.6,2,0,19051,40.749401559,-92.41754531
15,68.8,2,0,19053,40.739508205,-93.79096171
15,54.5,2,0,19055,42.471112129,-91.37037021
15,75.9,2,0,19057,40.921796654,-91.18781568
15,58.5,2,0,19059,43.376303757,-95.15917703
15,70,2,0,19061,42.47176837,-90.88299727
15,55.8,2,0,19063,43.375705664,-94.68884357
15,59.9,2,0,19065,42.86308995,-91.84885666
15,68,2,0,19067,43.062930492,-92.79310346
15,59.9,2,0,19069,42.731801345,-93.26443244
15,58.2,2,0,19071,40.750105251,-95.6093347
15,66.4,2,0,19073,42.034217116,-94.40478541
15,59.1,2,0,19075,42.399348288,-92.7978501
15,63.1,2,0,19077,41.682827422,-94.51077623
15,62.2,2,0,19079,42.38194571,-93.71315527
15,52.3,2,0,19081,43.08210224,-93.74056862
15,63.6,2,0,19083,42.380122711,-93.24649377
15,57.9,2,0,19085,41.684771974,-95.82033071
15,69.9,2,0,19087,40.986191811,-91.54542599
15,69.9,2,0,19089,43.357734409,-92.3191341
15,70.8,2,0,19091,42.780211184,-94.21630777
15,61.6,2,0,19093,42.387689388,-95.52314316
15,46.7,2,0,19095,41.683618737,-92.06632281
15,71.8,2,0,19097,42.173510942,-90.57352257
15,61.9,2,0,19099,41.687386572,-93.05733853
15,69.5,2,0,19101,41.030557815,-91.94991721
15,46.9,2,0,19103,41.668154801,-91.58990145
15,46.8,2,0,19105,42.121506401,-91.13364562
15,65.9,2,0,19107,41.335277506,-92.1812403
15,60,2,0,19109,43.20596101,-94.2167633
15,81.5,2,0,19111,40.641819093,-91.48384626
15,47.4,2,0,19113,42.075034451,-91.60245387
15,57.6,2,0,19115,41.217719557,-91.26083772
15,75.2,2,0,19117,41.03071753,-93.33130723
15,56.1,2,0,19119,43.381379669,-96.21349347
15,62.8,2,0,19121,41.332478312,-94.02401771
15,70,2,0,19123,41.335205939,-92.64417592
15,64.2,2,0,19125,41.335448308,-93.10186158
15,58.3,2,0,19127,42.035482837,-93.00556169
15,57.2,2,0,19129,41.036314454,-95.62705328
15,61.2,2,0,19131,43.357515087,-92.7938741
15,64.7,2,0,19133,42.050166922,-95.96468067
15,73.7,2,0,19135,41.030595198,-92.87163104
15,57.1,2,0,19137,41.035006656,-95.16484934
15,60.2,2,0,19139,41.482898472,-91.11023101
15,51.6,2,0,19141,43.085577724,-95.63496686
15,55.4,2,0,19143,43.377819816,-95.63212927
15,56.4,2,0,19145,40.744176503,-95.15904569
15,60.9,2,0,19147,43.082576306,-94.68834529
15,55.4,2,0,19149,42.742135566,-96.22006873
15,68.1,2,0,19151,42.736336798,-94.6875069
15,61.8,2,0,19153,41.684376231,-93.57825309
15,59.5,2,0,19155,41.339534797,-95.54831385
15,58.7,2,0,19157,41.686721451,-92.53410303
15,64.8,2,0,19159,40.737314525,-94.25079509
15,69.4,2,0,19161,42.385338028,-95.11442298
15,65.8,2,0,19163,41.637910531,-90.62511687
15,61.9,2,0,19165,41.684679525,-95.31734349
15,40.9,2,0,19167,43.086944736,-96.1849722
15,60.8,2,0,19169,42.034295817,-93.47108799
15,53,2,0,19171,42.078184863,-92.53903374
15,51.7,2,0,19173,40.742260114,-94.70639764
15,65,2,0,19175,41.031554904,-94.24966818
15,76.9,2,0,19177,40.752250033,-91.95407728
15,72.3,2,0,19179,41.030572159,-92.41381143
15,64,2,0,19181,41.333992095,-93.56664644
15,52.1,2,0,19183,41.334037554,-91.71657664
15,80.8,2,0,19185,40.741317449,-93.33188498
15,67,2,0,19187,42.429075071,-94.19074356
15,56.6,2,0,19189,43.376718471,-93.73900146
15,64.7,2,0,19191,43.291270882,-91.84560954
15,55.4,2,0,19193,42.391099716,-96.05100542
15,60.2,2,0,19195,43.377268885,-93.26508119
15,62.1,2,0,19197,42.733526211,-93.73824073
15,64.6,1,5,19001,41.333303541,-94.47868417
15,75.9,1,5,19003,41.033917178,-94.70798597
15,68.7,1,5,19005,43.284613283,-91.37887552
15,75.8,1,5,19007,40.744261731,-92.87314023
15,46.3,1,5,19009,41.683681983,-94.91529759
15,45.3,1,5,19011,42.077085078,-92.06933172
15,70,1,5,19013,42.466359395,-92.31406563
15,50.1,1,5,19015,42.033771587,-93.93795531
15,70,1,5,19017,42.776651515,-92.32264152
15,54.4,1,5,19019,42.469370507,-91.84083821
15,53.8,1,5,19021,42.737321858,-95.15931978
15,67,1,5,19023,42.731633375,-92.79283467
15,72.9,1,5,19025,42.384584202,-94.65003848
15,73.2,1,5,19027,42.034261277,-94.869692
15,65.6,1,5,19029,41.333628732,-94.9356535
15,56.6,1,5,19031,41.770921745,-91.13459408
15,66,1,5,19033,43.082035104,-93.26375971
15,60.6,1,5,19035,42.738914754,-95.63372979
15,71.2,1,5,19037,43.065197316,-92.32153569
15,75.7,1,5,19039,41.03144446,-93.79051493
15,64.9,1,5,19041,43.083070709,-95.16053673
15,58.4,1,5,19043,42.847779335,-91.34270601
15,67.8,1,5,19045,41.899061953,-90.5357903
15,68.4,1,5,19047,42.035516885,-95.38867844
15,64.6,1,5,19049,41.682239067,-94.04726044
15,76.3,1,5,19051,40.749401559,-92.41754531
15,72.6,1,5,19053,40.739508205,-93.79096171
15,51.1,1,5,19055,42.471112129,-91.37037021
15,72.3,1,5,19057,40.921796654,-91.18781568
15,72.4,1,5,19059,43.376303757,-95.15917703
15,56.6,1,5,19061,42.47176837,-90.88299727
15,70.1,1,5,19063,43.375705664,-94.68884357
15,66.7,1,5,19065,42.86308995,-91.84885666
15,60.5,1,5,19067,43.062930492,-92.79310346
15,72,1,5,19069,42.731801345,-93.26443244
15,72.7,1,5,19071,40.750105251,-95.6093347
15,74.7,1,5,19073,42.034217116,-94.40478541
15,78.7,1,5,19075,42.399348288,-92.7978501
15,64.3,1,5,19077,41.682827422,-94.51077623
15,87.2,1,5,19079,42.38194571,-93.71315527
15,58.2,1,5,19081,43.08210224,-93.74056862
15,69.6,1,5,19083,42.380122711,-93.24649377
15,65.7,1,5,19085,41.684771974,-95.82033071
15,76.6,1,5,19087,40.986191811,-91.54542599
15,69.6,1,5,19089,43.357734409,-92.3191341
15,65.5,1,5,19091,42.780211184,-94.21630777
15,65.7,1,5,19093,42.387689388,-95.52314316
15,47.6,1,5,19095,41.683618737,-92.06632281
15,61.5,1,5,19097,42.173510942,-90.57352257
15,65.2,1,5,19099,41.687386572,-93.05733853
15,74.8,1,5,19101,41.030557815,-91.94991721
15,48.5,1,5,19103,41.668154801,-91.58990145
15,53.5,1,5,19105,42.121506401,-91.13364562
15,67.9,1,5,19107,41.335277506,-92.1812403
15,66.9,1,5,19109,43.20596101,-94.2167633
15,66,1,5,19111,40.641819093,-91.48384626
15,46,1,5,19113,42.075034451,-91.60245387
15,63.8,1,5,19115,41.217719557,-91.26083772
15,78,1,5,19117,41.03071753,-93.33130723
15,64.8,1,5,19119,43.381379669,-96.21349347
15,61.1,1,5,19121,41.332478312,-94.02401771
15,71.6,1,5,19123,41.335205939,-92.64417592
15,62,1,5,19125,41.335448308,-93.10186158
15,78.1,1,5,19127,42.035482837,-93.00556169
15,63.4,1,5,19129,41.036314454,-95.62705328
15,61.6,1,5,19131,43.357515087,-92.7938741
15,72.5,1,5,19133,42.050166922,-95.96468067
15,74.2,1,5,19135,41.030595198,-92.87163104
15,70.9,1,5,19137,41.035006656,-95.16484934
15,65.5,1,5,19139,41.482898472,-91.11023101
15,54.9,1,5,19141,43.085577724,-95.63496686
15,64,1,5,19143,43.377819816,-95.63212927
15,66.1,1,5,19145,40.744176503,-95.15904569
15,63.2,1,5,19147,43.082576306,-94.68834529
15,60.5,1,5,19149,42.742135566,-96.22006873
15,60.6,1,5,19151,42.736336798,-94.6875069
15,55.8,1,5,19153,41.684376231,-93.57825309
15,64,1,5,19155,41.339534797,-95.54831385
15,64.3,1,5,19157,41.686721451,-92.53410303
15,67.2,1,5,19159,40.737314525,-94.25079509
15,55.9,1,5,19161,42.385338028,-95.11442298
15,69.9,1,5,19163,41.637910531,-90.62511687
15,65,1,5,19165,41.684679525,-95.31734349
15,52.8,1,5,19167,43.086944736,-96.1849722
15,48.2,1,5,19169,42.034295817,-93.47108799
15,74.5,1,5,19171,42.078184863,-92.53903374
15,60.7,1,5,19173,40.742260114,-94.70639764
15,68.6,1,5,19175,41.031554904,-94.24966818
15,72.3,1,5,19177,40.752250033,-91.95407728
15,76,1,5,19179,41.030572159,-92.41381143
15,60.7,1,5,19181,41.333992095,-93.56664644
15,63.8,1,5,19183,41.334037554,-91.71657664
15,80.3,1,5,19185,40.741317449,-93.33188498
15,78.6,1,5,19187,42.429075071,-94.19074356
15,63.4,1,5,19189,43.376718471,-93.73900146
15,64.8,1,5,19191,43.291270882,-91.84560954
15,64.1,1,5,19193,42.391099716,-96.05100542
15,64.4,1,5,19195,43.377268885,-93.26508119
15,70.6,1,5,19197,42.733526211,-93.73824073
15,55.7,2,5,19001,41.333303541,-94.47868417
15,53.1,2,5,19003,41.033917178,-94.70798597
15,63.3,2,5,19005,43.284613283,-91.37887552
15,75.9,2,5,19007,40.744261731,-92.87314023
15,64.3,2,5,19009,41.683681983,-94.91529759
15,45.6,2,5,19011,42.077085078,-92.06933172
15,53.1,2,5,19013,42.466359395,-92.31406563
15,60.1,2,5,19015,42.033771587,-93.93795531
15,62.8,2,5,19017,42.776651515,-92.32264152
15,53.3,2,5,19019,42.469370507,-91.84083821
15,63.2,2,5,19021,42.737321858,-95.15931978
15,59.2,2,5,19023,42.731633375,-92.79283467
15,76.7,2,5,19025,42.384584202,-94.65003848
15,69.1,2,5,19027,42.034261277,-94.869692
15,55.6,2,5,19029,41.333628732,-94.9356535
15,63.4,2,5,19031,41.770921745,-91.13459408
15,61.3,2,5,19033,43.082035104,-93.26375971
15,57,2,5,19035,42.738914754,-95.63372979
15,74.9,2,5,19037,43.065197316,-92.32153569
15,72,2,5,19039,41.03144446,-93.79051493
15,58.7,2,5,19041,43.083070709,-95.16053673
15,67.2,2,5,19043,42.847779335,-91.34270601
15,66.6,2,5,19045,41.899061953,-90.5357903
15,65.8,2,5,19047,42.035516885,-95.38867844
15,61.2,2,5,19049,41.682239067,-94.04726044
15,70.2,2,5,19051,40.749401559,-92.41754531
15,69.1,2,5,19053,40.739508205,-93.79096171
15,54.2,2,5,19055,42.471112129,-91.37037021
15,76.5,2,5,19057,40.921796654,-91.18781568
15,59.3,2,5,19059,43.376303757,-95.15917703
15,70.6,2,5,19061,42.47176837,-90.88299727
15,56.5,2,5,19063,43.375705664,-94.68884357
15,59.7,2,5,19065,42.86308995,-91.84885666
15,69.5,2,5,19067,43.062930492,-92.79310346
15,61.4,2,5,19069,42.731801345,-93.26443244
15,59.3,2,5,19071,40.750105251,-95.6093347
15,65.9,2,5,19073,42.034217116,-94.40478541
15,58,2,5,19075,42.399348288,-92.7978501
15,63.6,2,5,19077,41.682827422,-94.51077623
15,63,2,5,19079,42.38194571,-93.71315527
15,52.2,2,5,19081,43.08210224,-93.74056862
15,65,2,5,19083,42.380122711,-93.24649377
15,57.3,2,5,19085,41.684771974,-95.82033071
15,70.5,2,5,19087,40.986191811,-91.54542599
15,70.4,2,5,19089,43.357734409,-92.3191341
15,69.7,2,5,19091,42.780211184,-94.21630777
15,59.5,2,5,19093,42.387689388,-95.52314316
15,45.4,2,5,19095,41.683618737,-92.06632281
15,73.1,2,5,19097,42.173510942,-90.57352257
15,61.2,2,5,19099,41.687386572,-93.05733853
15,70.4,2,5,19101,41.030557815,-91.94991721
15,43.4,2,5,19103,41.668154801,-91.58990145
15,45.6,2,5,19105,42.121506401,-91.13364562
15,66.7,2,5,19107,41.335277506,-92.1812403
15,59.6,2,5,19109,43.20596101,-94.2167633
15,81.5,2,5,19111,40.641819093,-91.48384626
15,45.6,2,5,19113,42.075034451,-91.60245387
15,57.6,2,5,19115,41.217719557,-91.26083772
15,76.1,2,5,19117,41.03071753,-93.33130723
15,54.9,2,5,19119,43.381379669,-96.21349347
15,61.7,2,5,19121,41.332478312,-94.02401771
15,70.8,2,5,19123,41.335205939,-92.64417592
15,63.4,2,5,19125,41.335448308,-93.10186158
15,59.2,2,5,19127,42.035482837,-93.00556169
15,56.3,2,5,19129,41.036314454,-95.62705328
15,61.8,2,5,19131,43.357515087,-92.7938741
15,63.2,2,5,19133,42.050166922,-95.96468067
15,74.4,2,5,19135,41.030595198,-92.87163104
15,57.2,2,5,19137,41.035006656,-95.16484934
15,61,2,5,19139,41.482898472,-91.11023101
15,51.3,2,5,19141,43.085577724,-95.63496686
15,55.6,2,5,19143,43.377819816,-95.63212927
15,56.6,2,5,19145,40.744176503,-95.15904569
15,60.7,2,5,19147,43.082576306,-94.68834529
15,53.8,2,5,19149,42.742135566,-96.22006873
15,66.7,2,5,19151,42.736336798,-94.6875069
15,61.3,2,5,19153,41.684376231,-93.57825309
15,57.6,2,5,19155,41.339534797,-95.54831385
15,59,2,5,19157,41.686721451,-92.53410303
15,64.9,2,5,19159,40.737314525,-94.25079509
15,68.6,2,5,19161,42.385338028,-95.11442298
15,66.5,2,5,19163,41.637910531,-90.62511687
15,61.4,2,5,19165,41.684679525,-95.31734349
15,39.3,2,5,19167,43.086944736,-96.1849722
15,59.8,2,5,19169,42.034295817,-93.47108799
15,52.4,2,5,19171,42.078184863,-92.53903374
15,51.7,2,5,19173,40.742260114,-94.70639764
15,65.3,2,5,19175,41.031554904,-94.24966818
15,77.3,2,5,19177,40.752250033,-91.95407728
15,73.2,2,5,19179,41.030572159,-92.41381143
15,63.1,2,5,19181,41.333992095,-93.56664644
15,52.2,2,5,19183,41.334037554,-91.71657664
15,81.6,2,5,19185,40.741317449,-93.33188498
15,66.5,2,5,19187,42.429075071,-94.19074356
15,56.2,2,5,19189,43.376718471,-93.73900146
15,65.4,2,5,19191,43.291270882,-91.84560954
15,53.1,2,5,19193,42.391099716,-96.05100542
15,59,2,5,19195,43.377268885,-93.26508119
15,62.3,2,5,19197,42.733526211,-93.73824073
15,84.1,1,3,19013,42.466359395,-92.31406563
15,45.1,1,3,19103,41.668154801,-91.58990145
15,45.7,1,3,19113,42.075034451,-91.60245387
15,102.7,1,3,19153,41.684376231,-93.57825309
15,115.5,1,3,19155,41.339534797,-95.54831385
15,101,1,3,19163,41.637910531,-90.62511687
15,93.7,2,3,19013,42.466359395,-92.31406563
15,82.3,2,3,19113,42.075034451,-91.60245387
15,69.6,2,3,19153,41.684376231,-93.57825309
15,82.3,2,3,19155,41.339534797,-95.54831385
15,106.8,2,3,19163,41.637910531,-90.62511687
15,46.6,1,4,19153,41.684376231,-93.57825309
15,67.5,1,4,19163,41.637910531,-90.62511687
15,5,1,4,19193,42.391099716,-96.05100542
15,37.8,2,4,19153,41.684376231,-93.57825309
15,19.6,2,4,19163,41.637910531,-90.62511687
15,60.9,2,4,19193,42.391099716,-96.05100542
15,132,1,2,19153,41.684376231,-93.57825309
15,96.1,2,2,19103,41.668154801,-91.58990145
15,93.5,2,2,19153,41.684376231,-93.57825309
16,62.6,1,0,16001,43.443657143,-116.2347242
16,38.6,1,0,16003,44.885114786,-116.4529716
16,78.7,1,0,16005,42.6674748,-112.2166773
16,69.1,1,0,16007,42.285920205,-111.3286097
16,74.5,1,0,16009,47.211539155,-116.6596257
16,74.6,1,0,16011,43.2109611,-112.3899565
16,61.3,1,0,16013,43.401463874,-113.9668494
16,58.6,1,0,16015,43.98200427,-115.7224928
16,73.7,1,0,16017,48.293110581,-116.6009785
16,68.9,1,0,16019,43.386204992,-111.612853
16,71.6,1,0,16021,48.764960218,-116.4713335
16,58.9,1,0,16023,43.718180796,-113.1604386
16,70.9,1,0,16025,43.455770087,-114.7960423
16,62.4,1,0,16027,43.620071052,-116.7036739
16,75.2,1,0,16029,42.771077868,-111.5613922
16,69.3,1,0,16031,42.281871417,-113.5897932
16,51.7,1,0,16033,44.278169589,-112.3398297
16,64.9,1,0,16035,46.665374303,-115.6571237
16,49.8,1,0,16037,44.232044725,-114.2749043
16,63.1,1,0,16039,43.34773486,-115.4608759
16,72.6,1,0,16041,42.181214709,-111.806333
16,61.8,1,0,16043,44.222695274,-111.4767791
16,58.3,1,0,16045,44.055830551,-116.3881308
16,71.2,1,0,16047,42.961826541,-114.8004477
16,55.6,1,0,16049,45.835133768,-115.4663917
16,73.6,1,0,16051,43.814371193,-112.2985744
16,69.5,1,0,16053,42.686016046,-114.2558568
16,74.8,1,0,16055,47.669219421,-116.6999789
16,77.3,1,0,16057,46.808040014,-116.7123175
16,49.2,1,0,16059,44.933700004,-113.9315484
16,68.8,1,0,16061,46.231525772,-116.4225825
16,56.8,1,0,16063,42.997313623,-114.1300732
16,69.1,1,0,16065,43.779347356,-111.6472369
16,56,1,0,16067,42.844673167,-113.6315013
16,75.1,1,0,16069,46.315574146,-116.7526734
16,77.1,1,0,16071,42.194630374,-112.5302156
16,64,1,0,16073,42.579641456,-116.163751
16,61.5,1,0,16075,43.999515236,-116.756015
16,66.8,1,0,16077,42.689353608,-112.8322812
16,68.9,1,0,16079,47.342802493,-115.892153
16,65.3,1,0,16081,43.755726329,-111.2052979
16,69.9,1,0,16083,42.351284511,-114.6545874
16,42.2,1,0,16085,44.757743706,-115.562074
16,47.7,1,0,16087,44.445574049,-116.7825381
16,73.1,2,0,16001,43.443657143,-116.2347242
16,51.2,2,0,16003,44.885114786,-116.4529716
16,85.6,2,0,16005,42.6674748,-112.2166773
16,54.6,2,0,16007,42.285920205,-111.3286097
16,71.1,2,0,16009,47.211539155,-116.6596257
16,76.3,2,0,16011,43.2109611,-112.3899565
16,77.9,2,0,16013,43.401463874,-113.9668494
16,72.8,2,0,16015,43.98200427,-115.7224928
16,73,2,0,16017,48.293110581,-116.6009785
16,67,2,0,16019,43.386204992,-111.612853
16,90.1,2,0,16021,48.764960218,-116.4713335
16,75.2,2,0,16023,43.718180796,-113.1604386
16,63.1,2,0,16025,43.455770087,-114.7960423
16,72.7,2,0,16027,43.620071052,-116.7036739
16,75.7,2,0,16029,42.771077868,-111.5613922
16,69.1,2,0,16031,42.281871417,-113.5897932
16,74.4,2,0,16033,44.278169589,-112.3398297
16,64.7,2,0,16035,46.665374303,-115.6571237
16,64.5,2,0,16037,44.232044725,-114.2749043
16,72.9,2,0,16039,43.34773486,-115.4608759
16,70,2,0,16041,42.181214709,-111.806333
16,76.1,2,0,16043,44.222695274,-111.4767791
16,71.3,2,0,16045,44.055830551,-116.3881308
16,67.7,2,0,16047,42.961826541,-114.8004477
16,61.9,2,0,16049,45.835133768,-115.4663917
16,75.9,2,0,16051,43.814371193,-112.2985744
16,70.8,2,0,16053,42.686016046,-114.2558568
16,72.7,2,0,16055,47.669219421,-116.6999789
16,72.6,2,0,16057,46.808040014,-116.7123175
16,58.2,2,0,16059,44.933700004,-113.9315484
16,55.8,2,0,16061,46.231525772,-116.4225825
16,70.7,2,0,16063,42.997313623,-114.1300732
16,74.6,2,0,16065,43.779347356,-111.6472369
16,75.4,2,0,16067,42.844673167,-113.6315013
16,67.3,2,0,16069,46.315574146,-116.7526734
16,68.9,2,0,16071,42.194630374,-112.5302156
16,72,2,0,16073,42.579641456,-116.163751
16,67.5,2,0,16075,43.999515236,-116.756015
16,80.7,2,0,16077,42.689353608,-112.8322812
16,77.2,2,0,16079,47.342802493,-115.892153
16,75.2,2,0,16081,43.755726329,-111.2052979
16,67,2,0,16083,42.351284511,-114.6545874
16,54.8,2,0,16085,44.757743706,-115.562074
16,62.2,2,0,16087,44.445574049,-116.7825381
16,62.2,1,5,16001,43.443657143,-116.2347242
16,38.8,1,5,16003,44.885114786,-116.4529716
16,77.3,1,5,16005,42.6674748,-112.2166773
16,70.3,1,5,16007,42.285920205,-111.3286097
16,75,1,5,16009,47.211539155,-116.6596257
16,74.3,1,5,16011,43.2109611,-112.3899565
16,57.6,1,5,16013,43.401463874,-113.9668494
16,57,1,5,16015,43.98200427,-115.7224928
16,74.3,1,5,16017,48.293110581,-116.6009785
16,69.4,1,5,16019,43.386204992,-111.612853
16,74.4,1,5,16021,48.764960218,-116.4713335
16,56.7,1,5,16023,43.718180796,-113.1604386
16,77.4,1,5,16025,43.455770087,-114.7960423
16,62.2,1,5,16027,43.620071052,-116.7036739
16,73.9,1,5,16029,42.771077868,-111.5613922
16,67.7,1,5,16031,42.281871417,-113.5897932
16,52.5,1,5,16033,44.278169589,-112.3398297
16,65.7,1,5,16035,46.665374303,-115.6571237
16,50.2,1,5,16037,44.232044725,-114.2749043
16,64.2,1,5,16039,43.34773486,-115.4608759
16,72.7,1,5,16041,42.181214709,-111.806333
16,62.2,1,5,16043,44.222695274,-111.4767791
16,58.2,1,5,16045,44.055830551,-116.3881308
16,75.1,1,5,16047,42.961826541,-114.8004477
16,55.5,1,5,16049,45.835133768,-115.4663917
16,74.4,1,5,16051,43.814371193,-112.2985744
16,70.7,1,5,16053,42.686016046,-114.2558568
16,75,1,5,16055,47.669219421,-116.6999789
16,79.5,1,5,16057,46.808040014,-116.7123175
16,49,1,5,16059,44.933700004,-113.9315484
16,64.7,1,5,16061,46.231525772,-116.4225825
16,54.2,1,5,16063,42.997313623,-114.1300732
16,70,1,5,16065,43.779347356,-111.6472369
16,50.2,1,5,16067,42.844673167,-113.6315013
16,74.9,1,5,16069,46.315574146,-116.7526734
16,77.2,1,5,16071,42.194630374,-112.5302156
16,63.6,1,5,16073,42.579641456,-116.163751
16,63.7,1,5,16075,43.999515236,-116.756015
16,65.6,1,5,16077,42.689353608,-112.8322812
16,71.6,1,5,16079,47.342802493,-115.892153
16,66.7,1,5,16081,43.755726329,-111.2052979
16,71.1,1,5,16083,42.351284511,-114.6545874
16,41,1,5,16085,44.757743706,-115.562074
16,50.9,1,5,16087,44.445574049,-116.7825381
16,74.3,2,5,16001,43.443657143,-116.2347242
16,51.8,2,5,16003,44.885114786,-116.4529716
16,90.1,2,5,16005,42.6674748,-112.2166773
16,57.1,2,5,16007,42.285920205,-111.3286097
16,69.9,2,5,16009,47.211539155,-116.6596257
16,78.2,2,5,16011,43.2109611,-112.3899565
16,80.6,2,5,16013,43.401463874,-113.9668494
16,73.2,2,5,16015,43.98200427,-115.7224928
16,71.9,2,5,16017,48.293110581,-116.6009785
16,67.6,2,5,16019,43.386204992,-111.612853
16,92.1,2,5,16021,48.764960218,-116.4713335
16,74.7,2,5,16023,43.718180796,-113.1604386
16,65.5,2,5,16025,43.455770087,-114.7960423
16,73.9,2,5,16027,43.620071052,-116.7036739
16,77.9,2,5,16029,42.771077868,-111.5613922
16,70.7,2,5,16031,42.281871417,-113.5897932
16,70.9,2,5,16033,44.278169589,-112.3398297
16,66.2,2,5,16035,46.665374303,-115.6571237
16,66.2,2,5,16037,44.232044725,-114.2749043
16,73.7,2,5,16039,43.34773486,-115.4608759
16,73.3,2,5,16041,42.181214709,-111.806333
16,64.8,2,5,16043,44.222695274,-111.4767791
16,72.5,2,5,16045,44.055830551,-116.3881308
16,71.6,2,5,16047,42.961826541,-114.8004477
16,63.1,2,5,16049,45.835133768,-115.4663917
16,75.7,2,5,16051,43.814371193,-112.2985744
16,74,2,5,16053,42.686016046,-114.2558568
16,72.1,2,5,16055,47.669219421,-116.6999789
16,74.4,2,5,16057,46.808040014,-116.7123175
16,58.9,2,5,16059,44.933700004,-113.9315484
16,56.5,2,5,16061,46.231525772,-116.4225825
16,72.9,2,5,16063,42.997313623,-114.1300732
16,73.1,2,5,16065,43.779347356,-111.6472369
16,77,2,5,16067,42.844673167,-113.6315013
16,68.2,2,5,16069,46.315574146,-116.7526734
16,72.2,2,5,16071,42.194630374,-112.5302156
16,73.4,2,5,16073,42.579641456,-116.163751
16,70.2,2,5,16075,43.999515236,-116.756015
16,83.9,2,5,16077,42.689353608,-112.8322812
16,78.1,2,5,16079,47.342802493,-115.892153
16,67.3,2,5,16081,43.755726329,-111.2052979
16,68.1,2,5,16083,42.351284511,-114.6545874
16,55.7,2,5,16085,44.757743706,-115.562074
16,63.5,2,5,16087,44.445574049,-116.7825381
16,108.3,1,4,16001,43.443657143,-116.2347242
16,38.6,1,4,16019,43.386204992,-111.612853
16,27.6,1,4,16027,43.620071052,-116.7036739
16,46.5,1,4,16073,42.579641456,-116.163751
16,60.6,1,4,16083,42.351284511,-114.6545874
16,60.7,2,4,16001,43.443657143,-116.2347242
16,153,2,4,16019,43.386204992,-111.612853
16,48.7,2,4,16027,43.620071052,-116.7036739
16,55.7,2,4,16073,42.579641456,-116.163751
16,29.1,2,4,16083,42.351284511,-114.6545874
16,83.1,1,2,16001,43.443657143,-116.2347242
16,68.2,2,2,16001,43.443657143,-116.2347242
17,76.9,1,0,17001,39.990929044,-91.19592793
17,83.8,1,0,17003,37.19498682,-89.33907283
17,89.2,1,0,17005,38.886253588,-89.44371662
17,67.9,1,0,17007,42.322296215,-88.82504603
17,80,1,0,17009,39.964712762,-90.75613018
17,71.5,1,0,17011,41.406806212,-89.53505028
17,60.6,1,0,17013,39.166782755,-90.67010859
17,63.7,1,0,17015,42.070598499,-89.93941639
17,73.3,1,0,17017,39.978030258,-90.25064146
17,55.6,1,0,17019,40.142948729,-88.20378338
17,71.1,1,0,17021,39.546192638,-89.2845451
17,85.1,1,0,17023,39.336214991,-87.79356916
17,79.4,1,0,17025,38.758737429,-88.49494798
17,89.5,1,0,17027,38.605730215,-89.42922125
17,81.7,1,0,17029,39.522601612,-88.22351365
17,84.2,1,0,17031,41.843496016,-87.82113141
17,83.6,1,0,17033,39.006486136,-87.76914608
17,84.9,1,0,17035,39.276834584,-88.24207959
17,73.5,1,0,17037,41.895832773,-88.77591971
17,68,1,0,17039,40.179772192,-88.90751952
17,64.4,1,0,17041,39.77190124,-88.22112178
17,65.5,1,0,17043,41.855678083,-88.09218087
17,69.3,1,0,17045,39.682874464,-87.74866425
17,87.9,1,0,17047,38.419900306,-88.05713446
17,74,1,0,17049,39.061135978,-88.59271137
17,75.1,1,0,17051,39.001258903,-89.03088402
17,78.8,1,0,17053,40.604209449,-88.22716654
17,74.9,1,0,17055,37.995811814,-88.92787689
17,70.2,1,0,17057,40.477327268,-90.2115383
17,87.4,1,0,17059,37.76934216,-88.23279498
17,77.5,1,0,17061,39.358652154,-90.39299076
17,73.7,1,0,17063,41.287695445,-88.42543079
17,83,1,0,17065,38.085235209,-88.54242747
17,62.4,1,0,17067,40.407387721,-91.17230434
17,89.1,1,0,17069,37.522310161,-88.27191623
17,75.3,1,0,17071,40.822023587,-90.93082265
17,68.4,1,0,17073,41.354937433,-90.13791376
17,89.8,1,0,17075,40.749575184,-87.82919116
17,72.8,1,0,17077,37.785227962,-89.38966279
17,82,1,0,17079,39.015537648,-88.15971084
17,80.9,1,0,17081,38.301155541,-88.92778592
17,73.7,1,0,17083,39.084479411,-90.36160209
17,58.8,1,0,17085,42.366260494,-90.21269307
17,55.4,1,0,17087,37.465596272,-88.88525278
17,75.2,1,0,17089,41.940641487,-88.43401314
17,80.9,1,0,17091,41.141160512,-87.86508424
17,67.8,1,0,17093,41.591639554,-88.43644191
17,71.4,1,0,17095,40.933693032,-90.21994018
17,56.1,1,0,17097,42.320051723,-88.00343335
17,71,1,0,17099,41.345879216,-88.89370396
17,76.9,1,0,17101,38.725167426,-87.73443114
17,74.8,1,0,17103,41.748253825,-89.30424356
17,80.8,1,0,17105,40.895583716,-88.56348405
17,69.4,1,0,17107,40.127561784,-89.3740589
17,113,1,0,17109,40.457752404,-90.68482569
17,76.1,1,0,17111,42.323802577,-88.45396096
17,61.8,1,0,17113,40.493679421,-88.85345956
17,70.5,1,0,17115,39.862868781,-88.9682898
17,86.1,1,0,17117,39.26245718,-89.92913439
17,97,1,0,17119,38.830388757,-89.91052813
17,80,1,0,17121,38.651071388,-88.92321276
17,77,1,0,17123,41.035674787,-89.35314197
17,68,1,0,17125,40.244924482,-89.92332826
17,70,1,0,17127,37.220053154,-88.7117137
17,69.1,1,0,17129,40.032140147,-89.8058576
17,69.2,1,0,17131,41.207479416,-90.74526244
17,87.7,1,0,17133,38.280061883,-90.17930252
17,76.6,1,0,17135,39.231535078,-89.48322085
17,74.2,1,0,17137,39.721261284,-90.20643727
17,76.5,1,0,17139,39.643119449,-88.62214228
17,84.9,1,0,17141,42.042649376,-89.32539739
17,72.6,1,0,17143,40.792607528,-89.76409667
17,72.4,1,0,17145,38.083437286,-89.37248631
17,58.1,1,0,17147,40.013874451,-88.59536433
17,76.1,1,0,17149,39.624590624,-90.89355263
17,61.1,1,0,17151,37.41919132,-88.56346121
17,69.9,1,0,17153,37.227217066,-89.12421057
17,80.2,1,0,17155,41.207607407,-89.29030819
17,83.3,1,0,17157,38.053968203,-89.83222471
17,79.7,1,0,17159,38.71838126,-88.09081935
17,69.1,1,0,17161,41.472512767,-90.56347353
17,91.8,1,0,17163,38.472078479,-89.93297598
17,80.5,1,0,17165,37.75915264,-88.54390624
17,72.5,1,0,17167,39.761534545,-89.66408937
17,87,1,0,17169,40.159821566,-90.6220982
17,72.3,1,0,17171,39.647588674,-90.478572
17,74.9,1,0,17173,39.392249589,-88.80826468
17,74.6,1,0,17175,41.09689325,-89.80388663
17,74.1,1,0,17177,42.349685781,-89.66354164
17,68.2,1,0,17179,40.509878097,-89.51846831
17,69.4,1,0,17181,37.475755148,-89.25929819
17,72.1,1,0,17183,40.186383598,-87.73804331
17,81,1,0,17185,38.454892546,-87.84604365
17,83.1,1,0,17187,40.850681817,-90.62116417
17,87.3,1,0,17189,38.351050265,-89.41503711
17,90.1,1,0,17191,38.433295967,-88.42860974
17,88,1,0,17193,38.092474442,-88.18439161
17,69.6,1,0,17195,41.758303671,-89.91743423
17,74.9,1,0,17197,41.448157518,-87.98529663
17,69.2,1,0,17199,37.735576125,-88.93269575
17,85,1,0,17201,42.334491134,-89.16328026
17,73,1,0,17203,40.79013903,-89.21606898
17,79.2,2,0,17001,39.990929044,-91.19592793
17,84.7,2,0,17003,37.19498682,-89.33907283
17,88.7,2,0,17005,38.886253588,-89.44371662
17,65.6,2,0,17007,42.322296215,-88.82504603
17,76,2,0,17009,39.964712762,-90.75613018
17,70.9,2,0,17011,41.406806212,-89.53505028
17,60.9,2,0,17013,39.166782755,-90.67010859
17,67.7,2,0,17015,42.070598499,-89.93941639
17,64.1,2,0,17017,39.978030258,-90.25064146
17,47.5,2,0,17019,40.142948729,-88.20378338
17,65.1,2,0,17021,39.546192638,-89.2845451
17,75.9,2,0,17023,39.336214991,-87.79356916
17,71.4,2,0,17025,38.758737429,-88.49494798
17,87.2,2,0,17027,38.605730215,-89.42922125
17,71.3,2,0,17029,39.522601612,-88.22351365
17,74.7,2,0,17031,41.843496016,-87.82113141
17,79.3,2,0,17033,39.006486136,-87.76914608
17,80.1,2,0,17035,39.276834584,-88.24207959
17,69.2,2,0,17037,41.895832773,-88.77591971
17,86.2,2,0,17039,40.179772192,-88.90751952
17,55.7,2,0,17041,39.77190124,-88.22112178
17,73.9,2,0,17043,41.855678083,-88.09218087
17,62.2,2,0,17045,39.682874464,-87.74866425
17,66.2,2,0,17047,38.419900306,-88.05713446
17,71,2,0,17049,39.061135978,-88.59271137
17,73.9,2,0,17051,39.001258903,-89.03088402
17,58.7,2,0,17053,40.604209449,-88.22716654
17,75.1,2,0,17055,37.995811814,-88.92787689
17,73.4,2,0,17057,40.477327268,-90.2115383
17,85.9,2,0,17059,37.76934216,-88.23279498
17,65.7,2,0,17061,39.358652154,-90.39299076
17,74.4,2,0,17063,41.287695445,-88.42543079
17,87.1,2,0,17065,38.085235209,-88.54242747
17,90.7,2,0,17067,40.407387721,-91.17230434
17,101.3,2,0,17069,37.522310161,-88.27191623
17,82.3,2,0,17071,40.822023587,-90.93082265
17,64.6,2,0,17073,41.354937433,-90.13791376
17,78.4,2,0,17075,40.749575184,-87.82919116
17,71.7,2,0,17077,37.785227962,-89.38966279
17,74,2,0,17079,39.015537648,-88.15971084
17,72.9,2,0,17081,38.301155541,-88.92778592
17,76.3,2,0,17083,39.084479411,-90.36160209
17,69.8,2,0,17085,42.366260494,-90.21269307
17,66.3,2,0,17087,37.465596272,-88.88525278
17,73,2,0,17089,41.940641487,-88.43401314
17,75.4,2,0,17091,41.141160512,-87.86508424
17,72,2,0,17093,41.591639554,-88.43644191
17,75.8,2,0,17095,40.933693032,-90.21994018
17,60.1,2,0,17097,42.320051723,-88.00343335
17,75.7,2,0,17099,41.345879216,-88.89370396
17,77.2,2,0,17101,38.725167426,-87.73443114
17,74.1,2,0,17103,41.748253825,-89.30424356
17,81.5,2,0,17105,40.895583716,-88.56348405
17,68.6,2,0,17107,40.127561784,-89.3740589
17,88.9,2,0,17109,40.457752404,-90.68482569
17,64,2,0,17111,42.323802577,-88.45396096
17,45.3,2,0,17113,40.493679421,-88.85345956
17,74.9,2,0,17115,39.862868781,-88.9682898
17,75.5,2,0,17117,39.26245718,-89.92913439
17,92.3,2,0,17119,38.830388757,-89.91052813
17,71.1,2,0,17121,38.651071388,-88.92321276
17,77.3,2,0,17123,41.035674787,-89.35314197
17,66.3,2,0,17125,40.244924482,-89.92332826
17,73.8,2,0,17127,37.220053154,-88.7117137
17,64.4,2,0,17129,40.032140147,-89.8058576
17,65.5,2,0,17131,41.207479416,-90.74526244
17,79.5,2,0,17133,38.280061883,-90.17930252
17,79.6,2,0,17135,39.231535078,-89.48322085
17,64.1,2,0,17137,39.721261284,-90.20643727
17,72.7,2,0,17139,39.643119449,-88.62214228
17,68.5,2,0,17141,42.042649376,-89.32539739
17,72.5,2,0,17143,40.792607528,-89.76409667
17,65,2,0,17145,38.083437286,-89.37248631
17,63.5,2,0,17147,40.013874451,-88.59536433
17,76.1,2,0,17149,39.624590624,-90.89355263
17,75.4,2,0,17151,37.41919132,-88.56346121
17,74.2,2,0,17153,37.227217066,-89.12421057
17,76.2,2,0,17155,41.207607407,-89.29030819
17,77.5,2,0,17157,38.053968203,-89.83222471
17,64.5,2,0,17159,38.71838126,-88.09081935
17,64.5,2,0,17161,41.472512767,-90.56347353
17,85.1,2,0,17163,38.472078479,-89.93297598
17,89.2,2,0,17165,37.75915264,-88.54390624
17,67.4,2,0,17167,39.761534545,-89.66408937
17,82.7,2,0,17169,40.159821566,-90.6220982
17,59.2,2,0,17171,39.647588674,-90.478572
17,72,2,0,17173,39.392249589,-88.80826468
17,74.8,2,0,17175,41.09689325,-89.80388663
17,66.5,2,0,17177,42.349685781,-89.66354164
17,57.9,2,0,17179,40.509878097,-89.51846831
17,71.1,2,0,17181,37.475755148,-89.25929819
17,78.1,2,0,17183,40.186383598,-87.73804331
17,78.2,2,0,17185,38.454892546,-87.84604365
17,81.5,2,0,17187,40.850681817,-90.62116417
17,81.5,2,0,17189,38.351050265,-89.41503711
17,73.8,2,0,17191,38.433295967,-88.42860974
17,81.5,2,0,17193,38.092474442,-88.18439161
17,65,2,0,17195,41.758303671,-89.91743423
17,73.9,2,0,17197,41.448157518,-87.98529663
17,67.1,2,0,17199,37.735576125,-88.93269575
17,69.2,2,0,17201,42.334491134,-89.16328026
17,75,2,0,17203,40.79013903,-89.21606898
17,77.9,1,5,17001,39.990929044,-91.19592793
17,86,1,5,17003,37.19498682,-89.33907283
17,86.3,1,5,17005,38.886253588,-89.44371662
17,69.2,1,5,17007,42.322296215,-88.82504603
17,81.8,1,5,17009,39.964712762,-90.75613018
17,70.7,1,5,17011,41.406806212,-89.53505028
17,61,1,5,17013,39.166782755,-90.67010859
17,62.8,1,5,17015,42.070598499,-89.93941639
17,73.2,1,5,17017,39.978030258,-90.25064146
17,52.7,1,5,17019,40.142948729,-88.20378338
17,69.8,1,5,17021,39.546192638,-89.2845451
17,85.8,1,5,17023,39.336214991,-87.79356916
17,81.2,1,5,17025,38.758737429,-88.49494798
17,86.8,1,5,17027,38.605730215,-89.42922125
17,82.9,1,5,17029,39.522601612,-88.22351365
17,71.9,1,5,17031,41.843496016,-87.82113141
17,85.4,1,5,17033,39.006486136,-87.76914608
17,85.8,1,5,17035,39.276834584,-88.24207959
17,75.7,1,5,17037,41.895832773,-88.77591971
17,66.6,1,5,17039,40.179772192,-88.90751952
17,63,1,5,17041,39.77190124,-88.22112178
17,62.6,1,5,17043,41.855678083,-88.09218087
17,68.7,1,5,17045,39.682874464,-87.74866425
17,88.3,1,5,17047,38.419900306,-88.05713446
17,75.4,1,5,17049,39.061135978,-88.59271137
17,75.4,1,5,17051,39.001258903,-89.03088402
17,73.7,1,5,17053,40.604209449,-88.22716654
17,75.9,1,5,17055,37.995811814,-88.92787689
17,68.1,1,5,17057,40.477327268,-90.2115383
17,88.9,1,5,17059,37.76934216,-88.23279498
17,78,1,5,17061,39.358652154,-90.39299076
17,76.8,1,5,17063,41.287695445,-88.42543079
17,83.7,1,5,17065,38.085235209,-88.54242747
17,62.7,1,5,17067,40.407387721,-91.17230434
17,90.6,1,5,17069,37.522310161,-88.27191623
17,74.4,1,5,17071,40.822023587,-90.93082265
17,68.1,1,5,17073,41.354937433,-90.13791376
17,82.2,1,5,17075,40.749575184,-87.82919116
17,72.2,1,5,17077,37.785227962,-89.38966279
17,83.6,1,5,17079,39.015537648,-88.15971084
17,81.5,1,5,17081,38.301155541,-88.92778592
17,72.9,1,5,17083,39.084479411,-90.36160209
17,59.2,1,5,17085,42.366260494,-90.21269307
17,58.8,1,5,17087,37.465596272,-88.88525278
17,72.7,1,5,17089,41.940641487,-88.43401314
17,76.9,1,5,17091,41.141160512,-87.86508424
17,66.2,1,5,17093,41.591639554,-88.43644191
17,68.9,1,5,17095,40.933693032,-90.21994018
17,56.8,1,5,17097,42.320051723,-88.00343335
17,71.8,1,5,17099,41.345879216,-88.89370396
17,78,1,5,17101,38.725167426,-87.73443114
17,74.9,1,5,17103,41.748253825,-89.30424356
17,74.7,1,5,17105,40.895583716,-88.56348405
17,68.5,1,5,17107,40.127561784,-89.3740589
17,118.2,1,5,17109,40.457752404,-90.68482569
17,72.3,1,5,17111,42.323802577,-88.45396096
17,60.3,1,5,17113,40.493679421,-88.85345956
17,68.4,1,5,17115,39.862868781,-88.9682898
17,82.3,1,5,17117,39.26245718,-89.92913439
17,89.1,1,5,17119,38.830388757,-89.91052813
17,81.9,1,5,17121,38.651071388,-88.92321276
17,74.2,1,5,17123,41.035674787,-89.35314197
17,69.1,1,5,17125,40.244924482,-89.92332826
17,72.3,1,5,17127,37.220053154,-88.7117137
17,68.3,1,5,17129,40.032140147,-89.8058576
17,68.3,1,5,17131,41.207479416,-90.74526244
17,79,1,5,17133,38.280061883,-90.17930252
17,76.6,1,5,17135,39.231535078,-89.48322085
17,73.7,1,5,17137,39.721261284,-90.20643727
17,75.9,1,5,17139,39.643119449,-88.62214228
17,82,1,5,17141,42.042649376,-89.32539739
17,70.8,1,5,17143,40.792607528,-89.76409667
17,72.4,1,5,17145,38.083437286,-89.37248631
17,55.9,1,5,17147,40.013874451,-88.59536433
17,77.6,1,5,17149,39.624590624,-90.89355263
17,64.6,1,5,17151,37.41919132,-88.56346121
17,72.8,1,5,17153,37.227217066,-89.12421057
17,78.1,1,5,17155,41.207607407,-89.29030819
17,79.1,1,5,17157,38.053968203,-89.83222471
17,80.9,1,5,17159,38.71838126,-88.09081935
17,69,1,5,17161,41.472512767,-90.56347353
17,81.4,1,5,17163,38.472078479,-89.93297598
17,80.8,1,5,17165,37.75915264,-88.54390624
17,71.8,1,5,17167,39.761534545,-89.66408937
17,89.1,1,5,17169,40.159821566,-90.6220982
17,75.4,1,5,17171,39.647588674,-90.478572
17,75.6,1,5,17173,39.392249589,-88.80826468
17,71.8,1,5,17175,41.09689325,-89.80388663
17,72.1,1,5,17177,42.349685781,-89.66354164
17,66.5,1,5,17179,40.509878097,-89.51846831
17,68.9,1,5,17181,37.475755148,-89.25929819
17,68.6,1,5,17183,40.186383598,-87.73804331
17,82.4,1,5,17185,38.454892546,-87.84604365
17,85.7,1,5,17187,40.850681817,-90.62116417
17,84.2,1,5,17189,38.351050265,-89.41503711
17,92.8,1,5,17191,38.433295967,-88.42860974
17,89.1,1,5,17193,38.092474442,-88.18439161
17,69.3,1,5,17195,41.758303671,-89.91743423
17,74.1,1,5,17197,41.448157518,-87.98529663
17,70.4,1,5,17199,37.735576125,-88.93269575
17,81.1,1,5,17201,42.334491134,-89.16328026
17,71.4,1,5,17203,40.79013903,-89.21606898
17,81,2,5,17001,39.990929044,-91.19592793
17,85.1,2,5,17003,37.19498682,-89.33907283
17,89.7,2,5,17005,38.886253588,-89.44371662
17,65.4,2,5,17007,42.322296215,-88.82504603
17,79.2,2,5,17009,39.964712762,-90.75613018
17,71.8,2,5,17011,41.406806212,-89.53505028
17,61.5,2,5,17013,39.166782755,-90.67010859
17,68.5,2,5,17015,42.070598499,-89.93941639
17,65.1,2,5,17017,39.978030258,-90.25064146
17,44.4,2,5,17019,40.142948729,-88.20378338
17,66.9,2,5,17021,39.546192638,-89.2845451
17,74.7,2,5,17023,39.336214991,-87.79356916
17,72,2,5,17025,38.758737429,-88.49494798
17,83.7,2,5,17027,38.605730215,-89.42922125
17,72.5,2,5,17029,39.522601612,-88.22351365
17,65.2,2,5,17031,41.843496016,-87.82113141
17,79.8,2,5,17033,39.006486136,-87.76914608
17,81.3,2,5,17035,39.276834584,-88.24207959
17,67.7,2,5,17037,41.895832773,-88.77591971
17,85,2,5,17039,40.179772192,-88.90751952
17,54.3,2,5,17041,39.77190124,-88.22112178
17,68.4,2,5,17043,41.855678083,-88.09218087
17,59.9,2,5,17045,39.682874464,-87.74866425
17,67.3,2,5,17047,38.419900306,-88.05713446
17,72,2,5,17049,39.061135978,-88.59271137
17,74.7,2,5,17051,39.001258903,-89.03088402
17,57.7,2,5,17053,40.604209449,-88.22716654
17,76.7,2,5,17055,37.995811814,-88.92787689
17,71.7,2,5,17057,40.477327268,-90.2115383
17,87.6,2,5,17059,37.76934216,-88.23279498
17,66.6,2,5,17061,39.358652154,-90.39299076
17,74.3,2,5,17063,41.287695445,-88.42543079
17,88.9,2,5,17065,38.085235209,-88.54242747
17,88.5,2,5,17067,40.407387721,-91.17230434
17,103.6,2,5,17069,37.522310161,-88.27191623
17,82.7,2,5,17071,40.822023587,-90.93082265
17,65.5,2,5,17073,41.354937433,-90.13791376
17,75.8,2,5,17075,40.749575184,-87.82919116
17,71,2,5,17077,37.785227962,-89.38966279
17,74.6,2,5,17079,39.015537648,-88.15971084
17,73.1,2,5,17081,38.301155541,-88.92778592
17,77,2,5,17083,39.084479411,-90.36160209
17,69.5,2,5,17085,42.366260494,-90.21269307
17,67.4,2,5,17087,37.465596272,-88.88525278
17,68.3,2,5,17089,41.940641487,-88.43401314
17,72.4,2,5,17091,41.141160512,-87.86508424
17,72.3,2,5,17093,41.591639554,-88.43644191
17,73.8,2,5,17095,40.933693032,-90.21994018
17,62.1,2,5,17097,42.320051723,-88.00343335
17,77.3,2,5,17099,41.345879216,-88.89370396
17,77.7,2,5,17101,38.725167426,-87.73443114
17,74.7,2,5,17103,41.748253825,-89.30424356
17,81.2,2,5,17105,40.895583716,-88.56348405
17,65.1,2,5,17107,40.127561784,-89.3740589
17,89.7,2,5,17109,40.457752404,-90.68482569
17,63.1,2,5,17111,42.323802577,-88.45396096
17,45.5,2,5,17113,40.493679421,-88.85345956
17,72,2,5,17115,39.862868781,-88.9682898
17,76.2,2,5,17117,39.26245718,-89.92913439
17,90.9,2,5,17119,38.830388757,-89.91052813
17,71.2,2,5,17121,38.651071388,-88.92321276
17,74.8,2,5,17123,41.035674787,-89.35314197
17,65,2,5,17125,40.244924482,-89.92332826
17,77.2,2,5,17127,37.220053154,-88.7117137
17,64,2,5,17129,40.032140147,-89.8058576
17,67,2,5,17131,41.207479416,-90.74526244
17,71.9,2,5,17133,38.280061883,-90.17930252
17,80.4,2,5,17135,39.231535078,-89.48322085
17,65,2,5,17137,39.721261284,-90.20643727
17,71.7,2,5,17139,39.643119449,-88.62214228
17,67.2,2,5,17141,42.042649376,-89.32539739
17,70.1,2,5,17143,40.792607528,-89.76409667
17,64.7,2,5,17145,38.083437286,-89.37248631
17,64,2,5,17147,40.013874451,-88.59536433
17,76.3,2,5,17149,39.624590624,-90.89355263
17,73.1,2,5,17151,37.41919132,-88.56346121
17,79.2,2,5,17153,37.227217066,-89.12421057
17,76.2,2,5,17155,41.207607407,-89.29030819
17,72.8,2,5,17157,38.053968203,-89.83222471
17,65.2,2,5,17159,38.71838126,-88.09081935
17,65.7,2,5,17161,41.472512767,-90.56347353
17,77.5,2,5,17163,38.472078479,-89.93297598
17,97.4,2,5,17165,37.75915264,-88.54390624
17,66.8,2,5,17167,39.761534545,-89.66408937
17,83.2,2,5,17169,40.159821566,-90.6220982
17,60.4,2,5,17171,39.647588674,-90.478572
17,71.9,2,5,17173,39.392249589,-88.80826468
17,71.6,2,5,17175,41.09689325,-89.80388663
17,64.4,2,5,17177,42.349685781,-89.66354164
17,58.6,2,5,17179,40.509878097,-89.51846831
17,73.2,2,5,17181,37.475755148,-89.25929819
17,72,2,5,17183,40.186383598,-87.73804331
17,78.3,2,5,17185,38.454892546,-87.84604365
17,83.2,2,5,17187,40.850681817,-90.62116417
17,74.7,2,5,17189,38.351050265,-89.41503711
17,74,2,5,17191,38.433295967,-88.42860974
17,83.7,2,5,17193,38.092474442,-88.18439161
17,65.9,2,5,17195,41.758303671,-89.91743423
17,67.7,2,5,17197,41.448157518,-87.98529663
17,67.9,2,5,17199,37.735576125,-88.93269575
17,68,2,5,17201,42.334491134,-89.16328026
17,74.7,2,5,17203,40.79013903,-89.21606898
17,314.4,1,3,17005,38.886253588,-89.44371662
17,113.5,1,3,17007,42.322296215,-88.82504603
17,118.5,1,3,17019,40.142948729,-88.20378338
17,96.1,1,3,17021,39.546192638,-89.2845451
17,474.1,1,3,17027,38.605730215,-89.42922125
17,130.8,1,3,17031,41.843496016,-87.82113141
17,78.4,1,3,17037,41.895832773,-88.77591971
17,137,1,3,17043,41.855678083,-88.09218087
17,109.7,1,3,17057,40.477327268,-90.2115383
17,109.3,1,3,17063,41.287695445,-88.42543079
17,196.9,1,3,17075,40.749575184,-87.82919116
17,155.2,1,3,17083,39.084479411,-90.36160209
17,117.2,1,3,17089,41.940641487,-88.43401314
17,165.1,1,3,17091,41.141160512,-87.86508424
17,123.3,1,3,17093,41.591639554,-88.43644191
17,113.3,1,3,17095,40.933693032,-90.21994018
17,120.5,1,3,17097,42.320051723,-88.00343335
17,149.4,1,3,17105,40.895583716,-88.56348405
17,106.6,1,3,17107,40.127561784,-89.3740589
17,121.3,1,3,17111,42.323802577,-88.45396096
17,108.7,1,3,17113,40.493679421,-88.85345956
17,92.9,1,3,17115,39.862868781,-88.9682898
17,169.4,1,3,17117,39.26245718,-89.92913439
17,197.3,1,3,17119,38.830388757,-89.91052813
17,140.6,1,3,17133,38.280061883,-90.17930252
17,118.2,1,3,17135,39.231535078,-89.48322085
17,125.3,1,3,17141,42.042649376,-89.32539739
17,108.5,1,3,17143,40.792607528,-89.76409667
17,103.6,1,3,17147,40.013874451,-88.59536433
17,154.7,1,3,17157,38.053968203,-89.83222471
17,93.9,1,3,17161,41.472512767,-90.56347353
17,113.2,1,3,17163,38.472078479,-89.93297598
17,101.6,1,3,17167,39.761534545,-89.66408937
17,164.7,1,3,17177,42.349685781,-89.66354164
17,103.8,1,3,17179,40.509878097,-89.51846831
17,99.2,1,3,17183,40.186383598,-87.73804331
17,114.6,1,3,17197,41.448157518,-87.98529663
17,151.1,1,3,17201,42.334491134,-89.16328026
17,103.5,1,3,17203,40.79013903,-89.21606898
17,81.3,2,3,17007,42.322296215,-88.82504603
17,100,2,3,17019,40.142948729,-88.20378338
17,87.9,2,3,17021,39.546192638,-89.2845451
17,113.9,2,3,17027,38.605730215,-89.42922125
17,110,2,3,17031,41.843496016,-87.82113141
17,88.8,2,3,17037,41.895832773,-88.77591971
17,110.6,2,3,17043,41.855678083,-88.09218087
17,98.7,2,3,17057,40.477327268,-90.2115383
17,101.6,2,3,17063,41.287695445,-88.42543079
17,117.9,2,3,17075,40.749575184,-87.82919116
17,78.8,2,3,17083,39.084479411,-90.36160209
17,110.2,2,3,17089,41.940641487,-88.43401314
17,104.7,2,3,17091,41.141160512,-87.86508424
17,92.7,2,3,17093,41.591639554,-88.43644191
17,97.8,2,3,17095,40.933693032,-90.21994018
17,105.2,2,3,17097,42.320051723,-88.00343335
17,107.7,2,3,17107,40.127561784,-89.3740589
17,107.7,2,3,17111,42.323802577,-88.45396096
17,76.1,2,3,17113,40.493679421,-88.85345956
17,98.4,2,3,17115,39.862868781,-88.9682898
17,82.2,2,3,17117,39.26245718,-89.92913439
17,113.4,2,3,17119,38.830388757,-89.91052813
17,120.3,2,3,17133,38.280061883,-90.17930252
17,82.8,2,3,17135,39.231535078,-89.48322085
17,96.7,2,3,17141,42.042649376,-89.32539739
17,97.3,2,3,17143,40.792607528,-89.76409667
17,118.2,2,3,17157,38.053968203,-89.83222471
17,75,2,3,17161,41.472512767,-90.56347353
17,115.5,2,3,17163,38.472078479,-89.93297598
17,87.4,2,3,17167,39.761534545,-89.66408937
17,103.8,2,3,17177,42.349685781,-89.66354164
17,92.2,2,3,17179,40.509878097,-89.51846831
17,111.9,2,3,17183,40.186383598,-87.73804331
17,109.6,2,3,17197,41.448157518,-87.98529663
17,93.7,2,3,17201,42.334491134,-89.16328026
17,92.6,2,3,17203,40.79013903,-89.21606898
17,49.6,1,4,17007,42.322296215,-88.82504603
17,34.2,1,4,17019,40.142948729,-88.20378338
17,70.1,1,4,17031,41.843496016,-87.82113141
17,58.9,1,4,17037,41.895832773,-88.77591971
17,72,1,4,17043,41.855678083,-88.09218087
17,37.4,1,4,17063,41.287695445,-88.42543079
17,67.1,1,4,17089,41.940641487,-88.43401314
17,50.9,1,4,17091,41.141160512,-87.86508424
17,42.7,1,4,17093,41.591639554,-88.43644191
17,53.5,1,4,17097,42.320051723,-88.00343335
17,78,1,4,17099,41.345879216,-88.89370396
17,65.5,1,4,17111,42.323802577,-88.45396096
17,41.2,1,4,17119,38.830388757,-89.91052813
17,47.1,1,4,17161,41.472512767,-90.56347353
17,48.9,1,4,17163,38.472078479,-89.93297598
17,59.4,1,4,17197,41.448157518,-87.98529663
17,34.2,1,4,17201,42.334491134,-89.16328026
17,52.1,2,4,17007,42.322296215,-88.82504603
17,0,2,4,17019,40.142948729,-88.20378338
17,57.4,2,4,17031,41.843496016,-87.82113141
17,58.3,2,4,17037,41.895832773,-88.77591971
17,57.5,2,4,17043,41.855678083,-88.09218087
17,41.9,2,4,17063,41.287695445,-88.42543079
17,57.6,2,4,17089,41.940641487,-88.43401314
17,65.5,2,4,17091,41.141160512,-87.86508424
17,52.9,2,4,17093,41.591639554,-88.43644191
17,47,2,4,17097,42.320051723,-88.00343335
17,42.8,2,4,17099,41.345879216,-88.89370396
17,54.7,2,4,17111,42.323802577,-88.45396096
17,57.7,2,4,17161,41.472512767,-90.56347353
17,42.7,2,4,17163,38.472078479,-89.93297598
17,56.9,2,4,17197,41.448157518,-87.98529663
17,57.4,2,4,17201,42.334491134,-89.16328026
17,19.5,1,2,17019,40.142948729,-88.20378338
17,63.8,1,2,17031,41.843496016,-87.82113141
17,67.2,1,2,17037,41.895832773,-88.77591971
17,63.3,1,2,17043,41.855678083,-88.09218087
17,63,1,2,17089,41.940641487,-88.43401314
17,33.4,1,2,17093,41.591639554,-88.43644191
17,60.9,1,2,17097,42.320051723,-88.00343335
17,68.6,1,2,17111,42.323802577,-88.45396096
17,18.9,1,2,17113,40.493679421,-88.85345956
17,74.3,1,2,17119,38.830388757,-89.91052813
17,25.4,1,2,17143,40.792607528,-89.76409667
17,80.1,1,2,17163,38.472078479,-89.93297598
17,51.9,1,2,17197,41.448157518,-87.98529663
17,36,1,2,17201,42.334491134,-89.16328026
17,69.3,2,2,17019,40.142948729,-88.20378338
17,45.5,2,2,17031,41.843496016,-87.82113141
17,90.3,2,2,17037,41.895832773,-88.77591971
17,47.5,2,2,17043,41.855678083,-88.09218087
17,47.7,2,2,17089,41.940641487,-88.43401314
17,50.7,2,2,17093,41.591639554,-88.43644191
17,44,2,2,17097,42.320051723,-88.00343335
17,42.7,2,2,17111,42.323802577,-88.45396096
17,62.7,2,2,17113,40.493679421,-88.85345956
17,46.7,2,2,17119,38.830388757,-89.91052813
17,63.8,2,2,17143,40.792607528,-89.76409667
17,47.9,2,2,17163,38.472078479,-89.93297598
17,47.2,2,2,17197,41.448157518,-87.98529663
17,52.7,2,2,17201,42.334491134,-89.16328026
17,1.4,1,1,17031,41.843496016,-87.82113141
17,23.5,2,1,17031,41.843496016,-87.82113141
18,82.5,1,0,18001,40.762354203,-84.93383731
18,86,1,0,18003,41.104479791,-85.06455662
18,77.8,1,0,18005,39.200573113,-85.91172934
18,71.9,1,0,18007,40.612965443,-87.31787989
18,85.4,1,0,18009,40.491468126,-85.32322055
18,81.1,1,0,18011,40.060194109,-86.4779534
18,71.8,1,0,18013,39.190935184,-86.24181148
18,72.7,1,0,18015,40.592529178,-86.56562998
18,77.4,1,0,18017,40.772848209,-86.34742089
18,78.6,1,0,18019,38.47443331,-85.71518048
18,74.5,1,0,18021,39.391260504,-87.13034393
18,86.2,1,0,18023,40.310597797,-86.47845492
18,84.2,1,0,18025,38.288030844,-86.45594301
18,83.3,1,0,18027,38.703026649,-87.08118919
18,88.8,1,0,18029,39.146932295,-84.97528617
18,86.1,1,0,18031,39.301108529,-85.51417236
18,80.1,1,0,18033,41.407559859,-84.99557964
18,90.6,1,0,18035,40.237422351,-85.39599882
18,74.6,1,0,18037,38.362890545,-86.88651172
18,87.6,1,0,18039,41.604012985,-85.86584536
18,89,1,0,18041,39.634072839,-85.18469474
18,76.4,1,0,18043,38.313565324,-85.91225854
18,70,1,0,18045,40.131875608,-87.24969989
18,88.4,1,0,18047,39.40862932,-85.06303064
18,77.7,1,0,18049,41.052080006,-86.27165993
18,76.1,1,0,18051,38.313146316,-87.59513006
18,88,1,0,18053,40.531250883,-85.65656079
18,76.3,1,0,18055,39.035873086,-86.97632376
18,71.2,1,0,18057,40.080217408,-86.05713376
18,79.6,1,0,18059,39.827300492,-85.78212007
18,74.3,1,0,18061,38.1924661,-86.11845248
18,83.6,1,0,18063,39.777108692,-86.51976562
18,89.6,1,0,18065,39.934967433,-85.39993534
18,77.2,1,0,18067,40.494570429,-86.11750195
18,87.6,1,0,18069,40.839819228,-85.49271588
18,86.1,1,0,18071,38.906518632,-86.04584347
18,74.2,1,0,18073,41.027973002,-87.11788226
18,84,1,0,18075,40.451856858,-84.99855434
18,92.7,1,0,18077,38.785232449,-85.44726878
18,95.7,1,0,18079,38.997632149,-85.6371624
18,80.6,1,0,18081,39.485157629,-86.11197582
18,83.1,1,0,18083,38.692540002,-87.42473706
18,75.9,1,0,18085,41.249842068,-85.86726546
18,81.1,1,0,18087,41.649754018,-85.42840724
18,79.1,1,0,18089,41.422386189,-87.39075449
18,80.7,1,0,18091,41.550865353,-86.74521499
18,78.1,1,0,18093,38.84051407,-86.49620551
18,86.4,1,0,18095,40.174109049,-85.72209854
18,84.4,1,0,18097,39.784499047,-86.14963236
18,79.5,1,0,18099,41.331185084,-86.27074538
18,78.8,1,0,18101,38.707464843,-86.81460553
18,81.1,1,0,18103,40.783468571,-86.0469386
18,72.9,1,0,18105,39.158410145,-86.53934464
18,75.4,1,0,18107,40.052014007,-86.9045585
18,79.3,1,0,18109,39.479051339,-86.4553306
18,80.5,1,0,18111,40.96315316,-87.40061534
18,83.2,1,0,18113,41.409292083,-85.42496685
18,69.6,1,0,18115,38.954367171,-84.96433143
18,83,1,0,18117,38.536872979,-86.5031155
18,68.9,1,0,18119,39.307707599,-86.85155552
18,72.6,1,0,18121,39.778528043,-87.2169593
18,84.1,1,0,18123,38.077904556,-86.64674721
18,75.8,1,0,18125,38.402422406,-87.23991425
18,73.7,1,0,18127,41.464738194,-87.07732674
18,77.6,1,0,18129,38.023259768,-87.87723029
18,79.4,1,0,18131,41.046294157,-86.70385343
18,75.2,1,0,18133,39.664147044,-86.85422987
18,92.1,1,0,18135,40.165520313,-85.00712261
18,85.3,1,0,18137,39.104233722,-85.27304638
18,83.2,1,0,18139,39.614948932,-85.47563245
18,87.9,1,0,18141,41.623699386,-86.2938894
18,95.4,1,0,18143,38.683107675,-85.7565539
18,83.3,1,0,18145,39.520389629,-85.80471747
18,66.8,1,0,18147,38.014074993,-87.0155146
18,78.6,1,0,18149,41.284058141,-86.6528974
18,67.8,1,0,18151,41.647967295,-84.99202053
18,82.3,1,0,18153,39.088510636,-87.42654142
18,62.3,1,0,18155,38.830828101,-85.03868582
18,71.2,1,0,18157,40.402259045,-86.90094746
18,82.9,1,0,18159,40.319394257,-86.05326906
18,91.3,1,0,18161,39.622531212,-84.92532093
18,71.9,1,0,18163,38.029032535,-87.59430655
18,76.6,1,0,18165,39.861723235,-87.46941506
18,79.6,1,0,18167,39.42933064,-87.40149721
18,83.2,1,0,18169,40.854215752,-85.79734201
18,73.5,1,0,18171,40.356695385,-87.36161485
18,67.5,1,0,18173,38.092948773,-87.2820177
18,83.5,1,0,18175,38.597188874,-86.1135169
18,92.4,1,0,18177,39.87015078,-85.00892366
18,83.2,1,0,18179,40.746742359,-85.22616297
18,69.1,1,0,18181,40.759328929,-86.87025335
18,83.4,1,0,18183,41.146824092,-85.50931321
18,72.8,2,0,18001,40.762354203,-84.93383731
18,80.2,2,0,18003,41.104479791,-85.06455662
18,76.2,2,0,18005,39.200573113,-85.91172934
18,79.1,2,0,18007,40.612965443,-87.31787989
18,83.6,2,0,18009,40.491468126,-85.32322055
18,67.7,2,0,18011,40.060194109,-86.4779534
18,58.3,2,0,18013,39.190935184,-86.24181148
18,74.6,2,0,18015,40.592529178,-86.56562998
18,81.8,2,0,18017,40.772848209,-86.34742089
18,66,2,0,18019,38.47443331,-85.71518048
18,77.2,2,0,18021,39.391260504,-87.13034393
18,66.6,2,0,18023,40.310597797,-86.47845492
18,80,2,0,18025,38.288030844,-86.45594301
18,82.2,2,0,18027,38.703026649,-87.08118919
18,86.5,2,0,18029,39.146932295,-84.97528617
18,71.8,2,0,18031,39.301108529,-85.51417236
18,82.7,2,0,18033,41.407559859,-84.99557964
18,84.5,2,0,18035,40.237422351,-85.39599882
18,78.3,2,0,18037,38.362890545,-86.88651172
18,86.5,2,0,18039,41.604012985,-85.86584536
18,76.9,2,0,18041,39.634072839,-85.18469474
18,73.1,2,0,18043,38.313565324,-85.91225854
18,80,2,0,18045,40.131875608,-87.24969989
18,82.6,2,0,18047,39.40862932,-85.06303064
18,79.2,2,0,18049,41.052080006,-86.27165993
18,78.7,2,0,18051,38.313146316,-87.59513006
18,85.5,2,0,18053,40.531250883,-85.65656079
18,69.6,2,0,18055,39.035873086,-86.97632376
18,68.3,2,0,18057,40.080217408,-86.05713376
18,69.8,2,0,18059,39.827300492,-85.78212007
18,68.2,2,0,18061,38.1924661,-86.11845248
18,69.8,2,0,18063,39.777108692,-86.51976562
18,82.3,2,0,18065,39.934967433,-85.39993534
18,75.2,2,0,18067,40.494570429,-86.11750195
18,81.8,2,0,18069,40.839819228,-85.49271588
18,83.7,2,0,18071,38.906518632,-86.04584347
18,71.2,2,0,18073,41.027973002,-87.11788226
18,73.3,2,0,18075,40.451856858,-84.99855434
18,79.4,2,0,18077,38.785232449,-85.44726878
18,85.2,2,0,18079,38.997632149,-85.6371624
18,69.8,2,0,18081,39.485157629,-86.11197582
18,75.6,2,0,18083,38.692540002,-87.42473706
18,84.1,2,0,18085,41.249842068,-85.86726546
18,95.1,2,0,18087,41.649754018,-85.42840724
18,74.7,2,0,18089,41.422386189,-87.39075449
18,61.3,2,0,18091,41.550865353,-86.74521499
18,72.6,2,0,18093,38.84051407,-86.49620551
18,78.3,2,0,18095,40.174109049,-85.72209854
18,68.3,2,0,18097,39.784499047,-86.14963236
18,86,2,0,18099,41.331185084,-86.27074538
18,79.1,2,0,18101,38.707464843,-86.81460553
18,84.9,2,0,18103,40.783468571,-86.0469386
18,56,2,0,18105,39.158410145,-86.53934464
18,71.9,2,0,18107,40.052014007,-86.9045585
18,68.2,2,0,18109,39.479051339,-86.4553306
18,76.2,2,0,18111,40.96315316,-87.40061534
18,83.8,2,0,18113,41.409292083,-85.42496685
18,66.3,2,0,18115,38.954367171,-84.96433143
18,83.7,2,0,18117,38.536872979,-86.5031155
18,64.2,2,0,18119,39.307707599,-86.85155552
18,81.8,2,0,18121,39.778528043,-87.2169593
18,75.9,2,0,18123,38.077904556,-86.64674721
18,80.9,2,0,18125,38.402422406,-87.23991425
18,68.1,2,0,18127,41.464738194,-87.07732674
18,79.7,2,0,18129,38.023259768,-87.87723029
18,80.8,2,0,18131,41.046294157,-86.70385343
18,72.9,2,0,18133,39.664147044,-86.85422987
18,84.6,2,0,18135,40.165520313,-85.00712261
18,74.4,2,0,18137,39.104233722,-85.27304638
18,72.9,2,0,18139,39.614948932,-85.47563245
18,93.9,2,0,18141,41.623699386,-86.2938894
18,96.5,2,0,18143,38.683107675,-85.7565539
18,70.5,2,0,18145,39.520389629,-85.80471747
18,79.3,2,0,18147,38.014074993,-87.0155146
18,73.2,2,0,18149,41.284058141,-86.6528974
18,65.3,2,0,18151,41.647967295,-84.99202053
18,81.3,2,0,18153,39.088510636,-87.42654142
18,62.9,2,0,18155,38.830828101,-85.03868582
18,74,2,0,18157,40.402259045,-86.90094746
18,69.7,2,0,18159,40.319394257,-86.05326906
18,91.8,2,0,18161,39.622531212,-84.92532093
18,78.2,2,0,18163,38.029032535,-87.59430655
18,83.6,2,0,18165,39.861723235,-87.46941506
18,82.5,2,0,18167,39.42933064,-87.40149721
18,84,2,0,18169,40.854215752,-85.79734201
18,82.1,2,0,18171,40.356695385,-87.36161485
18,79.9,2,0,18173,38.092948773,-87.2820177
18,83.8,2,0,18175,38.597188874,-86.1135169
18,85.6,2,0,18177,39.87015078,-85.00892366
18,77.1,2,0,18179,40.746742359,-85.22616297
18,75.7,2,0,18181,40.759328929,-86.87025335
18,81,2,0,18183,41.146824092,-85.50931321
18,79.9,1,5,18001,40.762354203,-84.93383731
18,85.5,1,5,18003,41.104479791,-85.06455662
18,78.7,1,5,18005,39.200573113,-85.91172934
18,70.1,1,5,18007,40.612965443,-87.31787989
18,84.8,1,5,18009,40.491468126,-85.32322055
18,80.1,1,5,18011,40.060194109,-86.4779534
18,71.2,1,5,18013,39.190935184,-86.24181148
18,69.3,1,5,18015,40.592529178,-86.56562998
18,74.8,1,5,18017,40.772848209,-86.34742089
18,77.9,1,5,18019,38.47443331,-85.71518048
18,74.6,1,5,18021,39.391260504,-87.13034393
18,87.2,1,5,18023,40.310597797,-86.47845492
18,86.3,1,5,18025,38.288030844,-86.45594301
18,84.3,1,5,18027,38.703026649,-87.08118919
18,86.5,1,5,18029,39.146932295,-84.97528617
18,88.3,1,5,18031,39.301108529,-85.51417236
18,78.5,1,5,18033,41.407559859,-84.99557964
18,90,1,5,18035,40.237422351,-85.39599882
18,75.2,1,5,18037,38.362890545,-86.88651172
18,81.8,1,5,18039,41.604012985,-85.86584536
18,88,1,5,18041,39.634072839,-85.18469474
18,72.5,1,5,18043,38.313565324,-85.91225854
18,69.4,1,5,18045,40.131875608,-87.24969989
18,88.6,1,5,18047,39.40862932,-85.06303064
18,77.8,1,5,18049,41.052080006,-86.27165993
18,75.5,1,5,18051,38.313146316,-87.59513006
18,87.9,1,5,18053,40.531250883,-85.65656079
18,76.2,1,5,18055,39.035873086,-86.97632376
18,71.7,1,5,18057,40.080217408,-86.05713376
18,77.3,1,5,18059,39.827300492,-85.78212007
18,71.6,1,5,18061,38.1924661,-86.11845248
18,79.6,1,5,18063,39.777108692,-86.51976562
18,88.8,1,5,18065,39.934967433,-85.39993534
18,72.6,1,5,18067,40.494570429,-86.11750195
18,86.8,1,5,18069,40.839819228,-85.49271588
18,85.5,1,5,18071,38.906518632,-86.04584347
18,71.9,1,5,18073,41.027973002,-87.11788226
18,83.5,1,5,18075,40.451856858,-84.99855434
18,93.1,1,5,18077,38.785232449,-85.44726878
18,95.2,1,5,18079,38.997632149,-85.6371624
18,76,1,5,18081,39.485157629,-86.11197582
18,84.2,1,5,18083,38.692540002,-87.42473706
18,76.9,1,5,18085,41.249842068,-85.86726546
18,80.9,1,5,18087,41.649754018,-85.42840724
18,72.9,1,5,18089,41.422386189,-87.39075449
18,79.5,1,5,18091,41.550865353,-86.74521499
18,77.4,1,5,18093,38.84051407,-86.49620551
18,85,1,5,18095,40.174109049,-85.72209854
18,76.1,1,5,18097,39.784499047,-86.14963236
18,80.2,1,5,18099,41.331185084,-86.27074538
18,79.2,1,5,18101,38.707464843,-86.81460553
18,79.8,1,5,18103,40.783468571,-86.0469386
18,72.3,1,5,18105,39.158410145,-86.53934464
18,76.8,1,5,18107,40.052014007,-86.9045585
18,77.3,1,5,18109,39.479051339,-86.4553306
18,73.6,1,5,18111,40.96315316,-87.40061534
18,82.2,1,5,18113,41.409292083,-85.42496685
18,70.6,1,5,18115,38.954367171,-84.96433143
18,83.8,1,5,18117,38.536872979,-86.5031155
18,68.5,1,5,18119,39.307707599,-86.85155552
18,73.3,1,5,18121,39.778528043,-87.2169593
18,87.3,1,5,18123,38.077904556,-86.64674721
18,76.2,1,5,18125,38.402422406,-87.23991425
18,71,1,5,18127,41.464738194,-87.07732674
18,76.3,1,5,18129,38.023259768,-87.87723029
18,71.3,1,5,18131,41.046294157,-86.70385343
18,77.5,1,5,18133,39.664147044,-86.85422987
18,91.2,1,5,18135,40.165520313,-85.00712261
18,87.3,1,5,18137,39.104233722,-85.27304638
18,82.4,1,5,18139,39.614948932,-85.47563245
18,84.2,1,5,18141,41.623699386,-86.2938894
18,96.4,1,5,18143,38.683107675,-85.7565539
18,78.3,1,5,18145,39.520389629,-85.80471747
18,68.6,1,5,18147,38.014074993,-87.0155146
18,77,1,5,18149,41.284058141,-86.6528974
18,68.8,1,5,18151,41.647967295,-84.99202053
18,82.7,1,5,18153,39.088510636,-87.42654142
18,62.6,1,5,18155,38.830828101,-85.03868582
18,69.5,1,5,18157,40.402259045,-86.90094746
18,83.6,1,5,18159,40.319394257,-86.05326906
18,91.2,1,5,18161,39.622531212,-84.92532093
18,70.6,1,5,18163,38.029032535,-87.59430655
18,74.8,1,5,18165,39.861723235,-87.46941506
18,79.5,1,5,18167,39.42933064,-87.40149721
18,85,1,5,18169,40.854215752,-85.79734201
18,70.8,1,5,18171,40.356695385,-87.36161485
18,68.2,1,5,18173,38.092948773,-87.2820177
18,84.6,1,5,18175,38.597188874,-86.1135169
18,92.3,1,5,18177,39.87015078,-85.00892366
18,81.7,1,5,18179,40.746742359,-85.22616297
18,68.6,1,5,18181,40.759328929,-86.87025335
18,82.6,1,5,18183,41.146824092,-85.50931321
18,70.3,2,5,18001,40.762354203,-84.93383731
18,78.8,2,5,18003,41.104479791,-85.06455662
18,78.6,2,5,18005,39.200573113,-85.91172934
18,79,2,5,18007,40.612965443,-87.31787989
18,84.8,2,5,18009,40.491468126,-85.32322055
18,66.4,2,5,18011,40.060194109,-86.4779534
18,59.2,2,5,18013,39.190935184,-86.24181148
18,75,2,5,18015,40.592529178,-86.56562998
18,81.3,2,5,18017,40.772848209,-86.34742089
18,65,2,5,18019,38.47443331,-85.71518048
18,76.3,2,5,18021,39.391260504,-87.13034393
18,67.2,2,5,18023,40.310597797,-86.47845492
18,81.4,2,5,18025,38.288030844,-86.45594301
18,83.2,2,5,18027,38.703026649,-87.08118919
18,83.7,2,5,18029,39.146932295,-84.97528617
18,72.9,2,5,18031,39.301108529,-85.51417236
18,82.1,2,5,18033,41.407559859,-84.99557964
18,84.5,2,5,18035,40.237422351,-85.39599882
18,78.9,2,5,18037,38.362890545,-86.88651172
18,86.8,2,5,18039,41.604012985,-85.86584536
18,78.7,2,5,18041,39.634072839,-85.18469474
18,71,2,5,18043,38.313565324,-85.91225854
18,80.8,2,5,18045,40.131875608,-87.24969989
18,82.5,2,5,18047,39.40862932,-85.06303064
18,79.5,2,5,18049,41.052080006,-86.27165993
18,78,2,5,18051,38.313146316,-87.59513006
18,84.5,2,5,18053,40.531250883,-85.65656079
18,70.5,2,5,18055,39.035873086,-86.97632376
18,66.6,2,5,18057,40.080217408,-86.05713376
18,68.9,2,5,18059,39.827300492,-85.78212007
18,67,2,5,18061,38.1924661,-86.11845248
18,68.8,2,5,18063,39.777108692,-86.51976562
18,82.9,2,5,18065,39.934967433,-85.39993534
18,73.6,2,5,18067,40.494570429,-86.11750195
18,80,2,5,18069,40.839819228,-85.49271588
18,85.6,2,5,18071,38.906518632,-86.04584347
18,66.7,2,5,18073,41.027973002,-87.11788226
18,72.5,2,5,18075,40.451856858,-84.99855434
18,81,2,5,18077,38.785232449,-85.44726878
18,85.8,2,5,18079,38.997632149,-85.6371624
18,70.4,2,5,18081,39.485157629,-86.11197582
18,75.8,2,5,18083,38.692540002,-87.42473706
18,85.5,2,5,18085,41.249842068,-85.86726546
18,95.9,2,5,18087,41.649754018,-85.42840724
18,66.7,2,5,18089,41.422386189,-87.39075449
18,63.7,2,5,18091,41.550865353,-86.74521499
18,73.3,2,5,18093,38.84051407,-86.49620551
18,76.3,2,5,18095,40.174109049,-85.72209854
18,67.9,2,5,18097,39.784499047,-86.14963236
18,85.4,2,5,18099,41.331185084,-86.27074538
18,80,2,5,18101,38.707464843,-86.81460553
18,84.1,2,5,18103,40.783468571,-86.0469386
18,57.4,2,5,18105,39.158410145,-86.53934464
18,73.1,2,5,18107,40.052014007,-86.9045585
18,67.5,2,5,18109,39.479051339,-86.4553306
18,71.3,2,5,18111,40.96315316,-87.40061534
18,85.1,2,5,18113,41.409292083,-85.42496685
18,67.9,2,5,18115,38.954367171,-84.96433143
18,84.6,2,5,18117,38.536872979,-86.5031155
18,65.4,2,5,18119,39.307707599,-86.85155552
18,80.9,2,5,18121,39.778528043,-87.2169593
18,77.5,2,5,18123,38.077904556,-86.64674721
18,80.5,2,5,18125,38.402422406,-87.23991425
18,64.6,2,5,18127,41.464738194,-87.07732674
18,79.5,2,5,18129,38.023259768,-87.87723029
18,81.9,2,5,18131,41.046294157,-86.70385343
18,74.2,2,5,18133,39.664147044,-86.85422987
18,86.7,2,5,18135,40.165520313,-85.00712261
18,74.5,2,5,18137,39.104233722,-85.27304638
18,74.1,2,5,18139,39.614948932,-85.47563245
18,89.8,2,5,18141,41.623699386,-86.2938894
18,98.6,2,5,18143,38.683107675,-85.7565539
18,70.1,2,5,18145,39.520389629,-85.80471747
18,79.6,2,5,18147,38.014074993,-87.0155146
18,72.6,2,5,18149,41.284058141,-86.6528974
18,65.8,2,5,18151,41.647967295,-84.99202053
18,80.2,2,5,18153,39.088510636,-87.42654142
18,64.3,2,5,18155,38.830828101,-85.03868582
18,74.6,2,5,18157,40.402259045,-86.90094746
18,69.2,2,5,18159,40.319394257,-86.05326906
18,91.4,2,5,18161,39.622531212,-84.92532093
18,77.5,2,5,18163,38.029032535,-87.59430655
18,81,2,5,18165,39.861723235,-87.46941506
18,80.8,2,5,18167,39.42933064,-87.40149721
18,83.5,2,5,18169,40.854215752,-85.79734201
18,81,2,5,18171,40.356695385,-87.36161485
18,79.8,2,5,18173,38.092948773,-87.2820177
18,84,2,5,18175,38.597188874,-86.1135169
18,87,2,5,18177,39.87015078,-85.00892366
18,74.7,2,5,18179,40.746742359,-85.22616297
18,77.1,2,5,18181,40.759328929,-86.87025335
18,80.1,2,5,18183,41.146824092,-85.50931321
18,101.7,1,3,18001,40.762354203,-84.93383731
18,96.3,1,3,18003,41.104479791,-85.06455662
18,107,1,3,18011,40.060194109,-86.4779534
18,109.9,1,3,18019,38.47443331,-85.71518048
18,123.9,1,3,18029,39.146932295,-84.97528617
18,101.2,1,3,18033,41.407559859,-84.99557964
18,160.3,1,3,18039,41.604012985,-85.86584536
18,112.6,1,3,18043,38.313565324,-85.91225854
18,133.1,1,3,18053,40.531250883,-85.65656079
18,114.8,1,3,18057,40.080217408,-86.05713376
18,126,1,3,18059,39.827300492,-85.78212007
18,108.4,1,3,18061,38.1924661,-86.11845248
18,93,1,3,18063,39.777108692,-86.51976562
18,105,1,3,18069,40.839819228,-85.49271588
18,103.1,1,3,18073,41.027973002,-87.11788226
18,98.8,1,3,18081,39.485157629,-86.11197582
18,118.1,1,3,18089,41.422386189,-87.39075449
18,157.5,1,3,18091,41.550865353,-86.74521499
18,126.4,1,3,18095,40.174109049,-85.72209854
18,113.1,1,3,18097,39.784499047,-86.14963236
18,168.3,1,3,18099,41.331185084,-86.27074538
18,104.7,1,3,18109,39.479051339,-86.4553306
18,120,1,3,18111,40.96315316,-87.40061534
18,107.5,1,3,18113,41.409292083,-85.42496685
18,103.7,1,3,18127,41.464738194,-87.07732674
18,165.2,1,3,18141,41.623699386,-86.2938894
18,128.2,1,3,18145,39.520389629,-85.80471747
18,145.6,1,3,18149,41.284058141,-86.6528974
18,92.8,1,3,18163,38.029032535,-87.59430655
18,42.1,1,3,18167,39.42933064,-87.40149721
18,104.7,1,3,18179,40.746742359,-85.22616297
18,98.9,1,3,18183,41.146824092,-85.50931321
18,100.4,2,3,18003,41.104479791,-85.06455662
18,79.7,2,3,18011,40.060194109,-86.4779534
18,78.2,2,3,18019,38.47443331,-85.71518048
18,119.4,2,3,18029,39.146932295,-84.97528617
18,104,2,3,18033,41.407559859,-84.99557964
18,93.4,2,3,18035,40.237422351,-85.39599882
18,124.4,2,3,18039,41.604012985,-85.86584536
18,86.8,2,3,18043,38.313565324,-85.91225854
18,91.7,2,3,18053,40.531250883,-85.65656079
18,83.2,2,3,18057,40.080217408,-86.05713376
18,83.2,2,3,18059,39.827300492,-85.78212007
18,76.6,2,3,18061,38.1924661,-86.11845248
18,79.7,2,3,18063,39.777108692,-86.51976562
18,87.6,2,3,18069,40.839819228,-85.49271588
18,81,2,3,18081,39.485157629,-86.11197582
18,109.9,2,3,18089,41.422386189,-87.39075449
18,111.8,2,3,18091,41.550865353,-86.74521499
18,83.2,2,3,18095,40.174109049,-85.72209854
18,78.8,2,3,18097,39.784499047,-86.14963236
18,122.9,2,3,18099,41.331185084,-86.27074538
18,79.4,2,3,18109,39.479051339,-86.4553306
18,99.7,2,3,18113,41.409292083,-85.42496685
18,98,2,3,18127,41.464738194,-87.07732674
18,111.7,2,3,18141,41.623699386,-86.2938894
18,80.4,2,3,18145,39.520389629,-85.80471747
18,106.5,2,3,18163,38.029032535,-87.59430655
18,94.6,2,3,18173,38.092948773,-87.2820177
18,102.2,2,3,18179,40.746742359,-85.22616297
18,90.2,2,3,18183,41.146824092,-85.50931321
18,53.7,1,4,18003,41.104479791,-85.06455662
18,38.7,1,4,18039,41.604012985,-85.86584536
18,61,1,4,18057,40.080217408,-86.05713376
18,53.1,1,4,18073,41.027973002,-87.11788226
18,67.1,1,4,18089,41.422386189,-87.39075449
18,67.3,1,4,18097,39.784499047,-86.14963236
18,56.5,1,4,18111,40.96315316,-87.40061534
18,53.6,1,4,18127,41.464738194,-87.07732674
18,76.2,1,4,18141,41.623699386,-86.2938894
18,73.4,1,4,18157,40.402259045,-86.90094746
18,58.9,2,4,18003,41.104479791,-85.06455662
18,65.8,2,4,18039,41.604012985,-85.86584536
18,58.2,2,4,18057,40.080217408,-86.05713376
18,30.7,2,4,18073,41.027973002,-87.11788226
18,58.6,2,4,18089,41.422386189,-87.39075449
18,52.5,2,4,18097,39.784499047,-86.14963236
18,49.6,2,4,18111,40.96315316,-87.40061534
18,59.2,2,4,18127,41.464738194,-87.07732674
18,94.4,2,4,18141,41.623699386,-86.2938894
18,1.2,2,4,18157,40.402259045,-86.90094746
18,192,1,2,18003,41.104479791,-85.06455662
18,25.4,1,2,18057,40.080217408,-86.05713376
18,52.4,1,2,18089,41.422386189,-87.39075449
18,57.1,1,2,18097,39.784499047,-86.14963236
18,43.5,1,2,18157,40.402259045,-86.90094746
18,122,2,2,18003,41.104479791,-85.06455662
18,25.1,2,2,18057,40.080217408,-86.05713376
18,46.4,2,2,18089,41.422386189,-87.39075449
18,26.2,2,2,18097,39.784499047,-86.14963236
18,34.8,2,2,18141,41.623699386,-86.2938894
18,115.7,2,2,18157,40.402259045,-86.90094746
19,81.6,1,0,20001,37.880731395,-95.29663604
19,81.8,1,0,20003,38.210143994,-95.28720349
19,63.9,1,0,20005,39.525217474,-95.30588586
19,119.9,1,0,20007,37.225913694,-98.68264834
19,64.5,1,0,20009,38.471252412,-98.75140405
19,74.2,1,0,20011,37.853420195,-94.8484492
19,76.5,1,0,20013,39.819735851,-95.55628331
19,73.5,1,0,20015,37.778682,-96.8307635
19,66.2,1,0,20017,38.298379488,-96.59019298
19,82.4,1,0,20019,37.14724315,-96.23741918
19,76.9,1,0,20021,37.165494175,-94.8463171
19,60.6,1,0,20023,39.782551003,-101.7290539
19,67,1,0,20025,37.231339312,-99.82046289
19,69.8,1,0,20027,39.344485432,-97.15628633
19,63.4,1,0,20029,39.477751862,-97.64304343
19,74.7,1,0,20031,38.232941422,-95.729226
19,90.3,1,0,20033,37.18762299,-99.27133056
19,74.5,1,0,20035,37.237089403,-96.82791901
19,67.9,1,0,20037,37.505159445,-94.84909391
19,66.8,1,0,20041,38.856640598,-97.14600211
19,66.8,1,0,20043,39.786518517,-95.14489038
19,63.8,1,0,20045,38.880170845,-95.28912496
19,65.9,1,0,20047,37.882561912,-99.30488529
19,87.2,1,0,20049,37.448692582,-96.23630649
19,65.8,1,0,20051,38.910134039,-99.31183015
19,77.3,1,0,20053,38.688211356,-98.20168607
19,70.6,1,0,20055,38.036407053,-100.7335023
19,79.9,1,0,20057,37.687478709,-99.88326888
19,64.6,1,0,20059,38.560160496,-95.2810892
19,64.2,1,0,20061,38.995174919,-96.74508644
19,64.9,1,0,20067,37.560230395,-101.3019418
19,78.8,1,0,20069,37.731903953,-100.4300423
19,75,1,0,20073,37.87382612,-96.22750773
19,149.9,1,0,20077,37.190542829,-98.07480516
19,73.2,1,0,20079,38.039225127,-97.42412822
19,67,1,0,20081,37.560631364,-100.8637108
19,74,1,0,20083,38.079066288,-99.89397963
19,70.2,1,0,20085,39.413610038,-95.78708218
19,64.9,1,0,20087,39.230845728,-95.37795589
19,67.4,1,0,20089,39.778595115,-98.21654484
19,63.2,1,0,20091,38.881019069,-94.82217324
19,68.7,1,0,20093,37.994150489,-101.3156003
19,97.4,1,0,20095,37.553179813,-98.12961519
19,80.5,1,0,20097,37.554786569,-99.27996399
19,82.5,1,0,20099,37.190552311,-95.29706595
19,70.6,1,0,20101,38.474759089,-100.4586975
19,59.7,1,0,20103,39.193780101,-95.03358305
19,81.9,1,0,20105,39.036840209,-98.20482937
19,87.4,1,0,20107,38.209170203,-94.84246261
19,65,1,0,20111,38.450052767,-96.15049526
19,80.1,1,0,20113,38.384695488,-97.64431075
19,77.8,1,0,20115,38.35091755,-97.09078786
19,77.2,1,0,20117,39.777045607,-96.51923109
19,70.9,1,0,20119,37.233557721,-100.3658559
19,62.3,1,0,20121,38.562665984,-94.83729974
19,64.7,1,0,20123,39.385897122,-98.20540355
19,83.9,1,0,20125,37.191641416,-95.74018932
19,52,1,0,20127,38.68164237,-96.64459572
19,93.4,1,0,20129,37.190586978,-101.7970312
19,77.7,1,0,20131,39.777917877,-96.0104796
19,65.5,1,0,20133,37.554839164,-95.30441046
19,64.9,1,0,20135,38.471942824,-99.91217059
19,56.7,1,0,20137,39.780446162,-99.90306274
19,69.2,1,0,20139,38.646911347,-95.7241477
19,73.4,1,0,20141,39.344079746,-98.76460585
19,78.1,1,0,20143,39.131052352,-97.64206222
19,47.9,1,0,20145,38.17515463,-99.23531516
19,66.3,1,0,20147,39.780234867,-99.3458273
19,74.7,1,0,20149,39.37385083,-96.33678953
19,83,1,0,20151,37.641083458,-98.7319681
19,49.2,1,0,20153,39.783590173,-101.0720672
19,76.2,1,0,20155,37.946269255,-98.08205005
19,73.4,1,0,20157,39.823847015,-97.64554496
19,72.7,1,0,20159,38.34100671,-98.19938977
19,74.6,1,0,20161,39.291479611,-96.72898919
19,68,1,0,20163,39.344351531,-99.32153058
19,59.9,1,0,20165,38.516119311,-99.30401427
19,67.5,1,0,20167,38.908246423,-98.75602126
19,76,1,0,20169,38.778273029,-97.64495147
19,73.5,1,0,20171,38.475092564,-100.8981209
19,72.3,1,0,20173,37.680328706,-97.45404365
19,69,1,0,20175,37.192112433,-100.8522571
19,68.6,1,0,20177,39.036556518,-95.75172465
19,70.7,1,0,20183,39.779425395,-98.7841262
19,67.6,1,0,20185,38.022777591,-98.71547649
19,60.8,1,0,20187,37.560530893,-101.7827716
19,69.7,1,0,20189,37.193606872,-101.3115985
19,74.7,1,0,20191,37.233190711,-97.47052077
19,54.9,1,0,20193,39.347180561,-101.0512825
19,58.7,1,0,20195,38.910120162,-99.87031862
19,67.7,1,0,20197,38.949072501,-96.19936243
19,76.9,1,0,20201,39.779848648,-97.08133231
19,81.1,1,0,20205,37.556149998,-95.74167496
19,72.8,1,0,20207,37.883092786,-95.73573845
19,88.1,1,0,20209,39.11270432,-94.76680837
19,73.3,2,0,20001,37.880731395,-95.29663604
19,69.7,2,0,20003,38.210143994,-95.28720349
19,70.2,2,0,20005,39.525217474,-95.30588586
19,104.2,2,0,20007,37.225913694,-98.68264834
19,63.4,2,0,20009,38.471252412,-98.75140405
19,66.2,2,0,20011,37.853420195,-94.8484492
19,85.7,2,0,20013,39.819735851,-95.55628331
19,72.2,2,0,20015,37.778682,-96.8307635
19,80.4,2,0,20017,38.298379488,-96.59019298
19,68.8,2,0,20019,37.14724315,-96.23741918
19,80.6,2,0,20021,37.165494175,-94.8463171
19,49.1,2,0,20023,39.782551003,-101.7290539
19,88.6,2,0,20025,37.231339312,-99.82046289
19,66.3,2,0,20027,39.344485432,-97.15628633
19,73.3,2,0,20029,39.477751862,-97.64304343
19,80.3,2,0,20031,38.232941422,-95.729226
19,104.6,2,0,20033,37.18762299,-99.27133056
19,67.4,2,0,20035,37.237089403,-96.82791901
19,72.5,2,0,20037,37.505159445,-94.84909391
19,56.3,2,0,20039,39.78106211,-100.4576892
19,81.5,2,0,20041,38.856640598,-97.14600211
19,75.7,2,0,20043,39.786518517,-95.14489038
19,71.3,2,0,20045,38.880170845,-95.28912496
19,58.2,2,0,20047,37.882561912,-99.30488529
19,74.7,2,0,20049,37.448692582,-96.23630649
19,62,2,0,20051,38.910134039,-99.31183015
19,85.4,2,0,20053,38.688211356,-98.20168607
19,28.7,2,0,20055,38.036407053,-100.7335023
19,62.3,2,0,20057,37.687478709,-99.88326888
19,71.8,2,0,20059,38.560160496,-95.2810892
19,64.2,2,0,20061,38.995174919,-96.74508644
19,46.1,2,0,20063,38.910657435,-100.4811114
19,48.6,2,0,20065,39.343118733,-99.88301312
19,33.6,2,0,20067,37.560230395,-101.3019418
19,53.2,2,0,20069,37.731903953,-100.4300423
19,67.8,2,0,20071,38.474091164,-101.8046559
19,79.8,2,0,20073,37.87382612,-96.22750773
19,50.3,2,0,20075,37.993035676,-101.7896573
19,98.3,2,0,20077,37.190542829,-98.07480516
19,72.5,2,0,20079,38.039225127,-97.42412822
19,54.8,2,0,20081,37.560631364,-100.8637108
19,45.9,2,0,20083,38.079066288,-99.89397963
19,70.3,2,0,20085,39.413610038,-95.78708218
19,71,2,0,20087,39.230845728,-95.37795589
19,72.4,2,0,20089,39.778595115,-98.21654484
19,61,2,0,20091,38.881019069,-94.82217324
19,80.2,2,0,20095,37.553179813,-98.12961519
19,71.8,2,0,20097,37.554786569,-99.27996399
19,70.2,2,0,20099,37.190552311,-95.29706595
19,59.2,2,0,20103,39.193780101,-95.03358305
19,92.7,2,0,20105,39.036840209,-98.20482937
19,62.6,2,0,20107,38.209170203,-94.84246261
19,54.7,2,0,20109,38.912265675,-101.1439279
19,72,2,0,20111,38.450052767,-96.15049526
19,78,2,0,20113,38.384695488,-97.64431075
19,83.3,2,0,20115,38.35091755,-97.09078786
19,61.4,2,0,20117,39.777045607,-96.51923109
19,73.9,2,0,20119,37.233557721,-100.3658559
19,56.9,2,0,20121,38.562665984,-94.83729974
19,71.6,2,0,20123,39.385897122,-98.20540355
19,74.5,2,0,20125,37.191641416,-95.74018932
19,72.6,2,0,20127,38.68164237,-96.64459572
19,55.8,2,0,20129,37.190586978,-101.7970312
19,69.4,2,0,20131,39.777917877,-96.0104796
19,70.4,2,0,20133,37.554839164,-95.30441046
19,42.1,2,0,20135,38.471942824,-99.91217059
19,48.5,2,0,20137,39.780446162,-99.90306274
19,73.4,2,0,20139,38.646911347,-95.7241477
19,73.7,2,0,20141,39.344079746,-98.76460585
19,82.3,2,0,20143,39.131052352,-97.64206222
19,56.2,2,0,20145,38.17515463,-99.23531516
19,67.4,2,0,20147,39.780234867,-99.3458273
19,64.4,2,0,20149,39.37385083,-96.33678953
19,64.5,2,0,20151,37.641083458,-98.7319681
19,52.5,2,0,20153,39.783590173,-101.0720672
19,63.7,2,0,20155,37.946269255,-98.08205005
19,70.5,2,0,20157,39.823847015,-97.64554496
19,65.6,2,0,20159,38.34100671,-98.19938977
19,63.3,2,0,20161,39.291479611,-96.72898919
19,53.8,2,0,20163,39.344351531,-99.32153058
19,63.4,2,0,20165,38.516119311,-99.30401427
19,89.3,2,0,20167,38.908246423,-98.75602126
19,86.5,2,0,20169,38.778273029,-97.64495147
19,68,2,0,20173,37.680328706,-97.45404365
19,72.6,2,0,20175,37.192112433,-100.8522571
19,70.6,2,0,20177,39.036556518,-95.75172465
19,59,2,0,20181,39.346424608,-101.7169628
19,59.8,2,0,20183,39.779425395,-98.7841262
19,56.7,2,0,20185,38.022777591,-98.71547649
19,48.8,2,0,20187,37.560530893,-101.7827716
19,62.1,2,0,20189,37.193606872,-101.3115985
19,78.4,2,0,20191,37.233190711,-97.47052077
19,53.7,2,0,20193,39.347180561,-101.0512825
19,53,2,0,20195,38.910120162,-99.87031862
19,64.4,2,0,20197,38.949072501,-96.19936243
19,68.7,2,0,20201,39.779848648,-97.08133231
19,72.5,2,0,20205,37.556149998,-95.74167496
19,80.4,2,0,20207,37.883092786,-95.73573845
19,77.2,2,0,20209,39.11270432,-94.76680837
19,80,1,5,20001,37.880731395,-95.29663604
19,81.5,1,5,20003,38.210143994,-95.28720349
19,61.2,1,5,20005,39.525217474,-95.30588586
19,113.4,1,5,20007,37.225913694,-98.68264834
19,61,1,5,20009,38.471252412,-98.75140405
19,67.4,1,5,20011,37.853420195,-94.8484492
19,77.2,1,5,20013,39.819735851,-95.55628331
19,72.8,1,5,20015,37.778682,-96.8307635
19,65,1,5,20017,38.298379488,-96.59019298
19,82.5,1,5,20019,37.14724315,-96.23741918
19,75.8,1,5,20021,37.165494175,-94.8463171
19,64,1,5,20025,37.231339312,-99.82046289
19,63.2,1,5,20027,39.344485432,-97.15628633
19,60.5,1,5,20029,39.477751862,-97.64304343
19,74.9,1,5,20031,38.232941422,-95.729226
19,88.9,1,5,20033,37.18762299,-99.27133056
19,74.6,1,5,20035,37.237089403,-96.82791901
19,67.1,1,5,20037,37.505159445,-94.84909391
19,66.8,1,5,20041,38.856640598,-97.14600211
19,68.4,1,5,20043,39.786518517,-95.14489038
19,61.8,1,5,20045,38.880170845,-95.28912496
19,64,1,5,20047,37.882561912,-99.30488529
19,87.4,1,5,20049,37.448692582,-96.23630649
19,66.8,1,5,20051,38.910134039,-99.31183015
19,76.9,1,5,20053,38.688211356,-98.20168607
19,70.4,1,5,20055,38.036407053,-100.7335023
19,83.7,1,5,20057,37.687478709,-99.88326888
19,63.3,1,5,20059,38.560160496,-95.2810892
19,54.2,1,5,20061,38.995174919,-96.74508644
19,81.5,1,5,20069,37.731903953,-100.4300423
19,74.7,1,5,20073,37.87382612,-96.22750773
19,138.9,1,5,20077,37.190542829,-98.07480516
19,73,1,5,20079,38.039225127,-97.42412822
19,71.3,1,5,20081,37.560631364,-100.8637108
19,74.8,1,5,20083,38.079066288,-99.89397963
19,70.2,1,5,20085,39.413610038,-95.78708218
19,62.9,1,5,20087,39.230845728,-95.37795589
19,68.3,1,5,20089,39.778595115,-98.21654484
19,62.2,1,5,20091,38.881019069,-94.82217324
19,69.1,1,5,20093,37.994150489,-101.3156003
19,87,1,5,20095,37.553179813,-98.12961519
19,84.6,1,5,20097,37.554786569,-99.27996399
19,88.3,1,5,20099,37.190552311,-95.29706595
19,60.3,1,5,20103,39.193780101,-95.03358305
19,81.6,1,5,20105,39.036840209,-98.20482937
19,88.4,1,5,20107,38.209170203,-94.84246261
19,62.1,1,5,20111,38.450052767,-96.15049526
19,80.3,1,5,20113,38.384695488,-97.64431075
19,77.8,1,5,20115,38.35091755,-97.09078786
19,79.8,1,5,20117,39.777045607,-96.51923109
19,78.1,1,5,20119,37.233557721,-100.3658559
19,61.2,1,5,20121,38.562665984,-94.83729974
19,65.8,1,5,20123,39.385897122,-98.20540355
19,86.4,1,5,20125,37.191641416,-95.74018932
19,48.2,1,5,20127,38.68164237,-96.64459572
19,96.1,1,5,20129,37.190586978,-101.7970312
19,79,1,5,20131,39.777917877,-96.0104796
19,66.3,1,5,20133,37.554839164,-95.30441046
19,63.8,1,5,20135,38.471942824,-99.91217059
19,69.5,1,5,20139,38.646911347,-95.7241477
19,74.3,1,5,20141,39.344079746,-98.76460585
19,76.2,1,5,20143,39.131052352,-97.64206222
19,44.7,1,5,20145,38.17515463,-99.23531516
19,66.5,1,5,20147,39.780234867,-99.3458273
19,76.5,1,5,20149,39.37385083,-96.33678953
19,84.8,1,5,20151,37.641083458,-98.7319681
19,46.6,1,5,20153,39.783590173,-101.0720672
19,74.3,1,5,20155,37.946269255,-98.08205005
19,74.5,1,5,20157,39.823847015,-97.64554496
19,71.3,1,5,20159,38.34100671,-98.19938977
19,86.4,1,5,20161,39.291479611,-96.72898919
19,67.9,1,5,20163,39.344351531,-99.32153058
19,59.1,1,5,20165,38.516119311,-99.30401427
19,65.4,1,5,20167,38.908246423,-98.75602126
19,75.5,1,5,20169,38.778273029,-97.64495147
19,71.9,1,5,20171,38.475092564,-100.8981209
19,75.2,1,5,20173,37.680328706,-97.45404365
19,70.8,1,5,20175,37.192112433,-100.8522571
19,67.1,1,5,20177,39.036556518,-95.75172465
19,71.8,1,5,20183,39.779425395,-98.7841262
19,66.7,1,5,20185,38.022777591,-98.71547649
19,71,1,5,20189,37.193606872,-101.3115985
19,74.8,1,5,20191,37.233190711,-97.47052077
19,50.4,1,5,20193,39.347180561,-101.0512825
19,57.9,1,5,20195,38.910120162,-99.87031862
19,68.2,1,5,20197,38.949072501,-96.19936243
19,77.8,1,5,20201,39.779848648,-97.08133231
19,82.2,1,5,20205,37.556149998,-95.74167496
19,71.5,1,5,20207,37.883092786,-95.73573845
19,65,1,5,20209,39.11270432,-94.76680837
19,72.9,2,5,20001,37.880731395,-95.29663604
19,70.4,2,5,20003,38.210143994,-95.28720349
19,69.8,2,5,20005,39.525217474,-95.30588586
19,98.3,2,5,20007,37.225913694,-98.68264834
19,63.5,2,5,20009,38.471252412,-98.75140405
19,66.3,2,5,20011,37.853420195,-94.8484492
19,84.6,2,5,20013,39.819735851,-95.55628331
19,73.6,2,5,20015,37.778682,-96.8307635
19,81.4,2,5,20017,38.298379488,-96.59019298
19,71.8,2,5,20019,37.14724315,-96.23741918
19,78.4,2,5,20021,37.165494175,-94.8463171
19,51.6,2,5,20023,39.782551003,-101.7290539
19,104.6,2,5,20025,37.231339312,-99.82046289
19,66.8,2,5,20027,39.344485432,-97.15628633
19,72.6,2,5,20029,39.477751862,-97.64304343
19,80.3,2,5,20031,38.232941422,-95.729226
19,102.6,2,5,20033,37.18762299,-99.27133056
19,65.1,2,5,20035,37.237089403,-96.82791901
19,72.7,2,5,20037,37.505159445,-94.84909391
19,55.5,2,5,20039,39.78106211,-100.4576892
19,82.2,2,5,20041,38.856640598,-97.14600211
19,77.1,2,5,20043,39.786518517,-95.14489038
19,72.2,2,5,20045,38.880170845,-95.28912496
19,52.9,2,5,20047,37.882561912,-99.30488529
19,73.9,2,5,20049,37.448692582,-96.23630649
19,58.4,2,5,20051,38.910134039,-99.31183015
19,86.2,2,5,20053,38.688211356,-98.20168607
19,27.5,2,5,20055,38.036407053,-100.7335023
19,63.2,2,5,20057,37.687478709,-99.88326888
19,74.1,2,5,20059,38.560160496,-95.2810892
19,64.4,2,5,20061,38.995174919,-96.74508644
19,45.3,2,5,20063,38.910657435,-100.4811114
19,49.5,2,5,20065,39.343118733,-99.88301312
19,59.6,2,5,20069,37.731903953,-100.4300423
19,80.5,2,5,20073,37.87382612,-96.22750773
19,98.1,2,5,20077,37.190542829,-98.07480516
19,73.2,2,5,20079,38.039225127,-97.42412822
19,68.5,2,5,20081,37.560631364,-100.8637108
19,44.3,2,5,20083,38.079066288,-99.89397963
19,69.1,2,5,20085,39.413610038,-95.78708218
19,69.8,2,5,20087,39.230845728,-95.37795589
19,71.3,2,5,20089,39.778595115,-98.21654484
19,61.1,2,5,20091,38.881019069,-94.82217324
19,74.7,2,5,20095,37.553179813,-98.12961519
19,62.2,2,5,20097,37.554786569,-99.27996399
19,70.4,2,5,20099,37.190552311,-95.29706595
19,59.5,2,5,20103,39.193780101,-95.03358305
19,92.4,2,5,20105,39.036840209,-98.20482937
19,60.7,2,5,20107,38.209170203,-94.84246261
19,51.4,2,5,20109,38.912265675,-101.1439279
19,70.5,2,5,20111,38.450052767,-96.15049526
19,80,2,5,20113,38.384695488,-97.64431075
19,84.7,2,5,20115,38.35091755,-97.09078786
19,62,2,5,20117,39.777045607,-96.51923109
19,90.4,2,5,20119,37.233557721,-100.3658559
19,54.9,2,5,20121,38.562665984,-94.83729974
19,70.1,2,5,20123,39.385897122,-98.20540355
19,73.5,2,5,20125,37.191641416,-95.74018932
19,74.7,2,5,20127,38.68164237,-96.64459572
19,55.3,2,5,20129,37.190586978,-101.7970312
19,70.5,2,5,20131,39.777917877,-96.0104796
19,68.8,2,5,20133,37.554839164,-95.30441046
19,42.3,2,5,20135,38.471942824,-99.91217059
19,49.4,2,5,20137,39.780446162,-99.90306274
19,72.7,2,5,20139,38.646911347,-95.7241477
19,72.3,2,5,20141,39.344079746,-98.76460585
19,81.6,2,5,20143,39.131052352,-97.64206222
19,54,2,5,20145,38.17515463,-99.23531516
19,68.7,2,5,20147,39.780234867,-99.3458273
19,63.3,2,5,20149,39.37385083,-96.33678953
19,65.4,2,5,20151,37.641083458,-98.7319681
19,52.2,2,5,20153,39.783590173,-101.0720672
19,65,2,5,20155,37.946269255,-98.08205005
19,71.6,2,5,20157,39.823847015,-97.64554496
19,68.2,2,5,20159,38.34100671,-98.19938977
19,63.7,2,5,20161,39.291479611,-96.72898919
19,53.2,2,5,20163,39.344351531,-99.32153058
19,65,2,5,20165,38.516119311,-99.30401427
19,94,2,5,20167,38.908246423,-98.75602126
19,86.9,2,5,20169,38.778273029,-97.64495147
19,66.3,2,5,20173,37.680328706,-97.45404365
19,85.3,2,5,20175,37.192112433,-100.8522571
19,69.9,2,5,20177,39.036556518,-95.75172465
19,59.4,2,5,20181,39.346424608,-101.7169628
19,57.9,2,5,20183,39.779425395,-98.7841262
19,57.2,2,5,20185,38.022777591,-98.71547649
19,53.4,2,5,20187,37.560530893,-101.7827716
19,71,2,5,20189,37.193606872,-101.3115985
19,79,2,5,20191,37.233190711,-97.47052077
19,52.6,2,5,20193,39.347180561,-101.0512825
19,54.2,2,5,20195,38.910120162,-99.87031862
19,63.2,2,5,20197,38.949072501,-96.19936243
19,69,2,5,20201,39.779848648,-97.08133231
19,68.8,2,5,20205,37.556149998,-95.74167496
19,77.7,2,5,20207,37.883092786,-95.73573845
19,66.2,2,5,20209,39.11270432,-94.76680837
19,110.7,1,3,20015,37.778682,-96.8307635
19,104.4,1,3,20035,37.237089403,-96.82791901
19,152.5,1,3,20045,38.880170845,-95.28912496
19,103.3,1,3,20079,38.039225127,-97.42412822
19,153.5,1,3,20091,38.881019069,-94.82217324
19,168.4,1,3,20103,39.193780101,-95.03358305
19,9.5,1,3,20155,37.946269255,-98.08205005
19,117.3,1,3,20173,37.680328706,-97.45404365
19,73.7,1,3,20177,39.036556518,-95.75172465
19,201.2,1,3,20191,37.233190711,-97.47052077
19,141.9,1,3,20209,39.11270432,-94.76680837
19,50.7,2,3,20015,37.778682,-96.8307635
19,85.3,2,3,20035,37.237089403,-96.82791901
19,129.2,2,3,20045,38.880170845,-95.28912496
19,93.4,2,3,20079,38.039225127,-97.42412822
19,74.1,2,3,20091,38.881019069,-94.82217324
19,73.8,2,3,20103,39.193780101,-95.03358305
19,94.2,2,3,20155,37.946269255,-98.08205005
19,93.9,2,3,20173,37.680328706,-97.45404365
19,117.5,2,3,20177,39.036556518,-95.75172465
19,93.7,2,3,20191,37.233190711,-97.47052077
19,98.9,2,3,20209,39.11270432,-94.76680837
19,59,1,4,20055,38.036407053,-100.7335023
19,80.1,1,4,20057,37.687478709,-99.88326888
19,63.6,1,4,20091,38.881019069,-94.82217324
19,44,1,4,20103,39.193780101,-95.03358305
19,43.9,1,4,20173,37.680328706,-97.45404365
19,10.5,1,4,20175,37.192112433,-100.8522571
19,39.7,1,4,20177,39.036556518,-95.75172465
19,74.9,1,4,20209,39.11270432,-94.76680837
19,41.4,2,4,20055,38.036407053,-100.7335023
19,21.3,2,4,20057,37.687478709,-99.88326888
19,51.1,2,4,20091,38.881019069,-94.82217324
19,72,2,4,20103,39.193780101,-95.03358305
19,60,2,4,20173,37.680328706,-97.45404365
19,5.8,2,4,20175,37.192112433,-100.8522571
19,41.9,2,4,20177,39.036556518,-95.75172465
19,60.4,2,4,20209,39.11270432,-94.76680837
19,90,1,2,20091,38.881019069,-94.82217324
19,25,1,2,20173,37.680328706,-97.45404365
19,64.7,2,2,20091,38.881019069,-94.82217324
19,43.4,2,2,20173,37.680328706,-97.45404365
19,111.5,2,2,20209,39.11270432,-94.76680837
20,100.3,1,0,21001,37.104303789,-85.28813599
20,89.3,1,0,21003,36.752730343,-86.20085617
20,74.5,1,0,21005,38.003868899,-85.00396443
20,74.8,1,0,21007,37.059997455,-88.99859713
20,92.2,1,0,21009,36.96657714,-85.9421291
20,109.4,1,0,21011,38.147247416,-83.74862736
20,109,1,0,21013,36.733626034,-83.67740881
20,75.6,1,0,21015,38.967404662,-84.728294
20,81.6,1,0,21017,38.20404965,-84.22496287
20,85,1,0,21019,38.363032865,-82.6875409
20,88.7,1,0,21021,37.626542276,-84.87865268
20,98.9,1,0,21023,38.683228656,-84.09865896
20,63.4,1,0,21025,37.525174086,-83.32930519
20,91.2,1,0,21027,37.775480159,-86.43734453
20,62.8,1,0,21029,37.971759478,-85.70193897
20,80.9,1,0,21031,37.210124521,-86.68524182
20,94,1,0,21033,37.1473956,-87.874127
20,92.5,1,0,21035,36.624281459,-88.27647205
20,88.2,1,0,21037,38.945669143,-84.38326062
20,75.7,1,0,21039,36.861017822,-88.97461221
20,80.2,1,0,21041,38.671700464,-85.12474555
20,87.6,1,0,21043,38.32257636,-83.04996021
20,86.2,1,0,21045,37.328643849,-84.94141783
20,93.5,1,0,21047,36.90002928,-87.49647004
20,117.7,1,0,21049,37.970500984,-84.158612
20,88.9,1,0,21051,37.160845318,-83.71976337
20,69.6,1,0,21053,36.729346841,-85.14283115
20,90.9,1,0,21055,37.353027396,-88.10117627
20,99.9,1,0,21057,36.788503244,-85.3953626
20,63.8,1,0,21059,37.731373696,-87.09458897
20,92.2,1,0,21061,37.210101297,-86.24579546
20,84.9,1,0,21063,38.124858501,-83.09587578
20,117.7,1,0,21065,37.692506892,-83.97262731
20,75.6,1,0,21067,38.041075677,-84.47024262
20,103,1,0,21069,38.374074836,-83.70134104
20,76.8,1,0,21071,37.558705975,-82.74999194
20,67.4,1,0,21073,38.237724219,-84.88960276
20,100,1,0,21075,36.55257412,-89.17342797
20,146.1,1,0,21077,38.758216007,-84.86635898
20,91.1,1,0,21079,37.63968907,-84.54615242
20,57,1,0,21081,38.649276579,-84.63244538
20,95.4,1,0,21083,36.725123604,-88.65506989
20,93.2,1,0,21085,37.460740173,-86.34855277
20,96.3,1,0,21087,37.263870276,-85.56197107
20,87.8,1,0,21089,38.544142445,-82.92746842
20,78,1,0,21091,37.838420918,-86.78614662
20,65.5,1,0,21093,37.698184185,-85.97214605
20,122.3,1,0,21095,36.860122775,-83.22041909
20,90.1,1,0,21097,38.437480978,-84.3397296
20,81,1,0,21099,37.29673615,-85.8903863
20,73.1,1,0,21101,37.797832378,-87.57838026
20,55.2,1,0,21103,38.450326969,-85.12939933
20,89.9,1,0,21105,36.68136052,-88.97763541
20,95.7,1,0,21107,37.309481403,-87.54527579
20,81.4,1,0,21109,37.421638769,-84.01174733
20,73.8,1,0,21111,38.190018904,-85.66731146
20,80.5,1,0,21113,37.871750617,-84.59153226
20,138.4,1,0,21115,37.847965185,-82.83566957
20,87.1,1,0,21117,38.929606039,-84.53501308
20,72.4,1,0,21119,37.356336235,-82.95663109
20,77.8,1,0,21121,36.895262739,-83.86187194
20,93.3,1,0,21123,37.544990146,-85.70484173
20,83.4,1,0,21125,37.111389223,-84.12729906
20,83.3,1,0,21127,38.071481487,-82.7382409
20,105.2,1,0,21129,37.596048675,-83.72307786
20,114.6,1,0,21131,37.099101034,-83.384108
20,78.5,1,0,21133,37.124669962,-82.85343728
20,100.3,1,0,21135,38.530710818,-83.38399309
20,74.3,1,0,21137,37.459027106,-84.67147875
20,76.3,1,0,21139,37.212177881,-88.35517082
20,84.2,1,0,21141,36.864737088,-86.88619941
20,86.7,1,0,21143,37.021049858,-88.09110901
20,80.2,1,0,21145,37.052968743,-88.71331907
20,87.6,1,0,21147,36.739344421,-84.49382623
20,75.3,1,0,21149,37.531784484,-87.26973816
20,109.6,1,0,21151,37.718830639,-84.28778954
20,65.1,1,0,21153,37.709123928,-83.06842382
20,101.1,1,0,21155,37.549807925,-85.27903282
20,94.4,1,0,21157,36.891296952,-88.33940276
20,85.6,1,0,21159,37.804170628,-82.51806503
20,122.9,1,0,21161,38.595520909,-83.83107181
20,80.6,1,0,21163,37.969900267,-86.22448514
20,95.1,1,0,21165,37.943571883,-83.60519974
20,79.6,1,0,21167,37.810989821,-84.88264736
20,98.4,1,0,21169,36.992898915,-85.6358283
20,104.5,1,0,21171,36.717312532,-85.72265534
20,81.2,1,0,21173,38.033984506,-83.9208992
20,114.9,1,0,21175,37.926777925,-83.25936678
20,75.5,1,0,21177,37.219222984,-87.14653429
20,102.2,1,0,21179,37.804332889,-85.47610379
20,88.2,1,0,21181,38.333700227,-84.02205959
20,78.3,1,0,21183,37.478223289,-86.85808175
20,68.1,1,0,21185,38.405196961,-85.45442344
20,44.3,1,0,21187,38.520007331,-84.83551332
20,80.2,1,0,21189,37.419003821,-83.68876251
20,81.6,1,0,21191,38.695129623,-84.366516
20,90.7,1,0,21193,37.250078993,-83.22684536
20,75.6,1,0,21195,37.466984644,-82.39453114
20,117.3,1,0,21197,37.833130745,-83.83491442
20,75.7,1,0,21199,37.108799401,-84.58818845
20,104.8,1,0,21201,38.517758271,-84.06308528
20,67.8,1,0,21203,37.368497723,-84.32299944
20,107.8,1,0,21205,38.200469519,-83.42161889
20,76.8,1,0,21207,36.993668823,-85.0660811
20,92.6,1,0,21209,38.292184776,-84.59384108
20,70.4,1,0,21211,38.219932207,-85.20375065
20,86.3,1,0,21213,36.745986994,-86.59012847
20,71.8,1,0,21215,38.036904984,-85.33441665
20,96.1,1,0,21217,37.363310514,-85.33948877
20,99.2,1,0,21219,36.843893254,-87.18773019
20,85.3,1,0,21221,36.810581917,-87.88103425
20,71.3,1,0,21223,38.618873032,-85.33867844
20,78.4,1,0,21225,37.6589251,-87.94979307
20,90.2,1,0,21227,36.995871832,-86.42936728
20,96.9,1,0,21229,37.752452055,-85.18490722
20,74.3,1,0,21231,36.804038451,-84.83613568
20,90.2,1,0,21233,37.521610749,-87.68464339
20,122.8,1,0,21235,36.758582062,-84.15128288
20,145.3,1,0,21237,37.741015211,-83.4968485
20,68.5,1,0,21239,38.042048324,-84.75510735
20,85.9,2,0,21001,37.104303789,-85.28813599
20,72.3,2,0,21003,36.752730343,-86.20085617
20,68.8,2,0,21005,38.003868899,-85.00396443
20,81.5,2,0,21007,37.059997455,-88.99859713
20,88.9,2,0,21009,36.96657714,-85.9421291
20,83.9,2,0,21011,38.147247416,-83.74862736
20,100.5,2,0,21013,36.733626034,-83.67740881
20,75.6,2,0,21015,38.967404662,-84.728294
20,73,2,0,21017,38.20404965,-84.22496287
20,88.4,2,0,21019,38.363032865,-82.6875409
20,89.7,2,0,21021,37.626542276,-84.87865268
20,101.1,2,0,21023,38.683228656,-84.09865896
20,108.7,2,0,21025,37.525174086,-83.32930519
20,66.4,2,0,21027,37.775480159,-86.43734453
20,61.2,2,0,21029,37.971759478,-85.70193897
20,78.6,2,0,21031,37.210124521,-86.68524182
20,101.4,2,0,21033,37.1473956,-87.874127
20,87.1,2,0,21035,36.624281459,-88.27647205
20,88.6,2,0,21037,38.945669143,-84.38326062
20,88.3,2,0,21039,36.861017822,-88.97461221
20,70.3,2,0,21041,38.671700464,-85.12474555
20,84.6,2,0,21043,38.32257636,-83.04996021
20,81.2,2,0,21045,37.328643849,-84.94141783
20,98.6,2,0,21047,36.90002928,-87.49647004
20,79.4,2,0,21049,37.970500984,-84.158612
20,104,2,0,21051,37.160845318,-83.71976337
20,63.4,2,0,21053,36.729346841,-85.14283115
20,98,2,0,21055,37.353027396,-88.10117627
20,83.8,2,0,21057,36.788503244,-85.3953626
20,78.2,2,0,21059,37.731373696,-87.09458897
20,77.7,2,0,21061,37.210101297,-86.24579546
20,88.6,2,0,21063,38.124858501,-83.09587578
20,89.1,2,0,21065,37.692506892,-83.97262731
20,69.3,2,0,21067,38.041075677,-84.47024262
20,102.9,2,0,21069,38.374074836,-83.70134104
20,78.2,2,0,21071,37.558705975,-82.74999194
20,76.9,2,0,21073,38.237724219,-84.88960276
20,91.3,2,0,21075,36.55257412,-89.17342797
20,63.2,2,0,21077,38.758216007,-84.86635898
20,81.1,2,0,21079,37.63968907,-84.54615242
20,76.7,2,0,21081,38.649276579,-84.63244538
20,86.2,2,0,21083,36.725123604,-88.65506989
20,72.5,2,0,21085,37.460740173,-86.34855277
20,95,2,0,21087,37.263870276,-85.56197107
20,83.5,2,0,21089,38.544142445,-82.92746842
20,75.5,2,0,21091,37.838420918,-86.78614662
20,64.4,2,0,21093,37.698184185,-85.97214605
20,94.8,2,0,21095,36.860122775,-83.22041909
20,102.2,2,0,21097,38.437480978,-84.3397296
20,85.3,2,0,21099,37.29673615,-85.8903863
20,79.4,2,0,21101,37.797832378,-87.57838026
20,60.7,2,0,21103,38.450326969,-85.12939933
20,92.9,2,0,21105,36.68136052,-88.97763541
20,99.4,2,0,21107,37.309481403,-87.54527579
20,86.8,2,0,21109,37.421638769,-84.01174733
20,65.6,2,0,21111,38.190018904,-85.66731146
20,71.8,2,0,21113,37.871750617,-84.59153226
20,101,2,0,21115,37.847965185,-82.83566957
20,77.1,2,0,21117,38.929606039,-84.53501308
20,68,2,0,21119,37.356336235,-82.95663109
20,82.1,2,0,21121,36.895262739,-83.86187194
20,72,2,0,21123,37.544990146,-85.70484173
20,82.5,2,0,21125,37.111389223,-84.12729906
20,100.2,2,0,21127,38.071481487,-82.7382409
20,102.7,2,0,21129,37.596048675,-83.72307786
20,114.5,2,0,21131,37.099101034,-83.384108
20,84,2,0,21133,37.124669962,-82.85343728
20,80.9,2,0,21135,38.530710818,-83.38399309
20,81.7,2,0,21137,37.459027106,-84.67147875
20,87.4,2,0,21139,37.212177881,-88.35517082
20,71.7,2,0,21141,36.864737088,-86.88619941
20,98.5,2,0,21143,37.021049858,-88.09110901
20,89.2,2,0,21145,37.052968743,-88.71331907
20,76.6,2,0,21147,36.739344421,-84.49382623
20,81.7,2,0,21149,37.531784484,-87.26973816
20,75.8,2,0,21151,37.718830639,-84.28778954
20,87.3,2,0,21153,37.709123928,-83.06842382
20,81.2,2,0,21155,37.549807925,-85.27903282
20,84.7,2,0,21157,36.891296952,-88.33940276
20,94,2,0,21159,37.804170628,-82.51806503
20,97.1,2,0,21161,38.595520909,-83.83107181
20,63.4,2,0,21163,37.969900267,-86.22448514
20,90,2,0,21165,37.943571883,-83.60519974
20,83.2,2,0,21167,37.810989821,-84.88264736
20,95.8,2,0,21169,36.992898915,-85.6358283
20,103.8,2,0,21171,36.717312532,-85.72265534
20,92.3,2,0,21173,38.033984506,-83.9208992
20,99.3,2,0,21175,37.926777925,-83.25936678
20,74.7,2,0,21177,37.219222984,-87.14653429
20,63.4,2,0,21179,37.804332889,-85.47610379
20,101.5,2,0,21181,38.333700227,-84.02205959
20,75.5,2,0,21183,37.478223289,-86.85808175
20,64.9,2,0,21185,38.405196961,-85.45442344
20,75.5,2,0,21187,38.520007331,-84.83551332
20,117.5,2,0,21189,37.419003821,-83.68876251
20,78.1,2,0,21191,38.695129623,-84.366516
20,113.5,2,0,21193,37.250078993,-83.22684536
20,75.2,2,0,21195,37.466984644,-82.39453114
20,90.3,2,0,21197,37.833130745,-83.83491442
20,74.1,2,0,21199,37.108799401,-84.58818845
20,106.8,2,0,21201,38.517758271,-84.06308528
20,81.1,2,0,21203,37.368497723,-84.32299944
20,85.8,2,0,21205,38.200469519,-83.42161889
20,70.5,2,0,21207,36.993668823,-85.0660811
20,78.4,2,0,21209,38.292184776,-84.59384108
20,64.9,2,0,21211,38.219932207,-85.20375065
20,75.4,2,0,21213,36.745986994,-86.59012847
20,61.3,2,0,21215,38.036904984,-85.33441665
20,89.7,2,0,21217,37.363310514,-85.33948877
20,96.5,2,0,21219,36.843893254,-87.18773019
20,87.6,2,0,21221,36.810581917,-87.88103425
20,63.5,2,0,21223,38.618873032,-85.33867844
20,82.7,2,0,21225,37.6589251,-87.94979307
20,73.9,2,0,21227,36.995871832,-86.42936728
20,81.6,2,0,21229,37.752452055,-85.18490722
20,67.2,2,0,21231,36.804038451,-84.83613568
20,98.3,2,0,21233,37.521610749,-87.68464339
20,86.1,2,0,21235,36.758582062,-84.15128288
20,98.7,2,0,21237,37.741015211,-83.4968485
20,70.6,2,0,21239,38.042048324,-84.75510735
20,97.5,1,5,21001,37.104303789,-85.28813599
20,90.4,1,5,21003,36.752730343,-86.20085617
20,77.2,1,5,21005,38.003868899,-85.00396443
20,75.6,1,5,21007,37.059997455,-88.99859713
20,94.1,1,5,21009,36.96657714,-85.9421291
20,111.7,1,5,21011,38.147247416,-83.74862736
20,113.3,1,5,21013,36.733626034,-83.67740881
20,74.4,1,5,21015,38.967404662,-84.728294
20,78.7,1,5,21017,38.20404965,-84.22496287
20,85.5,1,5,21019,38.363032865,-82.6875409
20,86.3,1,5,21021,37.626542276,-84.87865268
20,99.4,1,5,21023,38.683228656,-84.09865896
20,64.2,1,5,21025,37.525174086,-83.32930519
20,97.8,1,5,21027,37.775480159,-86.43734453
20,59.4,1,5,21029,37.971759478,-85.70193897
20,81.9,1,5,21031,37.210124521,-86.68524182
20,91.2,1,5,21033,37.1473956,-87.874127
20,92.5,1,5,21035,36.624281459,-88.27647205
20,87.3,1,5,21037,38.945669143,-84.38326062
20,74.9,1,5,21039,36.861017822,-88.97461221
20,83.5,1,5,21041,38.671700464,-85.12474555
20,89.7,1,5,21043,38.32257636,-83.04996021
20,86.8,1,5,21045,37.328643849,-84.94141783
20,87.7,1,5,21047,36.90002928,-87.49647004
20,115.4,1,5,21049,37.970500984,-84.158612
20,90.9,1,5,21051,37.160845318,-83.71976337
20,71.5,1,5,21053,36.729346841,-85.14283115
20,90.4,1,5,21055,37.353027396,-88.10117627
20,87.4,1,5,21057,36.788503244,-85.3953626
20,63.7,1,5,21059,37.731373696,-87.09458897
20,94.3,1,5,21061,37.210101297,-86.24579546
20,87.1,1,5,21063,38.124858501,-83.09587578
20,117.1,1,5,21065,37.692506892,-83.97262731
20,69,1,5,21067,38.041075677,-84.47024262
20,100.6,1,5,21069,38.374074836,-83.70134104
20,77.6,1,5,21071,37.558705975,-82.74999194
20,70.1,1,5,21073,38.237724219,-84.88960276
20,103,1,5,21075,36.55257412,-89.17342797
20,156,1,5,21077,38.758216007,-84.86635898
20,87.8,1,5,21079,37.63968907,-84.54615242
20,57.2,1,5,21081,38.649276579,-84.63244538
20,96.5,1,5,21083,36.725123604,-88.65506989
20,96.5,1,5,21085,37.460740173,-86.34855277
20,99.9,1,5,21087,37.263870276,-85.56197107
20,88.3,1,5,21089,38.544142445,-82.92746842
20,79.3,1,5,21091,37.838420918,-86.78614662
20,59.1,1,5,21093,37.698184185,-85.97214605
20,122.6,1,5,21095,36.860122775,-83.22041909
20,89.5,1,5,21097,38.437480978,-84.3397296
20,83.7,1,5,21099,37.29673615,-85.8903863
20,71.8,1,5,21101,37.797832378,-87.57838026
20,57.3,1,5,21103,38.450326969,-85.12939933
20,89.8,1,5,21105,36.68136052,-88.97763541
20,90.8,1,5,21107,37.309481403,-87.54527579
20,81.5,1,5,21109,37.421638769,-84.01174733
20,67.6,1,5,21111,38.190018904,-85.66731146
20,76.7,1,5,21113,37.871750617,-84.59153226
20,140.1,1,5,21115,37.847965185,-82.83566957
20,84.6,1,5,21117,38.929606039,-84.53501308
20,72.4,1,5,21119,37.356336235,-82.95663109
20,78.8,1,5,21121,36.895262739,-83.86187194
20,98.5,1,5,21123,37.544990146,-85.70484173
20,83.5,1,5,21125,37.111389223,-84.12729906
20,84.6,1,5,21127,38.071481487,-82.7382409
20,107.8,1,5,21129,37.596048675,-83.72307786
20,116.3,1,5,21131,37.099101034,-83.384108
20,79.6,1,5,21133,37.124669962,-82.85343728
20,102.5,1,5,21135,38.530710818,-83.38399309
20,73.3,1,5,21137,37.459027106,-84.67147875
20,77.9,1,5,21139,37.212177881,-88.35517082
20,84.8,1,5,21141,36.864737088,-86.88619941
20,86.8,1,5,21143,37.021049858,-88.09110901
20,83.6,1,5,21145,37.052968743,-88.71331907
20,86,1,5,21147,36.739344421,-84.49382623
20,75.3,1,5,21149,37.531784484,-87.26973816
20,109.8,1,5,21151,37.718830639,-84.28778954
20,66.2,1,5,21153,37.709123928,-83.06842382
20,101.4,1,5,21155,37.549807925,-85.27903282
20,96,1,5,21157,36.891296952,-88.33940276
20,86.5,1,5,21159,37.804170628,-82.51806503
20,133.8,1,5,21161,38.595520909,-83.83107181
20,84.9,1,5,21163,37.969900267,-86.22448514
20,99,1,5,21165,37.943571883,-83.60519974
20,78.6,1,5,21167,37.810989821,-84.88264736
20,99.4,1,5,21169,36.992898915,-85.6358283
20,105.1,1,5,21171,36.717312532,-85.72265534
20,86.5,1,5,21173,38.033984506,-83.9208992
20,117.3,1,5,21175,37.926777925,-83.25936678
20,79,1,5,21177,37.219222984,-87.14653429
20,107.2,1,5,21179,37.804332889,-85.47610379
20,88.1,1,5,21181,38.333700227,-84.02205959
20,79.4,1,5,21183,37.478223289,-86.85808175
20,66.9,1,5,21185,38.405196961,-85.45442344
20,45.2,1,5,21187,38.520007331,-84.83551332
20,80.2,1,5,21189,37.419003821,-83.68876251
20,83.3,1,5,21191,38.695129623,-84.366516
20,90.3,1,5,21193,37.250078993,-83.22684536
20,76.5,1,5,21195,37.466984644,-82.39453114
20,119.8,1,5,21197,37.833130745,-83.83491442
20,76.3,1,5,21199,37.108799401,-84.58818845
20,104.7,1,5,21201,38.517758271,-84.06308528
20,68.9,1,5,21203,37.368497723,-84.32299944
20,109.6,1,5,21205,38.200469519,-83.42161889
20,79.4,1,5,21207,36.993668823,-85.0660811
20,97.1,1,5,21209,38.292184776,-84.59384108
20,65.8,1,5,21211,38.219932207,-85.20375065
20,81.6,1,5,21213,36.745986994,-86.59012847
20,68.3,1,5,21215,38.036904984,-85.33441665
20,98.5,1,5,21217,37.363310514,-85.33948877
20,89.2,1,5,21219,36.843893254,-87.18773019
20,83.7,1,5,21221,36.810581917,-87.88103425
20,73.5,1,5,21223,38.618873032,-85.33867844
20,79,1,5,21225,37.6589251,-87.94979307
20,90.5,1,5,21227,36.995871832,-86.42936728
20,96.7,1,5,21229,37.752452055,-85.18490722
20,74.7,1,5,21231,36.804038451,-84.83613568
20,89.5,1,5,21233,37.521610749,-87.68464339
20,126.2,1,5,21235,36.758582062,-84.15128288
20,148.7,1,5,21237,37.741015211,-83.4968485
20,58.9,1,5,21239,38.042048324,-84.75510735
20,86,2,5,21001,37.104303789,-85.28813599
20,74.6,2,5,21003,36.752730343,-86.20085617
20,73.7,2,5,21005,38.003868899,-85.00396443
20,87.1,2,5,21007,37.059997455,-88.99859713
20,92.9,2,5,21009,36.96657714,-85.9421291
20,83.9,2,5,21011,38.147247416,-83.74862736
20,102.2,2,5,21013,36.733626034,-83.67740881
20,79.3,2,5,21015,38.967404662,-84.728294
20,73.8,2,5,21017,38.20404965,-84.22496287
20,89.1,2,5,21019,38.363032865,-82.6875409
20,92.8,2,5,21021,37.626542276,-84.87865268
20,102.4,2,5,21023,38.683228656,-84.09865896
20,111.9,2,5,21025,37.525174086,-83.32930519
20,67.1,2,5,21027,37.775480159,-86.43734453
20,60.6,2,5,21029,37.971759478,-85.70193897
20,78.7,2,5,21031,37.210124521,-86.68524182
20,99.3,2,5,21033,37.1473956,-87.874127
20,88.3,2,5,21035,36.624281459,-88.27647205
20,86.2,2,5,21037,38.945669143,-84.38326062
20,91.1,2,5,21039,36.861017822,-88.97461221
20,71.5,2,5,21041,38.671700464,-85.12474555
20,85,2,5,21043,38.32257636,-83.04996021
20,81.5,2,5,21045,37.328643849,-84.94141783
20,90.3,2,5,21047,36.90002928,-87.49647004
20,77.7,2,5,21049,37.970500984,-84.158612
20,107.1,2,5,21051,37.160845318,-83.71976337
20,65.4,2,5,21053,36.729346841,-85.14283115
20,101.4,2,5,21055,37.353027396,-88.10117627
20,85.2,2,5,21057,36.788503244,-85.3953626
20,78.3,2,5,21059,37.731373696,-87.09458897
20,76.9,2,5,21061,37.210101297,-86.24579546
20,89.6,2,5,21063,38.124858501,-83.09587578
20,88.8,2,5,21065,37.692506892,-83.97262731
20,71.9,2,5,21067,38.041075677,-84.47024262
20,103,2,5,21069,38.374074836,-83.70134104
20,79.9,2,5,21071,37.558705975,-82.74999194
20,79.5,2,5,21073,38.237724219,-84.88960276
20,87.5,2,5,21075,36.55257412,-89.17342797
20,64.7,2,5,21077,38.758216007,-84.86635898
20,82.3,2,5,21079,37.63968907,-84.54615242
20,78.5,2,5,21081,38.649276579,-84.63244538
20,87.5,2,5,21083,36.725123604,-88.65506989
20,74.1,2,5,21085,37.460740173,-86.34855277
20,93.6,2,5,21087,37.263870276,-85.56197107
20,83.1,2,5,21089,38.544142445,-82.92746842
20,75.7,2,5,21091,37.838420918,-86.78614662
20,62.5,2,5,21093,37.698184185,-85.97214605
20,96.3,2,5,21095,36.860122775,-83.22041909
20,106,2,5,21097,38.437480978,-84.3397296
20,91.2,2,5,21099,37.29673615,-85.8903863
20,79.5,2,5,21101,37.797832378,-87.57838026
20,62.3,2,5,21103,38.450326969,-85.12939933
20,89.4,2,5,21105,36.68136052,-88.97763541
20,99.5,2,5,21107,37.309481403,-87.54527579
20,88.1,2,5,21109,37.421638769,-84.01174733
20,63.3,2,5,21111,38.190018904,-85.66731146
20,72,2,5,21113,37.871750617,-84.59153226
20,102.4,2,5,21115,37.847965185,-82.83566957
20,76.9,2,5,21117,38.929606039,-84.53501308
20,69.3,2,5,21119,37.356336235,-82.95663109
20,84.2,2,5,21121,36.895262739,-83.86187194
20,70.3,2,5,21123,37.544990146,-85.70484173
20,84,2,5,21125,37.111389223,-84.12729906
20,101.9,2,5,21127,38.071481487,-82.7382409
20,103.7,2,5,21129,37.596048675,-83.72307786
20,117.3,2,5,21131,37.099101034,-83.384108
20,85.3,2,5,21133,37.124669962,-82.85343728
20,80.8,2,5,21135,38.530710818,-83.38399309
20,83.8,2,5,21137,37.459027106,-84.67147875
20,90.4,2,5,21139,37.212177881,-88.35517082
20,72.3,2,5,21141,36.864737088,-86.88619941
20,100.9,2,5,21143,37.021049858,-88.09110901
20,92.9,2,5,21145,37.052968743,-88.71331907
20,77.7,2,5,21147,36.739344421,-84.49382623
20,82.8,2,5,21149,37.531784484,-87.26973816
20,76.3,2,5,21151,37.718830639,-84.28778954
20,88.6,2,5,21153,37.709123928,-83.06842382
20,79.4,2,5,21155,37.549807925,-85.27903282
20,87.5,2,5,21157,36.891296952,-88.33940276
20,95.2,2,5,21159,37.804170628,-82.51806503
20,96.5,2,5,21161,38.595520909,-83.83107181
20,63.7,2,5,21163,37.969900267,-86.22448514
20,90.8,2,5,21165,37.943571883,-83.60519974
20,84.7,2,5,21167,37.810989821,-84.88264736
20,98.9,2,5,21169,36.992898915,-85.6358283
20,102.4,2,5,21171,36.717312532,-85.72265534
20,92.1,2,5,21173,38.033984506,-83.9208992
20,100.7,2,5,21175,37.926777925,-83.25936678
20,73.9,2,5,21177,37.219222984,-87.14653429
20,59.7,2,5,21179,37.804332889,-85.47610379
20,102.9,2,5,21181,38.333700227,-84.02205959
20,75.8,2,5,21183,37.478223289,-86.85808175
20,63.5,2,5,21185,38.405196961,-85.45442344
20,76.8,2,5,21187,38.520007331,-84.83551332
20,120.5,2,5,21189,37.419003821,-83.68876251
20,77.8,2,5,21191,38.695129623,-84.366516
20,116.7,2,5,21193,37.250078993,-83.22684536
20,76.7,2,5,21195,37.466984644,-82.39453114
20,90.5,2,5,21197,37.833130745,-83.83491442
20,75.7,2,5,21199,37.108799401,-84.58818845
20,107.9,2,5,21201,38.517758271,-84.06308528
20,82.4,2,5,21203,37.368497723,-84.32299944
20,86.5,2,5,21205,38.200469519,-83.42161889
20,71.4,2,5,21207,36.993668823,-85.0660811
20,81.8,2,5,21209,38.292184776,-84.59384108
20,64.2,2,5,21211,38.219932207,-85.20375065
20,75.9,2,5,21213,36.745986994,-86.59012847
20,59.3,2,5,21215,38.036904984,-85.33441665
20,88,2,5,21217,37.363310514,-85.33948877
20,89.1,2,5,21219,36.843893254,-87.18773019
20,84.3,2,5,21221,36.810581917,-87.88103425
20,64.3,2,5,21223,38.618873032,-85.33867844
20,84.6,2,5,21225,37.6589251,-87.94979307
20,73.1,2,5,21227,36.995871832,-86.42936728
20,81.8,2,5,21229,37.752452055,-85.18490722
20,68.3,2,5,21231,36.804038451,-84.83613568
20,100.9,2,5,21233,37.521610749,-87.68464339
20,87.7,2,5,21235,36.758582062,-84.15128288
20,99.2,2,5,21237,37.741015211,-83.4968485
20,71.7,2,5,21239,38.042048324,-84.75510735
20,168.5,1,3,21003,36.752730343,-86.20085617
20,120.1,1,3,21015,38.967404662,-84.728294
20,129,1,3,21017,38.20404965,-84.22496287
20,109.4,1,3,21029,37.971759478,-85.70193897
20,121.9,1,3,21037,38.945669143,-84.38326062
20,153.1,1,3,21047,36.90002928,-87.49647004
20,136.2,1,3,21049,37.970500984,-84.158612
20,139.8,1,3,21067,38.041075677,-84.47024262
20,108.4,1,3,21093,37.698184185,-85.97214605
20,105.6,1,3,21111,38.190018904,-85.66731146
20,138.6,1,3,21113,37.871750617,-84.59153226
20,119.4,1,3,21117,38.929606039,-84.53501308
20,144.5,1,3,21151,37.718830639,-84.28778954
20,110.4,1,3,21185,38.405196961,-85.45442344
20,119.6,1,3,21209,38.292184776,-84.59384108
20,107.8,1,3,21211,38.219932207,-85.20375065
20,238.9,1,3,21213,36.745986994,-86.59012847
20,110.8,1,3,21215,38.036904984,-85.33441665
20,156.6,1,3,21219,36.843893254,-87.18773019
20,77.9,1,3,21227,36.995871832,-86.42936728
20,118.5,1,3,21239,38.042048324,-84.75510735
20,94.7,2,3,21003,36.752730343,-86.20085617
20,112.2,2,3,21015,38.967404662,-84.728294
20,70.1,2,3,21017,38.20404965,-84.22496287
20,75.4,2,3,21029,37.971759478,-85.70193897
20,147.2,2,3,21033,37.1473956,-87.874127
20,112.8,2,3,21037,38.945669143,-84.38326062
20,163.6,2,3,21047,36.90002928,-87.49647004
20,90,2,3,21049,37.970500984,-84.158612
20,76.5,2,3,21067,38.041075677,-84.47024262
20,75.4,2,3,21093,37.698184185,-85.97214605
20,142.7,2,3,21107,37.309481403,-87.54527579
20,76.2,2,3,21111,38.190018904,-85.66731146
20,70,2,3,21113,37.871750617,-84.59153226
20,112.1,2,3,21117,38.929606039,-84.53501308
20,40,2,3,21145,37.052968743,-88.71331907
20,74.9,2,3,21151,37.718830639,-84.28778954
20,147.5,2,3,21177,37.219222984,-87.14653429
20,75,2,3,21185,38.405196961,-85.45442344
20,68,2,3,21209,38.292184776,-84.59384108
20,74.8,2,3,21211,38.219932207,-85.20375065
20,96.9,2,3,21213,36.745986994,-86.59012847
20,76.7,2,3,21215,38.036904984,-85.33441665
20,156.4,2,3,21219,36.843893254,-87.18773019
20,156,2,3,21221,36.810581917,-87.88103425
20,80.7,2,3,21227,36.995871832,-86.42936728
20,67.7,2,3,21239,38.042048324,-84.75510735
20,54.5,1,4,21067,38.041075677,-84.47024262
20,38.1,1,4,21111,38.190018904,-85.66731146
20,13,2,4,21067,38.041075677,-84.47024262
20,27.1,2,4,21111,38.190018904,-85.66731146
20,58.4,1,2,21067,38.041075677,-84.47024262
20,96.2,1,2,21111,38.190018904,-85.66731146
20,51.1,2,2,21067,38.041075677,-84.47024262
20,84.3,2,2,21111,38.190018904,-85.66731146
21,94.4,1,0,22001,30.299520351,-92.40344831
21,98.7,1,0,22003,30.656660679,-92.82043855
21,72,1,0,22005,30.210353038,-90.905933
21,83.3,1,0,22007,29.911186029,-91.05546554
21,97.9,1,0,22009,31.081211753,-91.99487223
21,76.4,1,0,22011,30.652800764,-93.34007051
21,98.7,1,0,22013,32.351303787,-93.05268158
21,91.7,1,0,22015,32.680786049,-93.60098452
21,95.7,1,0,22017,32.586986896,-93.88044014
21,119.3,1,0,22019,30.235257854,-93.35213505
21,90.1,1,0,22021,32.097542279,-92.11066989
21,109.5,1,0,22023,29.882006875,-93.15913189
21,96.9,1,0,22025,31.671213688,-91.84373381
21,103.1,1,0,22027,32.824760697,-92.98853153
21,117.2,1,0,22029,31.457465376,-91.63233914
21,112,1,0,22031,32.059099456,-93.73014579
21,94.6,1,0,22033,30.544369761,-91.09188996
21,81.9,1,0,22035,32.734967293,-91.23111915
21,97.1,1,0,22037,30.848301961,-91.04214979
21,99.7,1,0,22039,30.733357897,-92.39688008
21,78.9,1,0,22041,32.140156499,-91.66963871
21,137.8,1,0,22043,31.603851068,-92.55278973
21,101.2,1,0,22045,29.904818405,-91.72420383
21,111.9,1,0,22047,30.264674056,-91.34355075
21,91.4,1,0,22049,32.306743625,-92.55353832
21,75.2,1,0,22051,29.782764094,-90.11817486
21,131.6,1,0,22053,30.276274648,-92.8078653
21,97.9,1,0,22055,30.214953173,-92.05438564
21,74.5,1,0,22057,29.582888363,-90.42929604
21,91.1,1,0,22059,31.682165291,-92.15705464
21,92.1,1,0,22061,32.604455307,-92.65875386
21,92.5,1,0,22063,30.448476819,-90.72331848
21,91.6,1,0,22065,32.374103785,-91.24350197
21,159.7,1,0,22067,32.82767072,-91.79289823
21,143.6,1,0,22069,31.727513322,-93.08854869
21,75.2,1,0,22071,30.037682279,-89.9121784
21,98.4,1,0,22073,32.484822667,-92.14936907
21,75.2,1,0,22075,29.449326542,-89.60648948
21,107.7,1,0,22077,30.712820857,-91.59591383
21,96.2,1,0,22079,31.201571786,-92.52590958
21,95.5,1,0,22081,32.095529709,-93.33277556
21,81,1,0,22083,32.425925743,-91.75955468
21,108.1,1,0,22085,31.568960415,-93.54840906
21,79.8,1,0,22087,29.876728916,-89.66230901
21,77.4,1,0,22089,29.891802459,-90.34870942
21,93.9,1,0,22091,30.825394255,-90.70627754
21,82.5,1,0,22093,30.032704734,-90.78896196
21,96.3,1,0,22095,30.107216446,-90.53354758
21,99.2,1,0,22097,30.604929467,-91.99934366
21,102.7,1,0,22099,30.134625327,-91.60035844
21,98.3,1,0,22101,29.725053614,-91.43936409
21,64.8,1,0,22103,30.458166195,-89.94078167
21,91.9,1,0,22105,30.648240242,-90.40910885
21,112.9,1,0,22107,32.012891901,-91.32980633
21,82,1,0,22109,29.4436897,-90.85389709
21,102.7,1,0,22111,32.835630846,-92.36836593
21,97.5,1,0,22113,29.855478145,-92.31695038
21,73.4,1,0,22115,31.111679397,-93.1773161
21,99.4,1,0,22117,30.857045036,-90.03761807
21,125.3,1,0,22119,32.716392578,-93.32968611
21,102.7,1,0,22121,30.467518509,-91.30775621
21,66.1,1,0,22123,32.794458101,-91.44814672
21,109.5,1,0,22125,30.885252894,-91.41917365
21,99.3,1,0,22127,31.949534404,-92.63038823
21,93.6,2,0,22001,30.299520351,-92.40344831
21,106.9,2,0,22003,30.656660679,-92.82043855
21,91.4,2,0,22005,30.210353038,-90.905933
21,81,2,0,22007,29.911186029,-91.05546554
21,98,2,0,22009,31.081211753,-91.99487223
21,114.2,2,0,22011,30.652800764,-93.34007051
21,87.7,2,0,22013,32.351303787,-93.05268158
21,91.1,2,0,22015,32.680786049,-93.60098452
21,86.4,2,0,22017,32.586986896,-93.88044014
21,120.3,2,0,22019,30.235257854,-93.35213505
21,67.3,2,0,22021,32.097542279,-92.11066989
21,110,2,0,22023,29.882006875,-93.15913189
21,51.2,2,0,22025,31.671213688,-91.84373381
21,97.8,2,0,22027,32.824760697,-92.98853153
21,79.1,2,0,22029,31.457465376,-91.63233914
21,85.8,2,0,22031,32.059099456,-93.73014579
21,90.8,2,0,22033,30.544369761,-91.09188996
21,99.6,2,0,22035,32.734967293,-91.23111915
21,92.4,2,0,22037,30.848301961,-91.04214979
21,105.4,2,0,22039,30.733357897,-92.39688008
21,39.8,2,0,22041,32.140156499,-91.66963871
21,101.4,2,0,22043,31.603851068,-92.55278973
21,90.5,2,0,22045,29.904818405,-91.72420383
21,91.4,2,0,22047,30.264674056,-91.34355075
21,74.2,2,0,22049,32.306743625,-92.55353832
21,77.9,2,0,22051,29.782764094,-90.11817486
21,113.3,2,0,22053,30.276274648,-92.8078653
21,88.2,2,0,22055,30.214953173,-92.05438564
21,77.3,2,0,22057,29.582888363,-90.42929604
21,98.5,2,0,22059,31.682165291,-92.15705464
21,75.8,2,0,22061,32.604455307,-92.65875386
21,87.3,2,0,22063,30.448476819,-90.72331848
21,85.2,2,0,22065,32.374103785,-91.24350197
21,137.3,2,0,22067,32.82767072,-91.79289823
21,96.2,2,0,22069,31.727513322,-93.08854869
21,78.3,2,0,22071,30.037682279,-89.9121784
21,75.3,2,0,22073,32.484822667,-92.14936907
21,78.3,2,0,22075,29.449326542,-89.60648948
21,91,2,0,22077,30.712820857,-91.59591383
21,102.4,2,0,22079,31.201571786,-92.52590958
21,87.3,2,0,22081,32.095529709,-93.33277556
21,88.8,2,0,22083,32.425925743,-91.75955468
21,88.6,2,0,22085,31.568960415,-93.54840906
21,77.7,2,0,22087,29.876728916,-89.66230901
21,86.2,2,0,22089,29.891802459,-90.34870942
21,82.1,2,0,22091,30.825394255,-90.70627754
21,82.8,2,0,22093,30.032704734,-90.78896196
21,87,2,0,22095,30.107216446,-90.53354758
21,88.3,2,0,22097,30.604929467,-91.99934366
21,86,2,0,22099,30.134625327,-91.60035844
21,84.4,2,0,22101,29.725053614,-91.43936409
21,73.5,2,0,22103,30.458166195,-89.94078167
21,74.6,2,0,22105,30.648240242,-90.40910885
21,61.1,2,0,22107,32.012891901,-91.32980633
21,75.3,2,0,22109,29.4436897,-90.85389709
21,93.7,2,0,22111,32.835630846,-92.36836593
21,95.1,2,0,22113,29.855478145,-92.31695038
21,100.5,2,0,22115,31.111679397,-93.1773161
21,78.2,2,0,22117,30.857045036,-90.03761807
21,100.6,2,0,22119,32.716392578,-93.32968611
21,93.7,2,0,22121,30.467518509,-91.30775621
21,120.5,2,0,22123,32.794458101,-91.44814672
21,96.6,2,0,22125,30.885252894,-91.41917365
21,83.2,2,0,22127,31.949534404,-92.63038823
21,84.1,1,5,22001,30.299520351,-92.40344831
21,94.1,1,5,22003,30.656660679,-92.82043855
21,49.8,1,5,22005,30.210353038,-90.905933
21,80.6,1,5,22007,29.911186029,-91.05546554
21,75.9,1,5,22009,31.081211753,-91.99487223
21,68.4,1,5,22011,30.652800764,-93.34007051
21,86.8,1,5,22013,32.351303787,-93.05268158
21,84.9,1,5,22015,32.680786049,-93.60098452
21,73.3,1,5,22017,32.586986896,-93.88044014
21,109,1,5,22019,30.235257854,-93.35213505
21,76.4,1,5,22021,32.097542279,-92.11066989
21,107.8,1,5,22023,29.882006875,-93.15913189
21,68.6,1,5,22025,31.671213688,-91.84373381
21,94.7,1,5,22027,32.824760697,-92.98853153
21,86.2,1,5,22029,31.457465376,-91.63233914
21,92.3,1,5,22031,32.059099456,-93.73014579
21,76.4,1,5,22033,30.544369761,-91.09188996
21,66.8,1,5,22035,32.734967293,-91.23111915
21,77.4,1,5,22037,30.848301961,-91.04214979
21,75.2,1,5,22039,30.733357897,-92.39688008
21,41.6,1,5,22041,32.140156499,-91.66963871
21,134.5,1,5,22043,31.603851068,-92.55278973
21,90.2,1,5,22045,29.904818405,-91.72420383
21,93.7,1,5,22047,30.264674056,-91.34355075
21,81,1,5,22049,32.306743625,-92.55353832
21,66.7,1,5,22051,29.782764094,-90.11817486
21,113.8,1,5,22053,30.276274648,-92.8078653
21,87.5,1,5,22055,30.214953173,-92.05438564
21,72,1,5,22057,29.582888363,-90.42929604
21,72.7,1,5,22059,31.682165291,-92.15705464
21,83.6,1,5,22061,32.604455307,-92.65875386
21,90.9,1,5,22063,30.448476819,-90.72331848
21,53.6,1,5,22065,32.374103785,-91.24350197
21,90.3,1,5,22067,32.82767072,-91.79289823
21,131.2,1,5,22069,31.727513322,-93.08854869
21,68.3,1,5,22071,30.037682279,-89.9121784
21,82.4,1,5,22073,32.484822667,-92.14936907
21,68.3,1,5,22075,29.449326542,-89.60648948
21,92.9,1,5,22077,30.712820857,-91.59591383
21,63.4,1,5,22079,31.201571786,-92.52590958
21,72.9,1,5,22081,32.095529709,-93.33277556
21,71.4,1,5,22083,32.425925743,-91.75955468
21,99,1,5,22085,31.568960415,-93.54840906
21,68.7,1,5,22087,29.876728916,-89.66230901
21,70.6,1,5,22089,29.891802459,-90.34870942
21,81.1,1,5,22091,30.825394255,-90.70627754
21,74,1,5,22093,30.032704734,-90.78896196
21,91.2,1,5,22095,30.107216446,-90.53354758
21,84.7,1,5,22097,30.604929467,-91.99934366
21,91,1,5,22099,30.134625327,-91.60035844
21,86.8,1,5,22101,29.725053614,-91.43936409
21,60.2,1,5,22103,30.458166195,-89.94078167
21,80.1,1,5,22105,30.648240242,-90.40910885
21,68.2,1,5,22107,32.012891901,-91.32980633
21,72.9,1,5,22109,29.4436897,-90.85389709
21,91.6,1,5,22111,32.835630846,-92.36836593
21,89.8,1,5,22113,29.855478145,-92.31695038
21,65.9,1,5,22115,31.111679397,-93.1773161
21,89.9,1,5,22117,30.857045036,-90.03761807
21,92.3,1,5,22119,32.716392578,-93.32968611
21,83.8,1,5,22121,30.467518509,-91.30775621
21,71.3,1,5,22123,32.794458101,-91.44814672
21,83.9,1,5,22125,30.885252894,-91.41917365
21,95,1,5,22127,31.949534404,-92.63038823
21,89.8,2,5,22001,30.299520351,-92.40344831
21,96.4,2,5,22003,30.656660679,-92.82043855
21,81.4,2,5,22005,30.210353038,-90.905933
21,71.7,2,5,22007,29.911186029,-91.05546554
21,91.6,2,5,22009,31.081211753,-91.99487223
21,101.5,2,5,22011,30.652800764,-93.34007051
21,82.6,2,5,22013,32.351303787,-93.05268158
21,83.9,2,5,22015,32.680786049,-93.60098452
21,74.6,2,5,22017,32.586986896,-93.88044014
21,99.9,2,5,22019,30.235257854,-93.35213505
21,62.9,2,5,22021,32.097542279,-92.11066989
21,100.5,2,5,22023,29.882006875,-93.15913189
21,61.6,2,5,22025,31.671213688,-91.84373381
21,94.3,2,5,22027,32.824760697,-92.98853153
21,85.2,2,5,22029,31.457465376,-91.63233914
21,75.3,2,5,22031,32.059099456,-93.73014579
21,81.4,2,5,22033,30.544369761,-91.09188996
21,70.9,2,5,22035,32.734967293,-91.23111915
21,79.9,2,5,22037,30.848301961,-91.04214979
21,96.4,2,5,22039,30.733357897,-92.39688008
21,44.8,2,5,22041,32.140156499,-91.66963871
21,89.3,2,5,22043,31.603851068,-92.55278973
21,82.5,2,5,22045,29.904818405,-91.72420383
21,81.2,2,5,22047,30.264674056,-91.34355075
21,67.2,2,5,22049,32.306743625,-92.55353832
21,71.7,2,5,22051,29.782764094,-90.11817486
21,103.7,2,5,22053,30.276274648,-92.8078653
21,83.8,2,5,22055,30.214953173,-92.05438564
21,71.2,2,5,22057,29.582888363,-90.42929604
21,86.5,2,5,22059,31.682165291,-92.15705464
21,70.3,2,5,22061,32.604455307,-92.65875386
21,77.9,2,5,22063,30.448476819,-90.72331848
21,56.4,2,5,22065,32.374103785,-91.24350197
21,102.2,2,5,22067,32.82767072,-91.79289823
21,84.3,2,5,22069,31.727513322,-93.08854869
21,72.8,2,5,22071,30.037682279,-89.9121784
21,68.8,2,5,22073,32.484822667,-92.14936907
21,73.5,2,5,22075,29.449326542,-89.60648948
21,85.4,2,5,22077,30.712820857,-91.59591383
21,90.3,2,5,22079,31.201571786,-92.52590958
21,76.9,2,5,22081,32.095529709,-93.33277556
21,75.8,2,5,22083,32.425925743,-91.75955468
21,83.1,2,5,22085,31.568960415,-93.54840906
21,90.4,2,5,22087,29.876728916,-89.66230901
21,75.7,2,5,22089,29.891802459,-90.34870942
21,77.7,2,5,22091,30.825394255,-90.70627754
21,65.6,2,5,22093,30.032704734,-90.78896196
21,74.8,2,5,22095,30.107216446,-90.53354758
21,84,2,5,22097,30.604929467,-91.99934366
21,80,2,5,22099,30.134625327,-91.60035844
21,77.2,2,5,22101,29.725053614,-91.43936409
21,68.1,2,5,22103,30.458166195,-89.94078167
21,68.7,2,5,22105,30.648240242,-90.40910885
21,55.1,2,5,22107,32.012891901,-91.32980633
21,75.9,2,5,22109,29.4436897,-90.85389709
21,82.5,2,5,22111,32.835630846,-92.36836593
21,89.1,2,5,22113,29.855478145,-92.31695038
21,91.4,2,5,22115,31.111679397,-93.1773161
21,70.7,2,5,22117,30.857045036,-90.03761807
21,98,2,5,22119,32.716392578,-93.32968611
21,84.7,2,5,22121,30.467518509,-91.30775621
21,105.3,2,5,22123,32.794458101,-91.44814672
21,87.3,2,5,22125,30.885252894,-91.41917365
21,78,2,5,22127,31.949534404,-92.63038823
21,166.8,1,3,22001,30.299520351,-92.40344831
21,152.1,1,3,22003,30.656660679,-92.82043855
21,135.6,1,3,22005,30.210353038,-90.905933
21,149.7,1,3,22007,29.911186029,-91.05546554
21,228.9,1,3,22009,31.081211753,-91.99487223
21,162.5,1,3,22011,30.652800764,-93.34007051
21,149,1,3,22013,32.351303787,-93.05268158
21,98.9,1,3,22015,32.680786049,-93.60098452
21,157.1,1,3,22017,32.586986896,-93.88044014
21,170.4,1,3,22019,30.235257854,-93.35213505
21,191.4,1,3,22021,32.097542279,-92.11066989
21,166.8,1,3,22023,29.882006875,-93.15913189
21,229.1,1,3,22025,31.671213688,-91.84373381
21,138.5,1,3,22027,32.824760697,-92.98853153
21,158.9,1,3,22029,31.457465376,-91.63233914
21,167.9,1,3,22031,32.059099456,-93.73014579
21,142.2,1,3,22033,30.544369761,-91.09188996
21,122.1,1,3,22035,32.734967293,-91.23111915
21,146.8,1,3,22037,30.848301961,-91.04214979
21,205.9,1,3,22039,30.733357897,-92.39688008
21,230,1,3,22041,32.140156499,-91.66963871
21,201.1,1,3,22043,31.603851068,-92.55278973
21,159.9,1,3,22045,29.904818405,-91.72420383
21,149.9,1,3,22047,30.264674056,-91.34355075
21,129,1,3,22049,32.306743625,-92.55353832
21,96.3,1,3,22051,29.782764094,-90.11817486
21,180.7,1,3,22053,30.276274648,-92.8078653
21,149.9,1,3,22055,30.214953173,-92.05438564
21,108.1,1,3,22057,29.582888363,-90.42929604
21,210.1,1,3,22059,31.682165291,-92.15705464
21,116.4,1,3,22061,32.604455307,-92.65875386
21,139.2,1,3,22063,30.448476819,-90.72331848
21,149.8,1,3,22065,32.374103785,-91.24350197
21,302.3,1,3,22067,32.82767072,-91.79289823
21,195.5,1,3,22069,31.727513322,-93.08854869
21,93.5,1,3,22071,30.037682279,-89.9121784
21,116.5,1,3,22073,32.484822667,-92.14936907
21,93.5,1,3,22075,29.449326542,-89.60648948
21,164.9,1,3,22077,30.712820857,-91.59591383
21,214.1,1,3,22079,31.201571786,-92.52590958
21,152.4,1,3,22081,32.095529709,-93.33277556
21,139.1,1,3,22083,32.425925743,-91.75955468
21,204.5,1,3,22085,31.568960415,-93.54840906
21,94.9,1,3,22087,29.876728916,-89.66230901
21,97.8,1,3,22089,29.891802459,-90.34870942
21,140.1,1,3,22091,30.825394255,-90.70627754
21,124.1,1,3,22093,30.032704734,-90.78896196
21,135.6,1,3,22095,30.107216446,-90.53354758
21,126.6,1,3,22097,30.604929467,-91.99934366
21,148.4,1,3,22099,30.134625327,-91.60035844
21,143.7,1,3,22101,29.725053614,-91.43936409
21,141,1,3,22103,30.458166195,-89.94078167
21,140.4,1,3,22105,30.648240242,-90.40910885
21,189.3,1,3,22107,32.012891901,-91.32980633
21,144.7,1,3,22109,29.4436897,-90.85389709
21,150.6,1,3,22111,32.835630846,-92.36836593
21,169.1,1,3,22113,29.855478145,-92.31695038
21,152.2,1,3,22115,31.111679397,-93.1773161
21,152.7,1,3,22117,30.857045036,-90.03761807
21,203.7,1,3,22119,32.716392578,-93.32968611
21,140.2,1,3,22121,30.467518509,-91.30775621
21,142.2,1,3,22123,32.794458101,-91.44814672
21,122.3,1,3,22125,30.885252894,-91.41917365
21,172.9,1,3,22127,31.949534404,-92.63038823
21,109,2,3,22001,30.299520351,-92.40344831
21,157.4,2,3,22003,30.656660679,-92.82043855
21,132.9,2,3,22005,30.210353038,-90.905933
21,122.1,2,3,22007,29.911186029,-91.05546554
21,127.5,2,3,22009,31.081211753,-91.99487223
21,174.6,2,3,22011,30.652800764,-93.34007051
21,100.8,2,3,22013,32.351303787,-93.05268158
21,109.6,2,3,22015,32.680786049,-93.60098452
21,109.2,2,3,22017,32.586986896,-93.88044014
21,197.3,2,3,22019,30.235257854,-93.35213505
21,87.2,2,3,22021,32.097542279,-92.11066989
21,185.3,2,3,22023,29.882006875,-93.15913189
21,61.1,2,3,22025,31.671213688,-91.84373381
21,109.3,2,3,22027,32.824760697,-92.98853153
21,86.5,2,3,22029,31.457465376,-91.63233914
21,110.3,2,3,22031,32.059099456,-93.73014579
21,109.3,2,3,22033,30.544369761,-91.09188996
21,147,2,3,22035,32.734967293,-91.23111915
21,110.1,2,3,22037,30.848301961,-91.04214979
21,128,2,3,22039,30.733357897,-92.39688008
21,59.2,2,3,22041,32.140156499,-91.66963871
21,147.7,2,3,22043,31.603851068,-92.55278973
21,112.5,2,3,22045,29.904818405,-91.72420383
21,115.9,2,3,22047,30.264674056,-91.34355075
21,90.3,2,3,22049,32.306743625,-92.55353832
21,109.8,2,3,22051,29.782764094,-90.11817486
21,191.1,2,3,22053,30.276274648,-92.8078653
21,107.1,2,3,22055,30.214953173,-92.05438564
21,116.3,2,3,22057,29.582888363,-90.42929604
21,148.8,2,3,22059,31.682165291,-92.15705464
21,92.9,2,3,22061,32.604455307,-92.65875386
21,122.2,2,3,22063,30.448476819,-90.72331848
21,130.3,2,3,22065,32.374103785,-91.24350197
21,139.9,2,3,22067,32.82767072,-91.79289823
21,144.8,2,3,22069,31.727513322,-93.08854869
21,84.1,2,3,22071,30.037682279,-89.9121784
21,102.2,2,3,22073,32.484822667,-92.14936907
21,90.2,2,3,22075,29.449326542,-89.60648948
21,103.4,2,3,22077,30.712820857,-91.59591383
21,153.5,2,3,22079,31.201571786,-92.52590958
21,107.8,2,3,22081,32.095529709,-93.33277556
21,118.5,2,3,22083,32.425925743,-91.75955468
21,130.5,2,3,22085,31.568960415,-93.54840906
21,81.8,2,3,22087,29.876728916,-89.66230901
21,123,2,3,22089,29.891802459,-90.34870942
21,106.9,2,3,22091,30.825394255,-90.70627754
21,146.4,2,3,22093,30.032704734,-90.78896196
21,134.8,2,3,22095,30.107216446,-90.53354758
21,105.3,2,3,22097,30.604929467,-91.99934366
21,110.4,2,3,22099,30.134625327,-91.60035844
21,112.2,2,3,22101,29.725053614,-91.43936409
21,112.7,2,3,22103,30.458166195,-89.94078167
21,116.2,2,3,22105,30.648240242,-90.40910885
21,80.9,2,3,22107,32.012891901,-91.32980633
21,103.2,2,3,22109,29.4436897,-90.85389709
21,119,2,3,22111,32.835630846,-92.36836593
21,111.5,2,3,22113,29.855478145,-92.31695038
21,151.4,2,3,22115,31.111679397,-93.1773161
21,117.5,2,3,22117,30.857045036,-90.03761807
21,108.5,2,3,22119,32.716392578,-93.32968611
21,108.7,2,3,22121,30.467518509,-91.30775621
21,171.3,2,3,22123,32.794458101,-91.44814672
21,125.1,2,3,22125,30.885252894,-91.41917365
21,99.1,2,3,22127,31.949534404,-92.63038823
21,34.5,1,4,22033,30.544369761,-91.09188996
21,43.3,1,4,22051,29.782764094,-90.11817486
21,0,1,4,22055,30.214953173,-92.05438564
21,42,1,4,22071,30.037682279,-89.9121784
21,24.4,1,4,22103,30.458166195,-89.94078167
21,68,2,4,22033,30.544369761,-91.09188996
21,50,2,4,22051,29.782764094,-90.11817486
21,22.1,2,4,22055,30.214953173,-92.05438564
21,47,2,4,22057,29.582888363,-90.42929604
21,47.8,2,4,22071,30.037682279,-89.9121784
21,47.8,2,4,22075,29.449326542,-89.60648948
21,50,2,4,22089,29.891802459,-90.34870942
21,43.3,2,4,22103,30.458166195,-89.94078167
21,104.6,1,2,22033,30.544369761,-91.09188996
21,51.8,1,2,22051,29.782764094,-90.11817486
21,41.8,1,2,22071,30.037682279,-89.9121784
21,57.1,2,2,22033,30.544369761,-91.09188996
21,55.8,2,2,22051,29.782764094,-90.11817486
21,50.8,2,2,22071,30.037682279,-89.9121784
22,58.9,1,0,25001,41.668230593,-70.47811082
22,55.2,1,0,25003,42.369223163,-73.20131161
22,55.3,1,0,25005,41.7995024,-71.1185966
22,65.1,1,0,25007,41.382333371,-70.64469931
22,49.6,1,0,25009,42.66838126,-70.94759507
22,59.1,1,0,25011,42.580630736,-72.58646904
22,56.1,1,0,25013,42.134012982,-72.63012855
22,58.9,1,0,25015,42.340625854,-72.66388037
22,45.6,1,0,25017,42.482596436,-71.39362042
22,65.1,1,0,25019,41.282255231,-70.06280752
22,49.2,1,0,25021,42.154534592,-71.21812262
22,52.9,1,0,25023,41.946864978,-70.80607002
22,51.7,1,0,25025,42.330902906,-71.07241475
22,59,1,0,25027,42.346771342,-71.90722255
22,56.7,2,0,25001,41.668230593,-70.47811082
22,55.2,2,0,25003,42.369223163,-73.20131161
22,47.1,2,0,25005,41.7995024,-71.1185966
22,60.6,2,0,25007,41.382333371,-70.64469931
22,47.6,2,0,25009,42.66838126,-70.94759507
22,60.7,2,0,25011,42.580630736,-72.58646904
22,55.7,2,0,25013,42.134012982,-72.63012855
22,59.7,2,0,25015,42.340625854,-72.66388037
22,44.6,2,0,25017,42.482596436,-71.39362042
22,60.6,2,0,25019,41.282255231,-70.06280752
22,48.4,2,0,25021,42.154534592,-71.21812262
22,47.8,2,0,25023,41.946864978,-70.80607002
22,45.7,2,0,25025,42.330902906,-71.07241475
22,60.6,2,0,25027,42.346771342,-71.90722255
22,61.2,1,5,25001,41.668230593,-70.47811082
22,53.6,1,5,25003,42.369223163,-73.20131161
22,55.1,1,5,25005,41.7995024,-71.1185966
22,66.4,1,5,25007,41.382333371,-70.64469931
22,46.7,1,5,25009,42.66838126,-70.94759507
22,58.8,1,5,25011,42.580630736,-72.58646904
22,54.1,1,5,25013,42.134012982,-72.63012855
22,58,1,5,25015,42.340625854,-72.66388037
22,44.8,1,5,25017,42.482596436,-71.39362042
22,66.4,1,5,25019,41.282255231,-70.06280752
22,48.1,1,5,25021,42.154534592,-71.21812262
22,51.9,1,5,25023,41.946864978,-70.80607002
22,46.6,1,5,25025,42.330902906,-71.07241475
22,59.1,1,5,25027,42.346771342,-71.90722255
22,56.4,2,5,25001,41.668230593,-70.47811082
22,54.1,2,5,25003,42.369223163,-73.20131161
22,47,2,5,25005,41.7995024,-71.1185966
22,60.4,2,5,25007,41.382333371,-70.64469931
22,47.5,2,5,25009,42.66838126,-70.94759507
22,61.1,2,5,25011,42.580630736,-72.58646904
22,54.6,2,5,25013,42.134012982,-72.63012855
22,59.6,2,5,25015,42.340625854,-72.66388037
22,43.9,2,5,25017,42.482596436,-71.39362042
22,60.4,2,5,25019,41.282255231,-70.06280752
22,49,2,5,25021,42.154534592,-71.21812262
22,47.5,2,5,25023,41.946864978,-70.80607002
22,45.1,2,5,25025,42.330902906,-71.07241475
22,61.2,2,5,25027,42.346771342,-71.90722255
22,64.3,1,3,25001,41.668230593,-70.47811082
22,110.3,1,3,25003,42.369223163,-73.20131161
22,82.7,1,3,25005,41.7995024,-71.1185966
22,72,1,3,25009,42.66838126,-70.94759507
22,86.5,1,3,25013,42.134012982,-72.63012855
22,73.5,1,3,25015,42.340625854,-72.66388037
22,77,1,3,25017,42.482596436,-71.39362042
22,77,1,3,25021,42.154534592,-71.21812262
22,79.2,1,3,25023,41.946864978,-70.80607002
22,76.8,1,3,25025,42.330902906,-71.07241475
22,77.2,1,3,25027,42.346771342,-71.90722255
22,58,2,3,25001,41.668230593,-70.47811082
22,51.7,2,3,25003,42.369223163,-73.20131161
22,63.2,2,3,25005,41.7995024,-71.1185966
22,54.6,2,3,25009,42.66838126,-70.94759507
22,54.6,2,3,25013,42.134012982,-72.63012855
22,47.2,2,3,25015,42.340625854,-72.66388037
22,55.3,2,3,25017,42.482596436,-71.39362042
22,57.7,2,3,25021,42.154534592,-71.21812262
22,63.4,2,3,25023,41.946864978,-70.80607002
22,57.1,2,3,25025,42.330902906,-71.07241475
22,56.1,2,3,25027,42.346771342,-71.90722255
22,47,1,4,25003,42.369223163,-73.20131161
22,41.3,1,4,25005,41.7995024,-71.1185966
22,42.8,1,4,25009,42.66838126,-70.94759507
22,54.8,1,4,25013,42.134012982,-72.63012855
22,52.7,1,4,25015,42.340625854,-72.66388037
22,43.7,1,4,25017,42.482596436,-71.39362042
22,35.8,1,4,25021,42.154534592,-71.21812262
22,48.7,1,4,25023,41.946864978,-70.80607002
22,36.3,1,4,25025,42.330902906,-71.07241475
22,45.4,1,4,25027,42.346771342,-71.90722255
22,46.7,2,4,25003,42.369223163,-73.20131161
22,34.5,2,4,25005,41.7995024,-71.1185966
22,47,2,4,25009,42.66838126,-70.94759507
22,57,2,4,25013,42.134012982,-72.63012855
22,51,2,4,25015,42.340625854,-72.66388037
22,33.2,2,4,25017,42.482596436,-71.39362042
22,32.6,2,4,25021,42.154534592,-71.21812262
22,43.9,2,4,25023,41.946864978,-70.80607002
22,28.3,2,4,25025,42.330902906,-71.07241475
22,43,2,4,25027,42.346771342,-71.90722255
22,38.7,1,2,25005,41.7995024,-71.1185966
22,46.4,1,2,25009,42.66838126,-70.94759507
22,48.4,1,2,25013,42.134012982,-72.63012855
22,41.2,1,2,25017,42.482596436,-71.39362042
22,41.3,1,2,25021,42.154534592,-71.21812262
22,40.2,1,2,25023,41.946864978,-70.80607002
22,51.6,1,2,25025,42.330902906,-71.07241475
22,49.7,1,2,25027,42.346771342,-71.90722255
22,37.7,2,2,25005,41.7995024,-71.1185966
22,51,2,2,25009,42.66838126,-70.94759507
22,78.5,2,2,25011,42.580630736,-72.58646904
22,63.1,2,2,25013,42.134012982,-72.63012855
22,78.3,2,2,25015,42.340625854,-72.66388037
22,51.9,2,2,25017,42.482596436,-71.39362042
22,43.5,2,2,25021,42.154534592,-71.21812262
22,34.5,2,2,25023,41.946864978,-70.80607002
22,46.3,2,2,25025,42.330902906,-71.07241475
22,65.7,2,2,25027,42.346771342,-71.90722255
23,72.8,1,0,24001,39.622006813,-78.69805965
23,94.6,1,0,24003,38.998616114,-76.60831151
23,91.9,1,0,24005,39.466220476,-76.64934089
23,62.8,1,0,24009,38.547870953,-76.56882818
23,78.1,1,0,24011,38.87261771,-75.835574
23,88.5,1,0,24013,39.559562995,-77.02501112
23,104.1,1,0,24015,39.584845741,-75.94098599
23,57.6,1,0,24017,38.516117052,-76.99240245
23,95.9,1,0,24019,38.488805205,-75.99162278
23,66.2,1,0,24021,39.471464761,-77.39857422
23,69.5,1,0,24023,39.528104203,-79.274962
23,78.1,1,0,24025,39.567134627,-76.32399091
23,64.2,1,0,24027,39.246693989,-76.93071294
23,99,1,0,24029,39.261689017,-76.01065828
23,48.3,1,0,24031,39.135372339,-77.20017619
23,94.1,1,0,24033,38.829384738,-76.84981296
23,76.9,1,0,24035,39.083170542,-76.00659368
23,56.7,1,0,24037,38.304635189,-76.60756221
23,114.9,1,0,24039,38.134822649,-75.7131285
23,70,1,0,24041,38.775866562,-76.07403072
23,71.2,1,0,24043,39.603578289,-77.81415666
23,120.6,1,0,24045,38.375334313,-75.61828611
23,75.3,1,0,24047,38.221927101,-75.36704097
23,108.8,1,0,24510,39.305020346,-76.6172384
23,85.1,2,0,24001,39.622006813,-78.69805965
23,95.2,2,0,24003,38.998616114,-76.60831151
23,81.6,2,0,24005,39.466220476,-76.64934089
23,62.4,2,0,24009,38.547870953,-76.56882818
23,82.2,2,0,24011,38.87261771,-75.835574
23,84.4,2,0,24013,39.559562995,-77.02501112
23,100.9,2,0,24015,39.584845741,-75.94098599
23,56.5,2,0,24017,38.516117052,-76.99240245
23,95.8,2,0,24019,38.488805205,-75.99162278
23,66.9,2,0,24021,39.471464761,-77.39857422
23,68.8,2,0,24023,39.528104203,-79.274962
23,75.5,2,0,24025,39.567134627,-76.32399091
23,71.3,2,0,24027,39.246693989,-76.93071294
23,90.4,2,0,24029,39.261689017,-76.01065828
23,47.4,2,0,24031,39.135372339,-77.20017619
23,85,2,0,24033,38.829384738,-76.84981296
23,71.4,2,0,24035,39.083170542,-76.00659368
23,56.7,2,0,24037,38.304635189,-76.60756221
23,109,2,0,24039,38.134822649,-75.7131285
23,58.7,2,0,24041,38.775866562,-76.07403072
23,79.3,2,0,24043,39.603578289,-77.81415666
23,117.2,2,0,24045,38.375334313,-75.61828611
23,97.6,2,0,24047,38.221927101,-75.36704097
23,96.6,2,0,24510,39.305020346,-76.6172384
23,71.8,1,5,24001,39.622006813,-78.69805965
23,89.9,1,5,24003,38.998616114,-76.60831151
23,85.3,1,5,24005,39.466220476,-76.64934089
23,60.2,1,5,24009,38.547870953,-76.56882818
23,72.9,1,5,24011,38.87261771,-75.835574
23,88.4,1,5,24013,39.559562995,-77.02501112
23,97.8,1,5,24015,39.584845741,-75.94098599
23,47.9,1,5,24017,38.516117052,-76.99240245
23,95,1,5,24019,38.488805205,-75.99162278
23,63.9,1,5,24021,39.471464761,-77.39857422
23,70.2,1,5,24023,39.528104203,-79.274962
23,74.4,1,5,24025,39.567134627,-76.32399091
23,55.4,1,5,24027,39.246693989,-76.93071294
23,94.6,1,5,24029,39.261689017,-76.01065828
23,47.2,1,5,24031,39.135372339,-77.20017619
23,92,1,5,24033,38.829384738,-76.84981296
23,70.5,1,5,24035,39.083170542,-76.00659368
23,53.8,1,5,24037,38.304635189,-76.60756221
23,104.3,1,5,24039,38.134822649,-75.7131285
23,65.5,1,5,24041,38.775866562,-76.07403072
23,67.5,1,5,24043,39.603578289,-77.81415666
23,113.8,1,5,24045,38.375334313,-75.61828611
23,71,1,5,24047,38.221927101,-75.36704097
23,88.2,1,5,24510,39.305020346,-76.6172384
23,82.3,2,5,24001,39.622006813,-78.69805965
23,94.4,2,5,24003,38.998616114,-76.60831151
23,78.8,2,5,24005,39.466220476,-76.64934089
23,55.2,2,5,24009,38.547870953,-76.56882818
23,73.3,2,5,24011,38.87261771,-75.835574
23,87.2,2,5,24013,39.559562995,-77.02501112
23,100.4,2,5,24015,39.584845741,-75.94098599
23,53.7,2,5,24017,38.516117052,-76.99240245
23,88.6,2,5,24019,38.488805205,-75.99162278
23,68.6,2,5,24021,39.471464761,-77.39857422
23,68.6,2,5,24023,39.528104203,-79.274962
23,72.8,2,5,24025,39.567134627,-76.32399091
23,74.7,2,5,24027,39.246693989,-76.93071294
23,88.9,2,5,24029,39.261689017,-76.01065828
23,45,2,5,24031,39.135372339,-77.20017619
23,78.4,2,5,24033,38.829384738,-76.84981296
23,66.9,2,5,24035,39.083170542,-76.00659368
23,53.9,2,5,24037,38.304635189,-76.60756221
23,109.5,2,5,24039,38.134822649,-75.7131285
23,56.4,2,5,24041,38.775866562,-76.07403072
23,80.4,2,5,24043,39.603578289,-77.81415666
23,110.6,2,5,24045,38.375334313,-75.61828611
23,100.5,2,5,24047,38.221927101,-75.36704097
23,84.7,2,5,24510,39.305020346,-76.6172384
23,136.5,1,3,24001,39.622006813,-78.69805965
23,127.6,1,3,24003,38.998616114,-76.60831151
23,130.6,1,3,24005,39.466220476,-76.64934089
23,95.1,1,3,24009,38.547870953,-76.56882818
23,128.2,1,3,24011,38.87261771,-75.835574
23,119.1,1,3,24013,39.559562995,-77.02501112
23,149.8,1,3,24015,39.584845741,-75.94098599
23,88.8,1,3,24017,38.516117052,-76.99240245
23,143.7,1,3,24019,38.488805205,-75.99162278
23,134,1,3,24021,39.471464761,-77.39857422
23,120.8,1,3,24025,39.567134627,-76.32399091
23,111.4,1,3,24027,39.246693989,-76.93071294
23,135.3,1,3,24029,39.261689017,-76.01065828
23,71,1,3,24031,39.135372339,-77.20017619
23,97.3,1,3,24033,38.829384738,-76.84981296
23,117.9,1,3,24035,39.083170542,-76.00659368
23,81.7,1,3,24037,38.304635189,-76.60756221
23,159.3,1,3,24039,38.134822649,-75.7131285
23,174.3,1,3,24043,39.603578289,-77.81415666
23,148.8,1,3,24045,38.375334313,-75.61828611
23,159.9,1,3,24047,38.221927101,-75.36704097
23,131.6,1,3,24510,39.305020346,-76.6172384
23,99.6,2,3,24003,38.998616114,-76.60831151
23,105.6,2,3,24005,39.466220476,-76.64934089
23,87.8,2,3,24009,38.547870953,-76.56882818
23,109.9,2,3,24011,38.87261771,-75.835574
23,83,2,3,24013,39.559562995,-77.02501112
23,104.6,2,3,24015,39.584845741,-75.94098599
23,85,2,3,24017,38.516117052,-76.99240245
23,114.2,2,3,24019,38.488805205,-75.99162278
23,69,2,3,24021,39.471464761,-77.39857422
23,110.7,2,3,24025,39.567134627,-76.32399091
23,84.3,2,3,24027,39.246693989,-76.93071294
23,100.6,2,3,24029,39.261689017,-76.01065828
23,79.2,2,3,24031,39.135372339,-77.20017619
23,86.9,2,3,24033,38.829384738,-76.84981296
23,111.4,2,3,24035,39.083170542,-76.00659368
23,70.6,2,3,24037,38.304635189,-76.60756221
23,119.2,2,3,24039,38.134822649,-75.7131285
23,131.4,2,3,24041,38.775866562,-76.07403072
23,69.3,2,3,24043,39.603578289,-77.81415666
23,115.6,2,3,24045,38.375334313,-75.61828611
23,97.7,2,3,24047,38.221927101,-75.36704097
23,107,2,3,24510,39.305020346,-76.6172384
23,32.4,1,4,24003,38.998616114,-76.60831151
23,42.6,1,4,24005,39.466220476,-76.64934089
23,52.5,1,4,24009,38.547870953,-76.56882818
23,24.8,1,4,24013,39.559562995,-77.02501112
23,83.3,1,4,24015,39.584845741,-75.94098599
23,38.2,1,4,24017,38.516117052,-76.99240245
23,9,1,4,24021,39.471464761,-77.39857422
23,60.8,1,4,24025,39.567134627,-76.32399091
23,18.9,1,4,24027,39.246693989,-76.93071294
23,92.5,1,4,24029,39.261689017,-76.01065828
23,37.9,1,4,24031,39.135372339,-77.20017619
23,74.6,1,4,24033,38.829384738,-76.84981296
23,32.5,1,4,24510,39.305020346,-76.6172384
23,53.3,2,4,24003,38.998616114,-76.60831151
23,32.3,2,4,24005,39.466220476,-76.64934089
23,58.9,2,4,24009,38.547870953,-76.56882818
23,32.4,2,4,24013,39.559562995,-77.02501112
23,79.5,2,4,24015,39.584845741,-75.94098599
23,46.7,2,4,24017,38.516117052,-76.99240245
23,55.6,2,4,24021,39.471464761,-77.39857422
23,64.4,2,4,24025,39.567134627,-76.32399091
23,45.2,2,4,24027,39.246693989,-76.93071294
23,36.3,2,4,24031,39.135372339,-77.20017619
23,57.4,2,4,24033,38.829384738,-76.84981296
23,32.8,2,4,24510,39.305020346,-76.6172384
23,64.3,1,2,24003,38.998616114,-76.60831151
23,60,1,2,24005,39.466220476,-76.64934089
23,49.4,1,2,24009,38.547870953,-76.56882818
23,42.6,1,2,24013,39.559562995,-77.02501112
23,65.7,1,2,24015,39.584845741,-75.94098599
23,47.4,1,2,24017,38.516117052,-76.99240245
23,66.3,1,2,24021,39.471464761,-77.39857422
23,62.4,1,2,24025,39.567134627,-76.32399091
23,61.8,1,2,24027,39.246693989,-76.93071294
23,37.4,1,2,24031,39.135372339,-77.20017619
23,41.8,1,2,24033,38.829384738,-76.84981296
23,52.6,1,2,24510,39.305020346,-76.6172384
23,62,2,2,24003,38.998616114,-76.60831151
23,49.7,2,2,24005,39.466220476,-76.64934089
23,69.1,2,2,24009,38.547870953,-76.56882818
23,42.5,2,2,24013,39.559562995,-77.02501112
23,57.8,2,2,24015,39.584845741,-75.94098599
23,44.7,2,2,24017,38.516117052,-76.99240245
23,46.2,2,2,24021,39.471464761,-77.39857422
23,40.7,2,2,24025,39.567134627,-76.32399091
23,46.1,2,2,24027,39.246693989,-76.93071294
23,42.9,2,2,24031,39.135372339,-77.20017619
23,57.5,2,2,24033,38.829384738,-76.84981296
23,48.4,2,2,24043,39.603578289,-77.81415666
23,60.3,2,2,24510,39.305020346,-76.6172384
24,68.2,1,0,23001,44.169802597,-70.19843188
24,56.8,1,0,23003,46.655203843,-68.5951083
24,60.8,1,0,23005,43.853400198,-70.40852025
24,68.6,1,0,23007,44.973283301,-70.44565381
24,61.9,1,0,23009,44.704914395,-68.33959514
24,81.7,1,0,23011,44.410121883,-69.76531163
24,58.2,1,0,23013,44.166800486,-69.22590964
24,69.2,1,0,23015,44.086292415,-69.53269998
24,61.7,1,0,23017,44.498121797,-70.75319259
24,58.2,1,0,23019,45.401854147,-68.64966839
24,56.4,1,0,23021,45.837199612,-69.28274884
24,68.5,1,0,23023,43.989756475,-69.86331466
24,52.3,1,0,23025,45.510522111,-69.95630398
24,61.3,1,0,23027,44.507429168,-69.15332029
24,61.1,1,0,23029,45.046735673,-67.63733336
24,60.5,1,0,23031,43.485684058,-70.7118478
24,81.7,2,0,23001,44.169802597,-70.19843188
24,69.2,2,0,23003,46.655203843,-68.5951083
24,54.9,2,0,23005,43.853400198,-70.40852025
24,81.5,2,0,23007,44.973283301,-70.44565381
24,69.6,2,0,23009,44.704914395,-68.33959514
24,86.9,2,0,23011,44.410121883,-69.76531163
24,81.8,2,0,23013,44.166800486,-69.22590964
24,85.4,2,0,23015,44.086292415,-69.53269998
24,60.4,2,0,23017,44.498121797,-70.75319259
24,70.1,2,0,23019,45.401854147,-68.64966839
24,69.3,2,0,23021,45.837199612,-69.28274884
24,78.8,2,0,23023,43.989756475,-69.86331466
24,77,2,0,23025,45.510522111,-69.95630398
24,78.1,2,0,23027,44.507429168,-69.15332029
24,66.7,2,0,23029,45.046735673,-67.63733336
24,55.8,2,0,23031,43.485684058,-70.7118478
24,67.8,1,5,23001,44.169802597,-70.19843188
24,56.3,1,5,23003,46.655203843,-68.5951083
24,60,1,5,23005,43.853400198,-70.40852025
24,68.9,1,5,23007,44.973283301,-70.44565381
24,62.3,1,5,23009,44.704914395,-68.33959514
24,81.2,1,5,23011,44.410121883,-69.76531163
24,58.5,1,5,23013,44.166800486,-69.22590964
24,69.5,1,5,23015,44.086292415,-69.53269998
24,61.1,1,5,23017,44.498121797,-70.75319259
24,58.1,1,5,23019,45.401854147,-68.64966839
24,55.8,1,5,23021,45.837199612,-69.28274884
24,68,1,5,23023,43.989756475,-69.86331466
24,50.9,1,5,23025,45.510522111,-69.95630398
24,61.4,1,5,23027,44.507429168,-69.15332029
24,61.1,1,5,23029,45.046735673,-67.63733336
24,59.6,1,5,23031,43.485684058,-70.7118478
24,80.4,2,5,23001,44.169802597,-70.19843188
24,70,2,5,23003,46.655203843,-68.5951083
24,55,2,5,23005,43.853400198,-70.40852025
24,81.6,2,5,23007,44.973283301,-70.44565381
24,70.1,2,5,23009,44.704914395,-68.33959514
24,86.9,2,5,23011,44.410121883,-69.76531163
24,82.6,2,5,23013,44.166800486,-69.22590964
24,85.5,2,5,23015,44.086292415,-69.53269998
24,60.8,2,5,23017,44.498121797,-70.75319259
24,70.9,2,5,23019,45.401854147,-68.64966839
24,69.9,2,5,23021,45.837199612,-69.28274884
24,77.6,2,5,23023,43.989756475,-69.86331466
24,77.5,2,5,23025,45.510522111,-69.95630398
24,78.3,2,5,23027,44.507429168,-69.15332029
24,67.4,2,5,23029,45.046735673,-67.63733336
24,55.8,2,5,23031,43.485684058,-70.7118478
24,256.5,1,3,23005,43.853400198,-70.40852025
24,86.1,2,2,23005,43.853400198,-70.40852025
25,91.8,1,0,26001,44.685802506,-83.59411275
25,69.1,1,0,26003,46.412118988,-86.59408111
25,69.7,1,0,26005,42.594769878,-85.90078548
25,101.2,1,0,26007,45.036165426,-83.63634939
25,93.9,1,0,26009,45.00210212,-85.15039061
25,68.4,1,0,26011,44.069821074,-83.89373841
25,83.7,1,0,26013,46.662955042,-88.36173412
25,73.9,1,0,26015,42.599208551,-85.31170536
25,68.6,1,0,26017,43.711345732,-83.99334156
25,76.4,1,0,26019,44.639742029,-86.01977803
25,90.7,1,0,26021,41.961615081,-86.42345143
25,75.9,1,0,26023,41.918570466,-85.06396758
25,93.4,1,0,26025,42.250040922,-85.01232274
25,87.8,1,0,26027,41.919159818,-85.99836805
25,90.4,1,0,26029,45.225208311,-85.03986242
25,92.3,1,0,26031,45.447742179,-84.49714575
25,66.7,1,0,26033,46.302927161,-84.62052665
25,86.5,1,0,26035,43.992905846,-84.85147945
25,60.7,1,0,26037,42.949420429,-84.60356503
25,72.1,1,0,26039,44.686090605,-84.61436223
25,68,1,0,26041,45.918797388,-86.91698245
25,67.6,1,0,26043,46.010600612,-87.86564363
25,56.5,1,0,26045,42.599297762,-84.84247336
25,94.8,1,0,26047,45.522832604,-84.88894921
25,108.5,1,0,26049,43.025691305,-83.70818749
25,85.4,1,0,26051,43.996261291,-84.38958623
25,69.2,1,0,26053,46.41116402,-89.68456414
25,108,1,0,26055,44.658143709,-85.56277572
25,73.8,1,0,26057,43.298669235,-84.60623133
25,62.1,1,0,26059,41.891444919,-84.59419909
25,91.3,1,0,26061,46.890606429,-88.69061731
25,61,1,0,26063,43.837179199,-83.01966965
25,70.8,1,0,26065,42.600934908,-84.37607663
25,66.3,1,0,26067,42.95007804,-85.07651432
25,79.6,1,0,26069,44.360055356,-83.64122209
25,75.1,1,0,26071,46.211833625,-88.52486376
25,105,1,0,26073,43.643639133,-84.85039155
25,65.1,1,0,26075,42.251789482,-84.4280505
25,79,1,0,26077,42.250527484,-85.53366874
25,83.2,1,0,26079,44.686344479,-85.09340728
25,60.2,1,0,26081,43.035619387,-85.55302936
25,92.9,1,0,26083,47.359557961,-88.11830262
25,86,1,0,26085,43.993530514,-85.80331803
25,80.4,1,0,26087,43.094119083,-83.22022676
25,67.8,1,0,26089,44.910438792,-85.80711292
25,75.3,1,0,26091,41.894906946,-84.06594345
25,61.4,1,0,26093,42.606651095,-83.91313
25,68.1,1,0,26095,46.472868112,-85.53870675
25,68.7,1,0,26097,46.095900322,-85.11763571
25,72.1,1,0,26099,42.701193062,-82.93262654
25,91,1,0,26101,44.337811848,-86.05883674
25,72.5,1,0,26103,46.432111469,-87.63610195
25,90.7,1,0,26105,43.998884826,-86.25166479
25,72.2,1,0,26107,43.643019331,-85.32691768
25,65.9,1,0,26109,45.585207945,-87.55338216
25,70.1,1,0,26111,43.650111418,-84.39118996
25,121.7,1,0,26113,44.341884487,-85.09381134
25,73.1,1,0,26115,41.925418493,-83.53755887
25,76.8,1,0,26117,43.315736463,-85.15394338
25,98.8,1,0,26119,45.030490752,-84.12713277
25,81.5,1,0,26121,43.293389086,-86.14865031
25,84.7,1,0,26123,43.557335614,-85.80151968
25,80,1,0,26125,42.664734218,-83.38719143
25,90.7,1,0,26127,43.642551279,-86.26524979
25,68.2,1,0,26129,44.339963131,-84.1298429
25,88.3,1,0,26131,46.668273183,-89.3090728
25,92.1,1,0,26133,43.992622219,-85.32761109
25,104.8,1,0,26135,44.683696169,-84.13190125
25,93.3,1,0,26137,45.024230427,-84.60195215
25,66.1,1,0,26139,42.963040803,-86.0081737
25,103.3,1,0,26141,45.343322718,-83.9200339
25,45.9,1,0,26143,44.339874255,-84.61479842
25,72.1,1,0,26145,43.339016615,-84.05201293
25,68.8,1,0,26147,42.95388581,-82.68435587
25,81.5,1,0,26149,41.918387181,-85.53221503
25,69.3,1,0,26151,43.428666047,-82.81942355
25,63.8,1,0,26153,46.198698746,-86.19305861
25,103.5,1,0,26155,42.956313208,-84.14850228
25,74.8,1,0,26157,43.469797186,-83.41706388
25,87,1,0,26159,42.255405244,-86.02596522
25,74.6,1,0,26161,42.257670524,-83.84246757
25,79.8,1,0,26163,42.289268625,-83.29129712
25,108.6,1,0,26165,44.341027354,-85.5780983
25,92.3,2,0,26001,44.685802506,-83.59411275
25,69,2,0,26003,46.412118988,-86.59408111
25,64.3,2,0,26005,42.594769878,-85.90078548
25,89,2,0,26007,45.036165426,-83.63634939
25,72.4,2,0,26009,45.00210212,-85.15039061
25,66.3,2,0,26011,44.069821074,-83.89373841
25,66.8,2,0,26013,46.662955042,-88.36173412
25,70.2,2,0,26015,42.599208551,-85.31170536
25,64.1,2,0,26017,43.711345732,-83.99334156
25,79.9,2,0,26019,44.639742029,-86.01977803
25,92.7,2,0,26021,41.961615081,-86.42345143
25,76.8,2,0,26023,41.918570466,-85.06396758
25,83.6,2,0,26025,42.250040922,-85.01232274
25,77.6,2,0,26027,41.919159818,-85.99836805
25,76.6,2,0,26029,45.225208311,-85.03986242
25,79.4,2,0,26031,45.447742179,-84.49714575
25,68.7,2,0,26033,46.302927161,-84.62052665
25,94.4,2,0,26035,43.992905846,-84.85147945
25,63.6,2,0,26037,42.949420429,-84.60356503
25,81.1,2,0,26039,44.686090605,-84.61436223
25,64.1,2,0,26041,45.918797388,-86.91698245
25,76.1,2,0,26043,46.010600612,-87.86564363
25,73.4,2,0,26045,42.599297762,-84.84247336
25,78.4,2,0,26047,45.522832604,-84.88894921
25,104.3,2,0,26049,43.025691305,-83.70818749
25,87.8,2,0,26051,43.996261291,-84.38958623
25,80.3,2,0,26053,46.41116402,-89.68456414
25,79.1,2,0,26055,44.658143709,-85.56277572
25,90.1,2,0,26057,43.298669235,-84.60623133
25,72.7,2,0,26059,41.891444919,-84.59419909
25,70.8,2,0,26061,46.890606429,-88.69061731
25,59.1,2,0,26063,43.837179199,-83.01966965
25,69,2,0,26065,42.600934908,-84.37607663
25,68,2,0,26067,42.95007804,-85.07651432
25,78.8,2,0,26069,44.360055356,-83.64122209
25,74,2,0,26071,46.211833625,-88.52486376
25,91.1,2,0,26073,43.643639133,-84.85039155
25,71.7,2,0,26075,42.251789482,-84.4280505
25,59.5,2,0,26077,42.250527484,-85.53366874
25,87.6,2,0,26079,44.686344479,-85.09340728
25,68.9,2,0,26081,43.035619387,-85.55302936
25,64.4,2,0,26083,47.359557961,-88.11830262
25,86.7,2,0,26085,43.993530514,-85.80331803
25,87.7,2,0,26087,43.094119083,-83.22022676
25,75.3,2,0,26089,44.910438792,-85.80711292
25,65.8,2,0,26091,41.894906946,-84.06594345
25,73.5,2,0,26093,42.606651095,-83.91313
25,68.4,2,0,26095,46.472868112,-85.53870675
25,71.4,2,0,26097,46.095900322,-85.11763571
25,71.8,2,0,26099,42.701193062,-82.93262654
25,82.1,2,0,26101,44.337811848,-86.05883674
25,69.3,2,0,26103,46.432111469,-87.63610195
25,81.5,2,0,26105,43.998884826,-86.25166479
25,90.6,2,0,26107,43.643019331,-85.32691768
25,64.6,2,0,26109,45.585207945,-87.55338216
25,80.8,2,0,26111,43.650111418,-84.39118996
25,99.7,2,0,26113,44.341884487,-85.09381134
25,66.1,2,0,26115,41.925418493,-83.53755887
25,73.7,2,0,26117,43.315736463,-85.15394338
25,95.1,2,0,26119,45.030490752,-84.12713277
25,69.8,2,0,26121,43.293389086,-86.14865031
25,73.2,2,0,26123,43.557335614,-85.80151968
25,77.2,2,0,26125,42.664734218,-83.38719143
25,79.8,2,0,26127,43.642551279,-86.26524979
25,80.3,2,0,26129,44.339963131,-84.1298429
25,79.8,2,0,26131,46.668273183,-89.3090728
25,98,2,0,26133,43.992622219,-85.32761109
25,89.5,2,0,26135,44.683696169,-84.13190125
25,102.5,2,0,26137,45.024230427,-84.60195215
25,67.6,2,0,26139,42.963040803,-86.0081737
25,83.1,2,0,26141,45.343322718,-83.9200339
25,82.4,2,0,26143,44.339874255,-84.61479842
25,78.1,2,0,26145,43.339016615,-84.05201293
25,71.8,2,0,26147,42.95388581,-82.68435587
25,91.9,2,0,26149,41.918387181,-85.53221503
25,71,2,0,26151,43.428666047,-82.81942355
25,63.9,2,0,26153,46.198698746,-86.19305861
25,109.1,2,0,26155,42.956313208,-84.14850228
25,67.7,2,0,26157,43.469797186,-83.41706388
25,68.8,2,0,26159,42.255405244,-86.02596522
25,72.4,2,0,26161,42.257670524,-83.84246757
25,75.3,2,0,26163,42.289268625,-83.29129712
25,92.1,2,0,26165,44.341027354,-85.5780983
25,93.7,1,5,26001,44.685802506,-83.59411275
25,70.4,1,5,26003,46.412118988,-86.59408111
25,68.3,1,5,26005,42.594769878,-85.90078548
25,103,1,5,26007,45.036165426,-83.63634939
25,95.5,1,5,26009,45.00210212,-85.15039061
25,68.5,1,5,26011,44.069821074,-83.89373841
25,85.6,1,5,26013,46.662955042,-88.36173412
25,72.5,1,5,26015,42.599208551,-85.31170536
25,65.8,1,5,26017,43.711345732,-83.99334156
25,74.7,1,5,26019,44.639742029,-86.01977803
25,86.1,1,5,26021,41.961615081,-86.42345143
25,72.7,1,5,26023,41.918570466,-85.06396758
25,84.4,1,5,26025,42.250040922,-85.01232274
25,82.2,1,5,26027,41.919159818,-85.99836805
25,90.8,1,5,26029,45.225208311,-85.03986242
25,93.3,1,5,26031,45.447742179,-84.49714575
25,69,1,5,26033,46.302927161,-84.62052665
25,88.3,1,5,26035,43.992905846,-84.85147945
25,58.9,1,5,26037,42.949420429,-84.60356503
25,73.9,1,5,26039,44.686090605,-84.61436223
25,68.8,1,5,26041,45.918797388,-86.91698245
25,68.5,1,5,26043,46.010600612,-87.86564363
25,55.4,1,5,26045,42.599297762,-84.84247336
25,95.2,1,5,26047,45.522832604,-84.88894921
25,102.3,1,5,26049,43.025691305,-83.70818749
25,86.7,1,5,26051,43.996261291,-84.38958623
25,70.8,1,5,26053,46.41116402,-89.68456414
25,110,1,5,26055,44.658143709,-85.56277572
25,74,1,5,26057,43.298669235,-84.60623133
25,62.8,1,5,26059,41.891444919,-84.59419909
25,91.9,1,5,26061,46.890606429,-88.69061731
25,59.3,1,5,26063,43.837179199,-83.01966965
25,70.5,1,5,26065,42.600934908,-84.37607663
25,67.3,1,5,26067,42.95007804,-85.07651432
25,81.5,1,5,26069,44.360055356,-83.64122209
25,77.3,1,5,26071,46.211833625,-88.52486376
25,104.3,1,5,26073,43.643639133,-84.85039155
25,61.2,1,5,26075,42.251789482,-84.4280505
25,73.5,1,5,26077,42.250527484,-85.53366874
25,84.9,1,5,26079,44.686344479,-85.09340728
25,60.2,1,5,26081,43.035619387,-85.55302936
25,93.7,1,5,26083,47.359557961,-88.11830262
25,87.4,1,5,26085,43.993530514,-85.80331803
25,80,1,5,26087,43.094119083,-83.22022676
25,66.7,1,5,26089,44.910438792,-85.80711292
25,74.1,1,5,26091,41.894906946,-84.06594345
25,61.9,1,5,26093,42.606651095,-83.91313
25,69.7,1,5,26095,46.472868112,-85.53870675
25,71.7,1,5,26097,46.095900322,-85.11763571
25,69,1,5,26099,42.701193062,-82.93262654
25,89.2,1,5,26101,44.337811848,-86.05883674
25,73,1,5,26103,46.432111469,-87.63610195
25,91.3,1,5,26105,43.998884826,-86.25166479
25,74.6,1,5,26107,43.643019331,-85.32691768
25,66.3,1,5,26109,45.585207945,-87.55338216
25,70.4,1,5,26111,43.650111418,-84.39118996
25,120,1,5,26113,44.341884487,-85.09381134
25,66.3,1,5,26115,41.925418493,-83.53755887
25,79.2,1,5,26117,43.315736463,-85.15394338
25,99.6,1,5,26119,45.030490752,-84.12713277
25,80.5,1,5,26121,43.293389086,-86.14865031
25,86.2,1,5,26123,43.557335614,-85.80151968
25,77.3,1,5,26125,42.664734218,-83.38719143
25,91.4,1,5,26127,43.642551279,-86.26524979
25,69.8,1,5,26129,44.339963131,-84.1298429
25,90.9,1,5,26131,46.668273183,-89.3090728
25,94.6,1,5,26133,43.992622219,-85.32761109
25,107,1,5,26135,44.683696169,-84.13190125
25,94.9,1,5,26137,45.024230427,-84.60195215
25,65.1,1,5,26139,42.963040803,-86.0081737
25,103.8,1,5,26141,45.343322718,-83.9200339
25,47.9,1,5,26143,44.339874255,-84.61479842
25,65,1,5,26145,43.339016615,-84.05201293
25,67.4,1,5,26147,42.95388581,-82.68435587
25,77.3,1,5,26149,41.918387181,-85.53221503
25,68.1,1,5,26151,43.428666047,-82.81942355
25,62.6,1,5,26153,46.198698746,-86.19305861
25,100.5,1,5,26155,42.956313208,-84.14850228
25,73.6,1,5,26157,43.469797186,-83.41706388
25,81.5,1,5,26159,42.255405244,-86.02596522
25,70.2,1,5,26161,42.257670524,-83.84246757
25,69.2,1,5,26163,42.289268625,-83.29129712
25,110.6,1,5,26165,44.341027354,-85.5780983
25,93.8,2,5,26001,44.685802506,-83.59411275
25,70.4,2,5,26003,46.412118988,-86.59408111
25,64,2,5,26005,42.594769878,-85.90078548
25,89.9,2,5,26007,45.036165426,-83.63634939
25,71.4,2,5,26009,45.00210212,-85.15039061
25,66.9,2,5,26011,44.069821074,-83.89373841
25,66.6,2,5,26013,46.662955042,-88.36173412
25,69,2,5,26015,42.599208551,-85.31170536
25,62.5,2,5,26017,43.711345732,-83.99334156
25,80.2,2,5,26019,44.639742029,-86.01977803
25,90.6,2,5,26021,41.961615081,-86.42345143
25,77.5,2,5,26023,41.918570466,-85.06396758
25,80,2,5,26025,42.250040922,-85.01232274
25,74,2,5,26027,41.919159818,-85.99836805
25,77.2,2,5,26029,45.225208311,-85.03986242
25,78.1,2,5,26031,45.447742179,-84.49714575
25,74.3,2,5,26033,46.302927161,-84.62052665
25,94.4,2,5,26035,43.992905846,-84.85147945
25,62.1,2,5,26037,42.949420429,-84.60356503
25,82.7,2,5,26039,44.686090605,-84.61436223
25,65.3,2,5,26041,45.918797388,-86.91698245
25,75.1,2,5,26043,46.010600612,-87.86564363
25,71.8,2,5,26045,42.599297762,-84.84247336
25,79.4,2,5,26047,45.522832604,-84.88894921
25,96.1,2,5,26049,43.025691305,-83.70818749
25,89.1,2,5,26051,43.996261291,-84.38958623
25,81.9,2,5,26053,46.41116402,-89.68456414
25,79.6,2,5,26055,44.658143709,-85.56277572
25,92.6,2,5,26057,43.298669235,-84.60623133
25,71.4,2,5,26059,41.891444919,-84.59419909
25,71.7,2,5,26061,46.890606429,-88.69061731
25,58.6,2,5,26063,43.837179199,-83.01966965
25,67.1,2,5,26065,42.600934908,-84.37607663
25,68.4,2,5,26067,42.95007804,-85.07651432
25,80.6,2,5,26069,44.360055356,-83.64122209
25,74.1,2,5,26071,46.211833625,-88.52486376
25,91.7,2,5,26073,43.643639133,-84.85039155
25,71.2,2,5,26075,42.251789482,-84.4280505
25,58.5,2,5,26077,42.250527484,-85.53366874
25,88.9,2,5,26079,44.686344479,-85.09340728
25,68.5,2,5,26081,43.035619387,-85.55302936
25,66.2,2,5,26083,47.359557961,-88.11830262
25,87.5,2,5,26085,43.993530514,-85.80331803
25,85.4,2,5,26087,43.094119083,-83.22022676
25,75.9,2,5,26089,44.910438792,-85.80711292
25,68.2,2,5,26091,41.894906946,-84.06594345
25,73.1,2,5,26093,42.606651095,-83.91313
25,72.7,2,5,26095,46.472868112,-85.53870675
25,76.2,2,5,26097,46.095900322,-85.11763571
25,69,2,5,26099,42.701193062,-82.93262654
25,82.3,2,5,26101,44.337811848,-86.05883674
25,69.9,2,5,26103,46.432111469,-87.63610195
25,83,2,5,26105,43.998884826,-86.25166479
25,90.4,2,5,26107,43.643019331,-85.32691768
25,64.7,2,5,26109,45.585207945,-87.55338216
25,82.1,2,5,26111,43.650111418,-84.39118996
25,96.5,2,5,26113,44.341884487,-85.09381134
25,65.2,2,5,26115,41.925418493,-83.53755887
25,73.7,2,5,26117,43.315736463,-85.15394338
25,97.9,2,5,26119,45.030490752,-84.12713277
25,68.2,2,5,26121,43.293389086,-86.14865031
25,73.4,2,5,26123,43.557335614,-85.80151968
25,75.5,2,5,26125,42.664734218,-83.38719143
25,78.3,2,5,26127,43.642551279,-86.26524979
25,82.2,2,5,26129,44.339963131,-84.1298429
25,81,2,5,26131,46.668273183,-89.3090728
25,97.9,2,5,26133,43.992622219,-85.32761109
25,91.1,2,5,26135,44.683696169,-84.13190125
25,106.5,2,5,26137,45.024230427,-84.60195215
25,66.2,2,5,26139,42.963040803,-86.0081737
25,82.6,2,5,26141,45.343322718,-83.9200339
25,87.1,2,5,26143,44.339874255,-84.61479842
25,73.7,2,5,26145,43.339016615,-84.05201293
25,71.9,2,5,26147,42.95388581,-82.68435587
25,90.4,2,5,26149,41.918387181,-85.53221503
25,71,2,5,26151,43.428666047,-82.81942355
25,67.1,2,5,26153,46.198698746,-86.19305861
25,108.2,2,5,26155,42.956313208,-84.14850228
25,66.4,2,5,26157,43.469797186,-83.41706388
25,68.6,2,5,26159,42.255405244,-86.02596522
25,70.7,2,5,26161,42.257670524,-83.84246757
25,70,2,5,26163,42.289268625,-83.29129712
25,91,2,5,26165,44.341027354,-85.5780983
25,130.1,1,3,26005,42.594769878,-85.90078548
25,116.3,1,3,26015,42.599208551,-85.31170536
25,288,1,3,26017,43.711345732,-83.99334156
25,169.5,1,3,26021,41.961615081,-86.42345143
25,140.9,1,3,26023,41.918570466,-85.06396758
25,130.2,1,3,26025,42.250040922,-85.01232274
25,172.1,1,3,26027,41.919159818,-85.99836805
25,95,1,3,26045,42.599297762,-84.84247336
25,132.2,1,3,26049,43.025691305,-83.70818749
25,115.2,1,3,26057,43.298669235,-84.60623133
25,113.4,1,3,26059,41.891444919,-84.59419909
25,81,1,3,26065,42.600934908,-84.37607663
25,103.1,1,3,26067,42.95007804,-85.07651432
25,113.4,1,3,26075,42.251789482,-84.4280505
25,152.4,1,3,26077,42.250527484,-85.53366874
25,90,1,3,26081,43.035619387,-85.55302936
25,125.6,1,3,26087,43.094119083,-83.22022676
25,111.4,1,3,26091,41.894906946,-84.06594345
25,116.1,1,3,26093,42.606651095,-83.91313
25,108.3,1,3,26099,42.701193062,-82.93262654
25,95.3,1,3,26111,43.650111418,-84.39118996
25,105.3,1,3,26115,41.925418493,-83.53755887
25,87.7,1,3,26117,43.315736463,-85.15394338
25,92.5,1,3,26121,43.293389086,-86.14865031
25,85.8,1,3,26123,43.557335614,-85.80151968
25,113,1,3,26125,42.664734218,-83.38719143
25,94.3,1,3,26139,42.963040803,-86.0081737
25,111.1,1,3,26145,43.339016615,-84.05201293
25,125.6,1,3,26147,42.95388581,-82.68435587
25,149.1,1,3,26149,41.918387181,-85.53221503
25,116.8,1,3,26155,42.956313208,-84.14850228
25,140.6,1,3,26157,43.469797186,-83.41706388
25,174.5,1,3,26159,42.255405244,-86.02596522
25,111.1,1,3,26161,42.257670524,-83.84246757
25,107.5,1,3,26163,42.289268625,-83.29129712
25,84.7,2,3,26005,42.594769878,-85.90078548
25,95,2,3,26015,42.599208551,-85.31170536
25,114.5,2,3,26017,43.711345732,-83.99334156
25,110.3,2,3,26021,41.961615081,-86.42345143
25,101.3,2,3,26023,41.918570466,-85.06396758
25,96.5,2,3,26025,42.250040922,-85.01232274
25,108.5,2,3,26027,41.919159818,-85.99836805
25,98.1,2,3,26037,42.949420429,-84.60356503
25,104.7,2,3,26045,42.599297762,-84.84247336
25,141,2,3,26049,43.025691305,-83.70818749
25,114.4,2,3,26057,43.298669235,-84.60623133
25,111.7,2,3,26059,41.891444919,-84.59419909
25,85.4,2,3,26065,42.600934908,-84.37607663
25,90.2,2,3,26067,42.95007804,-85.07651432
25,90.2,2,3,26075,42.251789482,-84.4280505
25,101.8,2,3,26077,42.250527484,-85.53366874
25,90.1,2,3,26081,43.035619387,-85.55302936
25,102,2,3,26087,43.094119083,-83.22022676
25,101.3,2,3,26091,41.894906946,-84.06594345
25,98.7,2,3,26093,42.606651095,-83.91313
25,89.6,2,3,26099,42.701193062,-82.93262654
25,110.8,2,3,26111,43.650111418,-84.39118996
25,90.1,2,3,26115,41.925418493,-83.53755887
25,90.7,2,3,26117,43.315736463,-85.15394338
25,92.7,2,3,26121,43.293389086,-86.14865031
25,97,2,3,26123,43.557335614,-85.80151968
25,91.4,2,3,26125,42.664734218,-83.38719143
25,108.6,2,3,26127,43.642551279,-86.26524979
25,91.4,2,3,26139,42.963040803,-86.0081737
25,140,2,3,26145,43.339016615,-84.05201293
25,91,2,3,26147,42.95388581,-82.68435587
25,101,2,3,26149,41.918387181,-85.53221503
25,132.8,2,3,26155,42.956313208,-84.14850228
25,139.4,2,3,26157,43.469797186,-83.41706388
25,94.2,2,3,26159,42.255405244,-86.02596522
25,88.7,2,3,26161,42.257670524,-83.84246757
25,89.2,2,3,26163,42.289268625,-83.29129712
25,75.6,1,4,26049,43.025691305,-83.70818749
25,104.8,1,4,26065,42.600934908,-84.37607663
25,84.6,1,4,26075,42.251789482,-84.4280505
25,125.1,1,4,26077,42.250527484,-85.53366874
25,49.7,1,4,26081,43.035619387,-85.55302936
25,58.7,1,4,26087,43.094119083,-83.22022676
25,64.5,1,4,26093,42.606651095,-83.91313
25,70.3,1,4,26099,42.701193062,-82.93262654
25,72.2,1,4,26115,41.925418493,-83.53755887
25,76,1,4,26125,42.664734218,-83.38719143
25,81.5,1,4,26139,42.963040803,-86.0081737
25,116.1,1,4,26145,43.339016615,-84.05201293
25,103.1,1,4,26155,42.956313208,-84.14850228
25,57.4,1,4,26161,42.257670524,-83.84246757
25,101.5,1,4,26163,42.289268625,-83.29129712
25,92.9,2,4,26049,43.025691305,-83.70818749
25,74.1,2,4,26065,42.600934908,-84.37607663
25,67.1,2,4,26075,42.251789482,-84.4280505
25,85.9,2,4,26077,42.250527484,-85.53366874
25,33.9,2,4,26081,43.035619387,-85.55302936
25,85.4,2,4,26087,43.094119083,-83.22022676
25,77.1,2,4,26093,42.606651095,-83.91313
25,62.2,2,4,26099,42.701193062,-82.93262654
25,55.4,2,4,26115,41.925418493,-83.53755887
25,85.6,2,4,26121,43.293389086,-86.14865031
25,72.8,2,4,26125,42.664734218,-83.38719143
25,46.2,2,4,26139,42.963040803,-86.0081737
25,30.6,2,4,26145,43.339016615,-84.05201293
25,64.3,2,4,26155,42.956313208,-84.14850228
25,62.4,2,4,26161,42.257670524,-83.84246757
25,59.5,2,4,26163,42.289268625,-83.29129712
25,24.6,1,2,26065,42.600934908,-84.37607663
25,0.6,1,2,26081,43.035619387,-85.55302936
25,42.2,1,2,26087,43.094119083,-83.22022676
25,36.4,1,2,26093,42.606651095,-83.91313
25,49,1,2,26099,42.701193062,-82.93262654
25,53.9,1,2,26115,41.925418493,-83.53755887
25,45.1,1,2,26125,42.664734218,-83.38719143
25,15.2,1,2,26139,42.963040803,-86.0081737
25,41.8,1,2,26161,42.257670524,-83.84246757
25,45,1,2,26163,42.289268625,-83.29129712
25,40.2,2,2,26049,43.025691305,-83.70818749
25,40.7,2,2,26065,42.600934908,-84.37607663
25,67.7,2,2,26077,42.250527484,-85.53366874
25,68.6,2,2,26081,43.035619387,-85.55302936
25,42.8,2,2,26087,43.094119083,-83.22022676
25,41.3,2,2,26093,42.606651095,-83.91313
25,39.8,2,2,26099,42.701193062,-82.93262654
25,34,2,2,26115,41.925418493,-83.53755887
25,39.5,2,2,26125,42.664734218,-83.38719143
25,68.5,2,2,26139,42.963040803,-86.0081737
25,38.6,2,2,26161,42.257670524,-83.84246757
25,39.2,2,2,26163,42.289268625,-83.29129712
25,78,1,1,26163,42.289268625,-83.29129712
25,49.5,2,1,26163,42.289268625,-83.29129712
26,69.7,1,0,27001,46.605084857,-93.41405392
26,57.8,1,0,27003,45.275002339,-93.24886406
26,62,1,0,27005,46.934785192,-95.67699838
26,60.8,1,0,27007,47.975328031,-94.93925345
26,60.1,1,0,27009,45.697353874,-93.99712258
26,68.1,1,0,27011,45.427199436,-96.41847748
26,66.6,1,0,27013,44.036119771,-94.07104274
26,70.7,1,0,27015,44.241693754,-94.72860307
26,71.6,1,0,27017,46.590578784,-92.67417636
26,58.9,1,0,27019,44.822919446,-93.80605038
26,63.4,1,0,27021,46.948820309,-94.32632924
26,45.9,1,0,27023,45.024918518,-95.56919109
26,57.5,1,0,27025,45.503313332,-92.90482529
26,56.1,1,0,27027,46.891719156,-96.49065945
26,61.3,1,0,27029,47.578798982,-95.38209798
26,97.5,1,0,27031,47.89799757,-90.53723273
26,71.2,1,0,27033,44.007591698,-95.1865878
26,63.1,1,0,27035,46.480104936,-94.06971964
26,66.7,1,0,27037,44.675095577,-93.06842881
26,61.6,1,0,27039,44.02151758,-92.8663435
26,54.5,1,0,27041,45.932726037,-95.45338923
26,74.4,1,0,27043,43.674340069,-93.94971178
26,56.7,1,0,27045,43.672601386,-92.0916298
26,69.6,1,0,27047,43.673924788,-93.35337295
26,64.3,1,0,27049,44.410899902,-92.72311168
26,61.2,1,0,27051,45.932778236,-96.01206608
26,65.4,1,0,27053,45.007721805,-93.47802407
26,66.9,1,0,27055,43.670779024,-91.49002038
26,66.9,1,0,27057,47.10944331,-94.91757274
26,59.2,1,0,27059,45.563109874,-93.29670492
26,68.4,1,0,27061,47.510244604,-93.63208803
26,74.6,1,0,27063,43.673282647,-95.16073408
26,64.6,1,0,27065,45.944775797,-93.29225085
26,50.2,1,0,27067,45.152994321,-95.00651458
26,55,1,0,27069,48.775791623,-96.78307603
26,70.3,1,0,27071,48.246384162,-93.78316083
26,61.4,1,0,27073,44.99464641,-96.17672686
26,74.7,1,0,27075,47.631707109,-91.44703182
26,60.3,1,0,27077,48.771708909,-94.90359452
26,55.8,1,0,27079,44.373070613,-93.73526006
26,61.6,1,0,27081,44.412366102,-96.27014815
26,62.6,1,0,27083,44.41389975,-95.839379
26,52.4,1,0,27085,44.82473009,-94.27285459
26,64.5,1,0,27087,47.327013076,-95.81320585
26,59.9,1,0,27089,48.358067488,-96.36235923
26,77,1,0,27091,43.672718455,-94.55282439
26,51,1,0,27093,45.124048115,-94.52885722
26,62.3,1,0,27095,45.934435983,-93.63058661
26,59.9,1,0,27097,46.010728241,-94.26519327
26,58.7,1,0,27099,43.670764613,-92.75588534
26,72.9,1,0,27101,44.022031609,-95.76845687
26,58.4,1,0,27103,44.351811546,-94.25090438
26,68,1,0,27105,43.673071147,-95.76092677
26,56.2,1,0,27107,47.328036927,-96.4582343
26,54.8,1,0,27109,44.003483668,-92.405759
26,59,1,0,27111,46.407334685,-95.71053178
26,58,1,0,27113,48.066007084,-96.03600576
26,68.1,1,0,27115,46.120661403,-92.73666976
26,73.6,1,0,27117,44.023560409,-96.2624188
26,57.8,1,0,27119,47.774466719,-96.40032812
26,52,1,0,27121,45.586237139,-95.44278642
26,72.4,1,0,27123,45.023030238,-93.09940258
26,60.9,1,0,27125,47.873209268,-96.0992295
26,68.5,1,0,27127,44.405304213,-95.25351291
26,56.7,1,0,27129,44.727865213,-94.94672798
26,63,1,0,27131,44.355161956,-93.29977879
26,75.5,1,0,27133,43.673419897,-96.25916374
26,56.3,1,0,27135,48.77702424,-95.81373186
26,72.4,1,0,27137,47.606064667,-92.46993686
26,61.1,1,0,27139,44.650248478,-93.5413598
26,61.5,1,0,27141,45.44632962,-93.77724208
26,52.5,1,0,27143,44.580921032,-94.23643722
26,52.6,1,0,27145,45.552590065,-94.61268407
26,69.2,1,0,27147,44.021744264,-93.2308371
26,53.7,1,0,27149,45.585075642,-96.00050567
26,46.2,1,0,27151,45.283416807,-95.68685336
26,54.4,1,0,27153,46.070466382,-94.89794023
26,80.2,1,0,27155,45.772557538,-96.47254124
26,51.3,1,0,27157,44.284832622,-92.22922974
26,75.9,1,0,27159,46.584457944,-94.97385814
26,70.1,1,0,27161,44.024188264,-93.59256567
26,58.5,1,0,27163,45.039768208,-92.88215303
26,70.7,1,0,27165,43.977124075,-94.61708448
26,64.2,1,0,27167,46.355540947,-96.46723513
26,57.1,1,0,27169,43.986458882,-91.78081522
26,56.3,1,0,27171,45.175541176,-93.96498421
26,65.4,1,0,27173,44.715904552,-95.87133865
26,64.3,2,0,27001,46.605084857,-93.41405392
26,58.2,2,0,27003,45.275002339,-93.24886406
26,61.1,2,0,27005,46.934785192,-95.67699838
26,66.4,2,0,27007,47.975328031,-94.93925345
26,64.2,2,0,27009,45.697353874,-93.99712258
26,77.3,2,0,27011,45.427199436,-96.41847748
26,67.7,2,0,27013,44.036119771,-94.07104274
26,68,2,0,27015,44.241693754,-94.72860307
26,75,2,0,27017,46.590578784,-92.67417636
26,56.7,2,0,27019,44.822919446,-93.80605038
26,57.8,2,0,27021,46.948820309,-94.32632924
26,61.6,2,0,27023,45.024918518,-95.56919109
26,64.1,2,0,27025,45.503313332,-92.90482529
26,55.1,2,0,27027,46.891719156,-96.49065945
26,68.8,2,0,27029,47.578798982,-95.38209798
26,52.4,2,0,27031,47.89799757,-90.53723273
26,76.4,2,0,27033,44.007591698,-95.1865878
26,54.7,2,0,27035,46.480104936,-94.06971964
26,59.7,2,0,27037,44.675095577,-93.06842881
26,58.4,2,0,27039,44.02151758,-92.8663435
26,58.5,2,0,27041,45.932726037,-95.45338923
26,61.7,2,0,27043,43.674340069,-93.94971178
26,60.7,2,0,27045,43.672601386,-92.0916298
26,63.6,2,0,27047,43.673924788,-93.35337295
26,57.4,2,0,27049,44.410899902,-92.72311168
26,73.4,2,0,27051,45.932778236,-96.01206608
26,58.8,2,0,27053,45.007721805,-93.47802407
26,70.2,2,0,27055,43.670779024,-91.49002038
26,51.4,2,0,27057,47.10944331,-94.91757274
26,74.2,2,0,27059,45.563109874,-93.29670492
26,68.3,2,0,27061,47.510244604,-93.63208803
26,57.6,2,0,27063,43.673282647,-95.16073408
26,53.3,2,0,27065,45.944775797,-93.29225085
26,55.2,2,0,27067,45.152994321,-95.00651458
26,76.3,2,0,27069,48.775791623,-96.78307603
26,76.8,2,0,27071,48.246384162,-93.78316083
26,62.9,2,0,27073,44.99464641,-96.17672686
26,79.1,2,0,27075,47.631707109,-91.44703182
26,78.2,2,0,27077,48.771708909,-94.90359452
26,65.6,2,0,27079,44.373070613,-93.73526006
26,67.1,2,0,27081,44.412366102,-96.27014815
26,66.7,2,0,27083,44.41389975,-95.839379
26,49.6,2,0,27085,44.82473009,-94.27285459
26,65.9,2,0,27087,47.327013076,-95.81320585
26,70.5,2,0,27089,48.358067488,-96.36235923
26,58.8,2,0,27091,43.672718455,-94.55282439
26,52.1,2,0,27093,45.124048115,-94.52885722
26,66.6,2,0,27095,45.934435983,-93.63058661
26,55.9,2,0,27097,46.010728241,-94.26519327
26,61.1,2,0,27099,43.670764613,-92.75588534
26,83.5,2,0,27101,44.022031609,-95.76845687
26,59.9,2,0,27103,44.351811546,-94.25090438
26,66,2,0,27105,43.673071147,-95.76092677
26,53,2,0,27107,47.328036927,-96.4582343
26,56.8,2,0,27109,44.003483668,-92.405759
26,65.6,2,0,27111,46.407334685,-95.71053178
26,71.2,2,0,27113,48.066007084,-96.03600576
26,62.1,2,0,27115,46.120661403,-92.73666976
26,71.1,2,0,27117,44.023560409,-96.2624188
26,57.9,2,0,27119,47.774466719,-96.40032812
26,60.6,2,0,27121,45.586237139,-95.44278642
26,71.5,2,0,27123,45.023030238,-93.09940258
26,69.2,2,0,27125,47.873209268,-96.0992295
26,79,2,0,27127,44.405304213,-95.25351291
26,59.1,2,0,27129,44.727865213,-94.94672798
26,61.3,2,0,27131,44.355161956,-93.29977879
26,68.5,2,0,27133,43.673419897,-96.25916374
26,79.2,2,0,27135,48.77702424,-95.81373186
26,75.1,2,0,27137,47.606064667,-92.46993686
26,60.9,2,0,27139,44.650248478,-93.5413598
26,59,2,0,27141,45.44632962,-93.77724208
26,53.4,2,0,27143,44.580921032,-94.23643722
26,57.2,2,0,27145,45.552590065,-94.61268407
26,64.7,2,0,27147,44.021744264,-93.2308371
26,71.2,2,0,27149,45.585075642,-96.00050567
26,75,2,0,27151,45.283416807,-95.68685336
26,54.9,2,0,27153,46.070466382,-94.89794023
26,82.9,2,0,27155,45.772557538,-96.47254124
26,53.7,2,0,27157,44.284832622,-92.22922974
26,63.6,2,0,27159,46.584457944,-94.97385814
26,65.8,2,0,27161,44.024188264,-93.59256567
26,60.7,2,0,27163,45.039768208,-92.88215303
26,61.2,2,0,27165,43.977124075,-94.61708448
26,65.1,2,0,27167,46.355540947,-96.46723513
26,62.7,2,0,27169,43.986458882,-91.78081522
26,56.5,2,0,27171,45.175541176,-93.96498421
26,61.1,2,0,27173,44.715904552,-95.87133865
26,70.5,1,5,27001,46.605084857,-93.41405392
26,58,1,5,27003,45.275002339,-93.24886406
26,60.8,1,5,27005,46.934785192,-95.67699838
26,58.6,1,5,27007,47.975328031,-94.93925345
26,61.4,1,5,27009,45.697353874,-93.99712258
26,68.3,1,5,27011,45.427199436,-96.41847748
26,67.8,1,5,27013,44.036119771,-94.07104274
26,70.4,1,5,27015,44.241693754,-94.72860307
26,72.5,1,5,27017,46.590578784,-92.67417636
26,58.2,1,5,27019,44.822919446,-93.80605038
26,62.8,1,5,27021,46.948820309,-94.32632924
26,45.8,1,5,27023,45.024918518,-95.56919109
26,56.2,1,5,27025,45.503313332,-92.90482529
26,54,1,5,27027,46.891719156,-96.49065945
26,58.5,1,5,27029,47.578798982,-95.38209798
26,101.1,1,5,27031,47.89799757,-90.53723273
26,69.4,1,5,27033,44.007591698,-95.1865878
26,63.1,1,5,27035,46.480104936,-94.06971964
26,63.2,1,5,27037,44.675095577,-93.06842881
26,61.4,1,5,27039,44.02151758,-92.8663435
26,55.1,1,5,27041,45.932726037,-95.45338923
26,75.5,1,5,27043,43.674340069,-93.94971178
26,57.4,1,5,27045,43.672601386,-92.0916298
26,69.9,1,5,27047,43.673924788,-93.35337295
26,64.4,1,5,27049,44.410899902,-92.72311168
26,61.5,1,5,27051,45.932778236,-96.01206608
26,62.1,1,5,27053,45.007721805,-93.47802407
26,65.9,1,5,27055,43.670779024,-91.49002038
26,64.5,1,5,27057,47.10944331,-94.91757274
26,59.1,1,5,27059,45.563109874,-93.29670492
26,67.8,1,5,27061,47.510244604,-93.63208803
26,75.3,1,5,27063,43.673282647,-95.16073408
26,64.8,1,5,27065,45.944775797,-93.29225085
26,51.3,1,5,27067,45.152994321,-95.00651458
26,54.2,1,5,27069,48.775791623,-96.78307603
26,69.6,1,5,27071,48.246384162,-93.78316083
26,61,1,5,27073,44.99464641,-96.17672686
26,75.6,1,5,27075,47.631707109,-91.44703182
26,53.4,1,5,27077,48.771708909,-94.90359452
26,57.4,1,5,27079,44.373070613,-93.73526006
26,59.4,1,5,27081,44.412366102,-96.27014815
26,61.9,1,5,27083,44.41389975,-95.839379
26,50.3,1,5,27085,44.82473009,-94.27285459
26,63.6,1,5,27087,47.327013076,-95.81320585
26,56.6,1,5,27089,48.358067488,-96.36235923
26,79,1,5,27091,43.672718455,-94.55282439
26,51.9,1,5,27093,45.124048115,-94.52885722
26,62.7,1,5,27095,45.934435983,-93.63058661
26,60.7,1,5,27097,46.010728241,-94.26519327
26,58.6,1,5,27099,43.670764613,-92.75588534
26,71.8,1,5,27101,44.022031609,-95.76845687
26,59.7,1,5,27103,44.351811546,-94.25090438
26,68.7,1,5,27105,43.673071147,-95.76092677
26,54.6,1,5,27107,47.328036927,-96.4582343
26,55.4,1,5,27109,44.003483668,-92.405759
26,58.9,1,5,27111,46.407334685,-95.71053178
26,53.4,1,5,27113,48.066007084,-96.03600576
26,68.6,1,5,27115,46.120661403,-92.73666976
26,65.9,1,5,27117,44.023560409,-96.2624188
26,55.1,1,5,27119,47.774466719,-96.40032812
26,53.2,1,5,27121,45.586237139,-95.44278642
26,63.3,1,5,27123,45.023030238,-93.09940258
26,60.5,1,5,27125,47.873209268,-96.0992295
26,57.5,1,5,27127,44.405304213,-95.25351291
26,58.4,1,5,27129,44.727865213,-94.94672798
26,63.2,1,5,27131,44.355161956,-93.29977879
26,72,1,5,27133,43.673419897,-96.25916374
26,52.4,1,5,27135,48.77702424,-95.81373186
26,72.6,1,5,27137,47.606064667,-92.46993686
26,61.3,1,5,27139,44.650248478,-93.5413598
26,60,1,5,27141,45.44632962,-93.77724208
26,53.2,1,5,27143,44.580921032,-94.23643722
26,53.6,1,5,27145,45.552590065,-94.61268407
26,68.8,1,5,27147,44.021744264,-93.2308371
26,54.3,1,5,27149,45.585075642,-96.00050567
26,47.6,1,5,27151,45.283416807,-95.68685336
26,55.9,1,5,27153,46.070466382,-94.89794023
26,81.2,1,5,27155,45.772557538,-96.47254124
26,51.6,1,5,27157,44.284832622,-92.22922974
26,71.9,1,5,27159,46.584457944,-94.97385814
26,70,1,5,27161,44.024188264,-93.59256567
26,56.5,1,5,27163,45.039768208,-92.88215303
26,71.1,1,5,27165,43.977124075,-94.61708448
26,65.6,1,5,27167,46.355540947,-96.46723513
26,57.6,1,5,27169,43.986458882,-91.78081522
26,58.5,1,5,27171,45.175541176,-93.96498421
26,58.4,1,5,27173,44.715904552,-95.87133865
26,64.4,2,5,27001,46.605084857,-93.41405392
26,58,2,5,27003,45.275002339,-93.24886406
26,61,2,5,27005,46.934785192,-95.67699838
26,57.2,2,5,27007,47.975328031,-94.93925345
26,65.5,2,5,27009,45.697353874,-93.99712258
26,78,2,5,27011,45.427199436,-96.41847748
26,65.3,2,5,27013,44.036119771,-94.07104274
26,68.2,2,5,27015,44.241693754,-94.72860307
26,75.3,2,5,27017,46.590578784,-92.67417636
26,54.3,2,5,27019,44.822919446,-93.80605038
26,56.1,2,5,27021,46.948820309,-94.32632924
26,61.6,2,5,27023,45.024918518,-95.56919109
26,64.4,2,5,27025,45.503313332,-92.90482529
26,55.7,2,5,27027,46.891719156,-96.49065945
26,65.9,2,5,27029,47.578798982,-95.38209798
26,48.6,2,5,27031,47.89799757,-90.53723273
26,77.6,2,5,27033,44.007591698,-95.1865878
26,55.2,2,5,27035,46.480104936,-94.06971964
26,59.2,2,5,27037,44.675095577,-93.06842881
26,58.8,2,5,27039,44.02151758,-92.8663435
26,58.7,2,5,27041,45.932726037,-95.45338923
26,59.6,2,5,27043,43.674340069,-93.94971178
26,61.3,2,5,27045,43.672601386,-92.0916298
26,62.5,2,5,27047,43.673924788,-93.35337295
26,57.6,2,5,27049,44.410899902,-92.72311168
26,72.5,2,5,27051,45.932778236,-96.01206608
26,57,2,5,27053,45.007721805,-93.47802407
26,70.1,2,5,27055,43.670779024,-91.49002038
26,52.7,2,5,27057,47.10944331,-94.91757274
26,75.7,2,5,27059,45.563109874,-93.29670492
26,66,2,5,27061,47.510244604,-93.63208803
26,57.5,2,5,27063,43.673282647,-95.16073408
26,53.5,2,5,27065,45.944775797,-93.29225085
26,55.6,2,5,27067,45.152994321,-95.00651458
26,78.4,2,5,27069,48.775791623,-96.78307603
26,75.6,2,5,27071,48.246384162,-93.78316083
26,60.3,2,5,27073,44.99464641,-96.17672686
26,80.3,2,5,27075,47.631707109,-91.44703182
26,71.5,2,5,27077,48.771708909,-94.90359452
26,64.3,2,5,27079,44.373070613,-93.73526006
26,65.2,2,5,27081,44.412366102,-96.27014815
26,66,2,5,27083,44.41389975,-95.839379
26,49.6,2,5,27085,44.82473009,-94.27285459
26,67.2,2,5,27087,47.327013076,-95.81320585
26,67.2,2,5,27089,48.358067488,-96.36235923
26,58.1,2,5,27091,43.672718455,-94.55282439
26,52.8,2,5,27093,45.124048115,-94.52885722
26,66.8,2,5,27095,45.934435983,-93.63058661
26,56.6,2,5,27097,46.010728241,-94.26519327
26,61.7,2,5,27099,43.670764613,-92.75588534
26,86,2,5,27101,44.022031609,-95.76845687
26,56.4,2,5,27103,44.351811546,-94.25090438
26,67,2,5,27105,43.673071147,-95.76092677
26,53.1,2,5,27107,47.328036927,-96.4582343
26,57.1,2,5,27109,44.003483668,-92.405759
26,66.1,2,5,27111,46.407334685,-95.71053178
26,66.9,2,5,27113,48.066007084,-96.03600576
26,62,2,5,27115,46.120661403,-92.73666976
26,70.9,2,5,27117,44.023560409,-96.2624188
26,57.4,2,5,27119,47.774466719,-96.40032812
26,59.8,2,5,27121,45.586237139,-95.44278642
26,60.4,2,5,27123,45.023030238,-93.09940258
26,70.5,2,5,27125,47.873209268,-96.0992295
26,82.5,2,5,27127,44.405304213,-95.25351291
26,59.3,2,5,27129,44.727865213,-94.94672798
26,61.4,2,5,27131,44.355161956,-93.29977879
26,68.2,2,5,27133,43.673419897,-96.25916374
26,72.7,2,5,27135,48.77702424,-95.81373186
26,75.1,2,5,27137,47.606064667,-92.46993686
26,60.5,2,5,27139,44.650248478,-93.5413598
26,57.8,2,5,27141,45.44632962,-93.77724208
26,52.3,2,5,27143,44.580921032,-94.23643722
26,57.8,2,5,27145,45.552590065,-94.61268407
26,65.1,2,5,27147,44.021744264,-93.2308371
26,70.9,2,5,27149,45.585075642,-96.00050567
26,75.3,2,5,27151,45.283416807,-95.68685336
26,55.1,2,5,27153,46.070466382,-94.89794023
26,84.5,2,5,27155,45.772557538,-96.47254124
26,53.8,2,5,27157,44.284832622,-92.22922974
26,63.6,2,5,27159,46.584457944,-94.97385814
26,65.5,2,5,27161,44.024188264,-93.59256567
26,62.1,2,5,27163,45.039768208,-92.88215303
26,60.7,2,5,27165,43.977124075,-94.61708448
26,65.3,2,5,27167,46.355540947,-96.46723513
26,62.8,2,5,27169,43.986458882,-91.78081522
26,54.6,2,5,27171,45.175541176,-93.96498421
26,58.6,2,5,27173,44.715904552,-95.87133865
26,93.3,1,3,27003,45.275002339,-93.24886406
26,86.1,1,3,27019,44.822919446,-93.80605038
26,93.6,1,3,27037,44.675095577,-93.06842881
26,92.8,1,3,27053,45.007721805,-93.47802407
26,12.1,1,3,27109,44.003483668,-92.405759
26,95.8,1,3,27123,45.023030238,-93.09940258
26,87.9,1,3,27139,44.650248478,-93.5413598
26,84.1,1,3,27141,45.44632962,-93.77724208
26,104,1,3,27163,45.039768208,-92.88215303
26,84,1,3,27171,45.175541176,-93.96498421
26,65,2,3,27003,45.275002339,-93.24886406
26,74.9,2,3,27019,44.822919446,-93.80605038
26,98.4,2,3,27037,44.675095577,-93.06842881
26,75.8,2,3,27053,45.007721805,-93.47802407
26,108.4,2,3,27123,45.023030238,-93.09940258
26,72.9,2,3,27139,44.650248478,-93.5413598
26,69.8,2,3,27141,45.44632962,-93.77724208
26,34.9,2,3,27163,45.039768208,-92.88215303
26,68.2,2,3,27171,45.175541176,-93.96498421
26,23.9,1,4,27003,45.275002339,-93.24886406
26,24.8,1,4,27037,44.675095577,-93.06842881
26,31,1,4,27053,45.007721805,-93.47802407
26,35.8,1,4,27123,45.023030238,-93.09940258
26,3.7,1,4,27163,45.039768208,-92.88215303
26,29,2,4,27003,45.275002339,-93.24886406
26,15.8,2,4,27037,44.675095577,-93.06842881
26,26.2,2,4,27053,45.007721805,-93.47802407
26,43.2,2,4,27123,45.023030238,-93.09940258
26,4.6,2,4,27163,45.039768208,-92.88215303
26,92.4,1,2,27003,45.275002339,-93.24886406
26,71.5,1,2,27019,44.822919446,-93.80605038
26,74.2,1,2,27037,44.675095577,-93.06842881
26,82.4,1,2,27053,45.007721805,-93.47802407
26,77.1,1,2,27109,44.003483668,-92.405759
26,159,1,2,27123,45.023030238,-93.09940258
26,62.5,1,2,27139,44.650248478,-93.5413598
26,79.1,1,2,27141,45.44632962,-93.77724208
26,142,1,2,27163,45.039768208,-92.88215303
26,77,1,2,27171,45.175541176,-93.96498421
26,73.7,2,2,27003,45.275002339,-93.24886406
26,63.8,2,2,27019,44.822919446,-93.80605038
26,69.8,2,2,27037,44.675095577,-93.06842881
26,65.8,2,2,27053,45.007721805,-93.47802407
26,15.4,2,2,27109,44.003483668,-92.405759
26,137.3,2,2,27123,45.023030238,-93.09940258
26,66.8,2,2,27139,44.650248478,-93.5413598
26,63.6,2,2,27141,45.44632962,-93.77724208
26,77,2,2,27163,45.039768208,-92.88215303
26,65.5,2,2,27171,45.175541176,-93.96498421
26,381.1,1,1,27053,45.007721805,-93.47802407
26,94.6,2,1,27007,47.975328031,-94.93925345
26,76,2,1,27053,45.007721805,-93.47802407
27,67.4,1,0,29001,40.19031951,-92.60636527
27,55.4,1,0,29003,39.985253317,-94.81399649
27,78.7,1,0,29005,40.433723469,-95.43276924
27,84.5,1,0,29007,39.219032071,-91.84662143
27,69.6,1,0,29009,36.705025835,-93.83699239
27,83.3,1,0,29011,37.500617144,-94.35077413
27,97.4,1,0,29013,38.254083431,-94.34517781
27,88.3,1,0,29015,38.294298032,-93.29222734
27,77.9,1,0,29017,37.326822142,-90.02996754
27,82.7,1,0,29019,38.990023788,-92.31338382
27,79.6,1,0,29021,39.659156746,-94.81390444
27,92.7,1,0,29023,36.713413077,-90.41143174
27,73.9,1,0,29025,39.655133085,-93.99204691
27,70.2,1,0,29027,38.839209071,-91.92970782
27,51.3,1,0,29029,38.026217328,-92.76889994
27,74.3,1,0,29031,37.385345341,-89.68728545
27,60.7,1,0,29033,39.426325494,-93.51362971
27,96.8,1,0,29035,36.941963885,-90.96957925
27,65.1,1,0,29037,38.641885145,-94.35824252
27,79.1,1,0,29039,37.72201012,-93.86350598
27,74.9,1,0,29041,39.513614738,-92.97032778
27,67.5,1,0,29043,36.970767286,-93.19710384
27,62.5,1,0,29045,40.410800937,-91.74424881
27,73.3,1,0,29047,39.309979036,-94.42955529
27,80,1,0,29049,39.597662744,-94.4162407
27,64.3,1,0,29051,38.504875574,-92.28161699
27,78.9,1,0,29053,38.844813616,-92.81315275
27,56.1,1,0,29055,37.976074122,-91.31320006
27,83.9,1,0,29057,37.431886813,-93.85740614
27,72.4,1,0,29059,37.678638402,-93.02827404
27,75.1,1,0,29061,39.960137401,-93.99295672
27,74.2,1,0,29063,39.891319284,-94.41588148
27,76.3,1,0,29065,37.604703806,-91.51674226
27,69.9,1,0,29067,36.934174031,-92.50175979
27,93.5,1,0,29069,36.140153569,-90.05879584
27,66.2,1,0,29071,38.410557435,-91.0795019
27,64.1,1,0,29073,38.443826915,-91.51515144
27,52.8,1,0,29075,40.214227109,-94.41956492
27,68.3,1,0,29077,37.25648348,-93.3494591
27,89.2,1,0,29079,40.111270357,-93.57246133
27,74.1,1,0,29081,40.355134482,-93.99975424
27,58.9,1,0,29083,38.384557174,-93.79672193
27,82.8,1,0,29085,37.939448114,-93.32606373
27,49.8,1,0,29087,40.098767951,-95.22153752
27,81.9,1,0,29089,39.143636342,-92.70191582
27,86.5,1,0,29091,36.77050079,-91.89389486
27,75,1,0,29093,37.503991059,-90.69569654
27,73.4,1,0,29095,39.006800933,-94.35213345
27,80.2,1,0,29097,37.204114281,-94.34421776
27,79.9,1,0,29099,38.262478455,-90.53832146
27,70.9,1,0,29101,38.742254269,-93.811845
27,56.3,1,0,29103,40.128116671,-92.15342425
27,77,1,0,29105,37.660686343,-92.59196126
27,71.3,1,0,29107,39.063745982,-93.79354995
27,74.3,1,0,29109,37.105745003,-93.84071947
27,67.1,1,0,29111,40.098970351,-91.7274392
27,60.5,1,0,29113,39.058428988,-90.9667989
27,70.5,1,0,29115,39.867981349,-93.11242
27,79.7,1,0,29117,39.779329464,-93.55556273
27,68.7,1,0,29119,36.623819713,-94.35164388
27,71.8,1,0,29121,39.831017153,-92.56787463
27,77.1,1,0,29123,37.476763339,-90.35141811
27,65.8,1,0,29125,38.161769663,-91.92845625
27,74.8,1,0,29127,39.807129795,-91.6283092
27,79,1,0,29129,40.423194096,-93.57378449
27,72,1,0,29131,38.213525531,-92.43066831
27,93,1,0,29133,36.831314835,-89.29535873
27,70.9,1,0,29135,38.629823164,-92.58646752
27,77.8,1,0,29137,39.497839704,-92.00487843
27,75.3,1,0,29139,38.94374362,-91.47706151
27,81.6,1,0,29141,38.42613246,-92.88969684
27,96.1,1,0,29143,36.595828493,-89.65335104
27,79.6,1,0,29145,36.906853453,-94.34387569
27,37.9,1,0,29147,40.364922835,-94.89394986
27,86.1,1,0,29149,36.68135427,-91.41060573
27,65.5,1,0,29151,38.458949853,-91.86873516
27,78.4,1,0,29153,36.646637842,-92.45039922
27,107.1,1,0,29155,36.212066964,-89.78778725
27,75.1,1,0,29157,37.709939237,-89.83409518
27,75.5,1,0,29159,38.729550327,-93.29135658
27,74.1,1,0,29161,37.880384169,-91.79678812
27,80.7,1,0,29163,39.345618794,-91.1761125
27,65.3,1,0,29165,39.382643166,-94.7805207
27,85.9,1,0,29167,37.613172437,-93.4069003
27,51.6,1,0,29169,37.824354096,-92.20902402
27,74.8,1,0,29171,40.476684081,-93.02012975
27,84.8,1,0,29173,39.528679124,-91.52867674
27,86.1,1,0,29175,39.44212982,-92.50105807
27,72.6,1,0,29177,39.353613546,-93.99681334
27,88,1,0,29179,37.363729703,-90.97653889
27,89.6,1,0,29181,36.648435833,-90.86732678
27,59.7,1,0,29183,38.782169448,-90.68017228
27,77.5,1,0,29185,38.03486736,-93.78388157
27,76.1,1,0,29186,37.896172481,-90.20017543
27,75.1,1,0,29187,37.811036409,-90.47503957
27,89.6,1,0,29189,38.640110424,-90.44993491
27,69.9,1,0,29195,39.136245146,-93.20972533
27,66,1,0,29197,40.469796805,-92.52764025
27,61,1,0,29199,40.453551867,-92.15339559
27,85.6,1,0,29201,37.053142361,-89.57208951
27,85,1,0,29203,37.155708815,-91.40967201
27,74.4,1,0,29205,39.798945262,-92.07945958
27,89.3,1,0,29207,36.857208927,-89.95075571
27,66.5,1,0,29209,36.741237098,-93.46624803
27,69.4,1,0,29211,40.207131583,-93.11748834
27,60.5,1,0,29213,36.650969033,-93.04910296
27,79.6,1,0,29215,37.318053702,-91.97148316
27,74.4,1,0,29217,37.849328927,-94.3467477
27,61.1,1,0,29219,38.76450476,-91.16526969
27,67.9,1,0,29221,37.963165483,-90.88316234
27,87.6,1,0,29223,37.111243974,-90.46714302
27,68.9,1,0,29225,37.282710084,-92.8806152
27,51.8,1,0,29227,40.481371494,-94.43084924
27,83.5,1,0,29229,37.274183428,-92.47215503
27,95.9,1,0,29510,38.648646497,-90.24183448
27,89.2,2,0,29001,40.19031951,-92.60636527
27,69.7,2,0,29003,39.985253317,-94.81399649
27,66.8,2,0,29005,40.433723469,-95.43276924
27,78.4,2,0,29007,39.219032071,-91.84662143
27,80.8,2,0,29009,36.705025835,-93.83699239
27,73,2,0,29011,37.500617144,-94.35077413
27,75.2,2,0,29013,38.254083431,-94.34517781
27,70.8,2,0,29015,38.294298032,-93.29222734
27,81.7,2,0,29017,37.326822142,-90.02996754
27,71.7,2,0,29019,38.990023788,-92.31338382
27,71.9,2,0,29021,39.659156746,-94.81390444
27,85.4,2,0,29023,36.713413077,-90.41143174
27,87.1,2,0,29025,39.655133085,-93.99204691
27,72.6,2,0,29027,38.839209071,-91.92970782
27,66.8,2,0,29029,38.026217328,-92.76889994
27,76,2,0,29031,37.385345341,-89.68728545
27,70.3,2,0,29033,39.426325494,-93.51362971
27,84.6,2,0,29035,36.941963885,-90.96957925
27,64.9,2,0,29037,38.641885145,-94.35824252
27,78.3,2,0,29039,37.72201012,-93.86350598
27,75.1,2,0,29041,39.513614738,-92.97032778
27,68.6,2,0,29043,36.970767286,-93.19710384
27,100,2,0,29045,40.410800937,-91.74424881
27,61.3,2,0,29047,39.309979036,-94.42955529
27,71.6,2,0,29049,39.597662744,-94.4162407
27,73,2,0,29051,38.504875574,-92.28161699
27,76.4,2,0,29053,38.844813616,-92.81315275
27,77.7,2,0,29055,37.976074122,-91.31320006
27,64.9,2,0,29057,37.431886813,-93.85740614
27,61.1,2,0,29059,37.678638402,-93.02827404
27,76.7,2,0,29061,39.960137401,-93.99295672
27,80.7,2,0,29063,39.891319284,-94.41588148
27,83.2,2,0,29065,37.604703806,-91.51674226
27,81.2,2,0,29067,36.934174031,-92.50175979
27,81.1,2,0,29069,36.140153569,-90.05879584
27,74,2,0,29071,38.410557435,-91.0795019
27,72.7,2,0,29073,38.443826915,-91.51515144
27,74.3,2,0,29075,40.214227109,-94.41956492
27,60.2,2,0,29077,37.25648348,-93.3494591
27,65.6,2,0,29079,40.111270357,-93.57246133
27,78.6,2,0,29081,40.355134482,-93.99975424
27,72.9,2,0,29083,38.384557174,-93.79672193
27,68.9,2,0,29085,37.939448114,-93.32606373
27,64.6,2,0,29087,40.098767951,-95.22153752
27,77.3,2,0,29089,39.143636342,-92.70191582
27,82.9,2,0,29091,36.77050079,-91.89389486
27,76.8,2,0,29093,37.503991059,-90.69569654
27,72.5,2,0,29095,39.006800933,-94.35213345
27,79.8,2,0,29097,37.204114281,-94.34421776
27,77.3,2,0,29099,38.262478455,-90.53832146
27,71.8,2,0,29101,38.742254269,-93.811845
27,110,2,0,29103,40.128116671,-92.15342425
27,74.9,2,0,29105,37.660686343,-92.59196126
27,73.5,2,0,29107,39.063745982,-93.79354995
27,74.7,2,0,29109,37.105745003,-93.84071947
27,98.6,2,0,29111,40.098970351,-91.7274392
27,64.4,2,0,29113,39.058428988,-90.9667989
27,66.9,2,0,29115,39.867981349,-93.11242
27,62.8,2,0,29117,39.779329464,-93.55556273
27,75.9,2,0,29119,36.623819713,-94.35164388
27,81.8,2,0,29121,39.831017153,-92.56787463
27,78.4,2,0,29123,37.476763339,-90.35141811
27,75,2,0,29125,38.161769663,-91.92845625
27,92.2,2,0,29127,39.807129795,-91.6283092
27,78.2,2,0,29129,40.423194096,-93.57378449
27,61.3,2,0,29131,38.213525531,-92.43066831
27,91.9,2,0,29133,36.831314835,-89.29535873
27,70.2,2,0,29135,38.629823164,-92.58646752
27,88.8,2,0,29137,39.497839704,-92.00487843
27,72.2,2,0,29139,38.94374362,-91.47706151
27,66.3,2,0,29141,38.42613246,-92.88969684
27,91.8,2,0,29143,36.595828493,-89.65335104
27,85,2,0,29145,36.906853453,-94.34387569
27,62,2,0,29147,40.364922835,-94.89394986
27,82.9,2,0,29149,36.68135427,-91.41060573
27,68.3,2,0,29151,38.458949853,-91.86873516
27,85.8,2,0,29153,36.646637842,-92.45039922
27,75.8,2,0,29155,36.212066964,-89.78778725
27,73.9,2,0,29157,37.709939237,-89.83409518
27,68.9,2,0,29159,38.729550327,-93.29135658
27,78.9,2,0,29161,37.880384169,-91.79678812
27,74.2,2,0,29163,39.345618794,-91.1761125
27,62.3,2,0,29165,39.382643166,-94.7805207
27,59.7,2,0,29167,37.613172437,-93.4069003
27,72.2,2,0,29169,37.824354096,-92.20902402
27,83.6,2,0,29171,40.476684081,-93.02012975
27,83.8,2,0,29173,39.528679124,-91.52867674
27,77,2,0,29175,39.44212982,-92.50105807
27,72.2,2,0,29177,39.353613546,-93.99681334
27,85.9,2,0,29179,37.363729703,-90.97653889
27,89.6,2,0,29181,36.648435833,-90.86732678
27,60.5,2,0,29183,38.782169448,-90.68017228
27,83.3,2,0,29185,38.03486736,-93.78388157
27,75.5,2,0,29186,37.896172481,-90.20017543
27,78.3,2,0,29187,37.811036409,-90.47503957
27,78.5,2,0,29189,38.640110424,-90.44993491
27,75.6,2,0,29195,39.136245146,-93.20972533
27,85.9,2,0,29197,40.469796805,-92.52764025
27,83.4,2,0,29199,40.453551867,-92.15339559
27,84.3,2,0,29201,37.053142361,-89.57208951
27,86.7,2,0,29203,37.155708815,-91.40967201
27,102.3,2,0,29205,39.798945262,-92.07945958
27,83.5,2,0,29207,36.857208927,-89.95075571
27,75.6,2,0,29209,36.741237098,-93.46624803
27,85.3,2,0,29211,40.207131583,-93.11748834
27,76.9,2,0,29213,36.650969033,-93.04910296
27,85.7,2,0,29215,37.318053702,-91.97148316
27,72.5,2,0,29217,37.849328927,-94.3467477
27,61.7,2,0,29219,38.76450476,-91.16526969
27,75,2,0,29221,37.963165483,-90.88316234
27,85.3,2,0,29223,37.111243974,-90.46714302
27,70.3,2,0,29225,37.282710084,-92.8806152
27,65.9,2,0,29227,40.481371494,-94.43084924
27,87.1,2,0,29229,37.274183428,-92.47215503
27,85.4,2,0,29510,38.648646497,-90.24183448
27,68.9,1,5,29001,40.19031951,-92.60636527
27,57.4,1,5,29003,39.985253317,-94.81399649
27,76.3,1,5,29005,40.433723469,-95.43276924
27,84.2,1,5,29007,39.219032071,-91.84662143
27,69.9,1,5,29009,36.705025835,-93.83699239
27,86.2,1,5,29011,37.500617144,-94.35077413
27,100.5,1,5,29013,38.254083431,-94.34517781
27,91,1,5,29015,38.294298032,-93.29222734
27,77.5,1,5,29017,37.326822142,-90.02996754
27,83.6,1,5,29019,38.990023788,-92.31338382
27,80.7,1,5,29021,39.659156746,-94.81390444
27,92.2,1,5,29023,36.713413077,-90.41143174
27,75.4,1,5,29025,39.655133085,-93.99204691
27,72.5,1,5,29027,38.839209071,-91.92970782
27,50.9,1,5,29029,38.026217328,-92.76889994
27,75.1,1,5,29031,37.385345341,-89.68728545
27,59.9,1,5,29033,39.426325494,-93.51362971
27,97.5,1,5,29035,36.941963885,-90.96957925
27,62.8,1,5,29037,38.641885145,-94.35824252
27,81.4,1,5,29039,37.72201012,-93.86350598
27,75.9,1,5,29041,39.513614738,-92.97032778
27,64.7,1,5,29043,36.970767286,-93.19710384
27,64.6,1,5,29045,40.410800937,-91.74424881
27,69.9,1,5,29047,39.309979036,-94.42955529
27,82.2,1,5,29049,39.597662744,-94.4162407
27,67.4,1,5,29051,38.504875574,-92.28161699
27,80.4,1,5,29053,38.844813616,-92.81315275
27,57.6,1,5,29055,37.976074122,-91.31320006
27,86.4,1,5,29057,37.431886813,-93.85740614
27,71.8,1,5,29059,37.678638402,-93.02827404
27,78.4,1,5,29061,39.960137401,-93.99295672
27,78.4,1,5,29063,39.891319284,-94.41588148
27,79,1,5,29065,37.604703806,-91.51674226
27,71.7,1,5,29067,36.934174031,-92.50175979
27,89.1,1,5,29069,36.140153569,-90.05879584
27,66.9,1,5,29071,38.410557435,-91.0795019
27,66.5,1,5,29073,38.443826915,-91.51515144
27,54.5,1,5,29075,40.214227109,-94.41956492
27,66.9,1,5,29077,37.25648348,-93.3494591
27,91.5,1,5,29079,40.111270357,-93.57246133
27,75.6,1,5,29081,40.355134482,-93.99975424
27,59.1,1,5,29083,38.384557174,-93.79672193
27,85,1,5,29085,37.939448114,-93.32606373
27,50.8,1,5,29087,40.098767951,-95.22153752
27,83,1,5,29089,39.143636342,-92.70191582
27,89.3,1,5,29091,36.77050079,-91.89389486
27,76.9,1,5,29093,37.503991059,-90.69569654
27,64.3,1,5,29095,39.006800933,-94.35213345
27,80.7,1,5,29097,37.204114281,-94.34421776
27,75.8,1,5,29099,38.262478455,-90.53832146
27,65.2,1,5,29101,38.742254269,-93.811845
27,57.4,1,5,29103,40.128116671,-92.15342425
27,77.6,1,5,29105,37.660686343,-92.59196126
27,64.9,1,5,29107,39.063745982,-93.79354995
27,75.8,1,5,29109,37.105745003,-93.84071947
27,67.9,1,5,29111,40.098970351,-91.7274392
27,61.1,1,5,29113,39.058428988,-90.9667989
27,72.2,1,5,29115,39.867981349,-93.11242
27,81.4,1,5,29117,39.779329464,-93.55556273
27,68.7,1,5,29119,36.623819713,-94.35164388
27,72.1,1,5,29121,39.831017153,-92.56787463
27,77.4,1,5,29123,37.476763339,-90.35141811
27,70.1,1,5,29125,38.161769663,-91.92845625
27,75.4,1,5,29127,39.807129795,-91.6283092
27,80.9,1,5,29129,40.423194096,-93.57378449
27,69.9,1,5,29131,38.213525531,-92.43066831
27,94,1,5,29133,36.831314835,-89.29535873
27,73.9,1,5,29135,38.629823164,-92.58646752
27,79.6,1,5,29137,39.497839704,-92.00487843
27,78.3,1,5,29139,38.94374362,-91.47706151
27,83.1,1,5,29141,38.42613246,-92.88969684
27,96.5,1,5,29143,36.595828493,-89.65335104
27,80.3,1,5,29145,36.906853453,-94.34387569
27,38.1,1,5,29147,40.364922835,-94.89394986
27,88.5,1,5,29149,36.68135427,-91.41060573
27,66.6,1,5,29151,38.458949853,-91.86873516
27,78.6,1,5,29153,36.646637842,-92.45039922
27,102.6,1,5,29155,36.212066964,-89.78778725
27,75.3,1,5,29157,37.709939237,-89.83409518
27,76.8,1,5,29159,38.729550327,-93.29135658
27,77.5,1,5,29161,37.880384169,-91.79678812
27,82.6,1,5,29163,39.345618794,-91.1761125
27,64.3,1,5,29165,39.382643166,-94.7805207
27,89.2,1,5,29167,37.613172437,-93.4069003
27,54.1,1,5,29169,37.824354096,-92.20902402
27,76.3,1,5,29171,40.476684081,-93.02012975
27,87.7,1,5,29173,39.528679124,-91.52867674
27,86.4,1,5,29175,39.44212982,-92.50105807
27,65.9,1,5,29177,39.353613546,-93.99681334
27,91.3,1,5,29179,37.363729703,-90.97653889
27,90.8,1,5,29181,36.648435833,-90.86732678
27,60,1,5,29183,38.782169448,-90.68017228
27,79.9,1,5,29185,38.03486736,-93.78388157
27,76.2,1,5,29186,37.896172481,-90.20017543
27,75.5,1,5,29187,37.811036409,-90.47503957
27,77.4,1,5,29189,38.640110424,-90.44993491
27,70.3,1,5,29195,39.136245146,-93.20972533
27,67.1,1,5,29197,40.469796805,-92.52764025
27,61.8,1,5,29199,40.453551867,-92.15339559
27,88.3,1,5,29201,37.053142361,-89.57208951
27,87.9,1,5,29203,37.155708815,-91.40967201
27,75.4,1,5,29205,39.798945262,-92.07945958
27,90.2,1,5,29207,36.857208927,-89.95075571
27,66.2,1,5,29209,36.741237098,-93.46624803
27,71,1,5,29211,40.207131583,-93.11748834
27,59.2,1,5,29213,36.650969033,-93.04910296
27,83,1,5,29215,37.318053702,-91.97148316
27,75.5,1,5,29217,37.849328927,-94.3467477
27,62.4,1,5,29219,38.76450476,-91.16526969
27,69.3,1,5,29221,37.963165483,-90.88316234
27,88.2,1,5,29223,37.111243974,-90.46714302
27,68.4,1,5,29225,37.282710084,-92.8806152
27,51.3,1,5,29227,40.481371494,-94.43084924
27,85.4,1,5,29229,37.274183428,-92.47215503
27,70.9,1,5,29510,38.648646497,-90.24183448
27,90.6,2,5,29001,40.19031951,-92.60636527
27,72.2,2,5,29003,39.985253317,-94.81399649
27,66.6,2,5,29005,40.433723469,-95.43276924
27,74.4,2,5,29007,39.219032071,-91.84662143
27,81,2,5,29009,36.705025835,-93.83699239
27,73.2,2,5,29011,37.500617144,-94.35077413
27,77.3,2,5,29013,38.254083431,-94.34517781
27,70.4,2,5,29015,38.294298032,-93.29222734
27,82.9,2,5,29017,37.326822142,-90.02996754
27,70.2,2,5,29019,38.990023788,-92.31338382
27,74.2,2,5,29021,39.659156746,-94.81390444
27,86.2,2,5,29023,36.713413077,-90.41143174
27,86.6,2,5,29025,39.655133085,-93.99204691
27,70.7,2,5,29027,38.839209071,-91.92970782
27,66.1,2,5,29029,38.026217328,-92.76889994
27,75.9,2,5,29031,37.385345341,-89.68728545
27,69.7,2,5,29033,39.426325494,-93.51362971
27,85.8,2,5,29035,36.941963885,-90.96957925
27,62,2,5,29037,38.641885145,-94.35824252
27,80,2,5,29039,37.72201012,-93.86350598
27,72.3,2,5,29041,39.513614738,-92.97032778
27,70,2,5,29043,36.970767286,-93.19710384
27,97.9,2,5,29045,40.410800937,-91.74424881
27,57,2,5,29047,39.309979036,-94.42955529
27,78.4,2,5,29049,39.597662744,-94.4162407
27,71.1,2,5,29051,38.504875574,-92.28161699
27,76,2,5,29053,38.844813616,-92.81315275
27,78.4,2,5,29055,37.976074122,-91.31320006
27,65.4,2,5,29057,37.431886813,-93.85740614
27,62.1,2,5,29059,37.678638402,-93.02827404
27,82.7,2,5,29061,39.960137401,-93.99295672
27,84.6,2,5,29063,39.891319284,-94.41588148
27,84.6,2,5,29065,37.604703806,-91.51674226
27,83.1,2,5,29067,36.934174031,-92.50175979
27,82.1,2,5,29069,36.140153569,-90.05879584
27,69.3,2,5,29071,38.410557435,-91.0795019
27,72.4,2,5,29073,38.443826915,-91.51515144
27,75.1,2,5,29075,40.214227109,-94.41956492
27,61.3,2,5,29077,37.25648348,-93.3494591
27,61.8,2,5,29079,40.111270357,-93.57246133
27,78.8,2,5,29081,40.355134482,-93.99975424
27,73.1,2,5,29083,38.384557174,-93.79672193
27,69.8,2,5,29085,37.939448114,-93.32606373
27,64.2,2,5,29087,40.098767951,-95.22153752
27,76.7,2,5,29089,39.143636342,-92.70191582
27,85,2,5,29091,36.77050079,-91.89389486
27,78.2,2,5,29093,37.503991059,-90.69569654
27,67.7,2,5,29095,39.006800933,-94.35213345
27,79.5,2,5,29097,37.204114281,-94.34421776
27,71.3,2,5,29099,38.262478455,-90.53832146
27,68.5,2,5,29101,38.742254269,-93.811845
27,108.6,2,5,29103,40.128116671,-92.15342425
27,74.7,2,5,29105,37.660686343,-92.59196126
27,71.1,2,5,29107,39.063745982,-93.79354995
27,74.6,2,5,29109,37.105745003,-93.84071947
27,92.9,2,5,29111,40.098970351,-91.7274392
27,66.1,2,5,29113,39.058428988,-90.9667989
27,63.7,2,5,29115,39.867981349,-93.11242
27,55.7,2,5,29117,39.779329464,-93.55556273
27,74.4,2,5,29119,36.623819713,-94.35164388
27,81.8,2,5,29121,39.831017153,-92.56787463
27,80.2,2,5,29123,37.476763339,-90.35141811
27,72.5,2,5,29125,38.161769663,-91.92845625
27,91.2,2,5,29127,39.807129795,-91.6283092
27,79.1,2,5,29129,40.423194096,-93.57378449
27,59.2,2,5,29131,38.213525531,-92.43066831
27,86.1,2,5,29133,36.831314835,-89.29535873
27,69.2,2,5,29135,38.629823164,-92.58646752
27,90.9,2,5,29137,39.497839704,-92.00487843
27,72.8,2,5,29139,38.94374362,-91.47706151
27,66.5,2,5,29141,38.42613246,-92.88969684
27,87.8,2,5,29143,36.595828493,-89.65335104
27,83.9,2,5,29145,36.906853453,-94.34387569
27,62.3,2,5,29147,40.364922835,-94.89394986
27,83.7,2,5,29149,36.68135427,-91.41060573
27,66.4,2,5,29151,38.458949853,-91.86873516
27,87.1,2,5,29153,36.646637842,-92.45039922
27,75.9,2,5,29155,36.212066964,-89.78778725
27,74.7,2,5,29157,37.709939237,-89.83409518
27,68.8,2,5,29159,38.729550327,-93.29135658
27,78.2,2,5,29161,37.880384169,-91.79678812
27,77.9,2,5,29163,39.345618794,-91.1761125
27,59.3,2,5,29165,39.382643166,-94.7805207
27,60.8,2,5,29167,37.613172437,-93.4069003
27,71.3,2,5,29169,37.824354096,-92.20902402
27,84.3,2,5,29171,40.476684081,-93.02012975
27,84.3,2,5,29173,39.528679124,-91.52867674
27,75.6,2,5,29175,39.44212982,-92.50105807
27,71.2,2,5,29177,39.353613546,-93.99681334
27,88.2,2,5,29179,37.363729703,-90.97653889
27,90.4,2,5,29181,36.648435833,-90.86732678
27,59.8,2,5,29183,38.782169448,-90.68017228
27,84.9,2,5,29185,38.03486736,-93.78388157
27,76.6,2,5,29186,37.896172481,-90.20017543
27,79.5,2,5,29187,37.811036409,-90.47503957
27,69,2,5,29189,38.640110424,-90.44993491
27,75.7,2,5,29195,39.136245146,-93.20972533
27,86.1,2,5,29197,40.469796805,-92.52764025
27,83.4,2,5,29199,40.453551867,-92.15339559
27,83.4,2,5,29201,37.053142361,-89.57208951
27,88.8,2,5,29203,37.155708815,-91.40967201
27,103,2,5,29205,39.798945262,-92.07945958
27,82.7,2,5,29207,36.857208927,-89.95075571
27,76.9,2,5,29209,36.741237098,-93.46624803
27,87.1,2,5,29211,40.207131583,-93.11748834
27,78.3,2,5,29213,36.650969033,-93.04910296
27,86,2,5,29215,37.318053702,-91.97148316
27,73.2,2,5,29217,37.849328927,-94.3467477
27,62.8,2,5,29219,38.76450476,-91.16526969
27,76.2,2,5,29221,37.963165483,-90.88316234
27,87.2,2,5,29223,37.111243974,-90.46714302
27,71.8,2,5,29225,37.282710084,-92.8806152
27,65.9,2,5,29227,40.481371494,-94.43084924
27,89.1,2,5,29229,37.274183428,-92.47215503
27,72,2,5,29510,38.648646497,-90.24183448
27,46.4,1,3,29019,38.990023788,-92.31338382
27,120.9,1,3,29037,38.641885145,-94.35824252
27,113.2,1,3,29047,39.309979036,-94.42955529
27,39.1,1,3,29051,38.504875574,-92.28161699
27,154.5,1,3,29069,36.140153569,-90.05879584
27,142.9,1,3,29071,38.410557435,-91.0795019
27,105.1,1,3,29077,37.25648348,-93.3494591
27,112.5,1,3,29095,39.006800933,-94.35213345
27,139.8,1,3,29099,38.262478455,-90.53832146
27,121,1,3,29101,38.742254269,-93.811845
27,114.2,1,3,29107,39.063745982,-93.79354995
27,121.6,1,3,29155,36.212066964,-89.78778725
27,132.2,1,3,29165,39.382643166,-94.7805207
27,107.6,1,3,29177,39.353613546,-93.99681334
27,141.6,1,3,29183,38.782169448,-90.68017228
27,151.3,1,3,29189,38.640110424,-90.44993491
27,138.3,1,3,29510,38.648646497,-90.24183448
27,84.2,2,3,29019,38.990023788,-92.31338382
27,94.3,2,3,29037,38.641885145,-94.35824252
27,134,2,3,29047,39.309979036,-94.42955529
27,90.9,2,3,29069,36.140153569,-90.05879584
27,117.8,2,3,29071,38.410557435,-91.0795019
27,88.5,2,3,29095,39.006800933,-94.35213345
27,120.6,2,3,29099,38.262478455,-90.53832146
27,91.2,2,3,29101,38.742254269,-93.811845
27,88.2,2,3,29107,39.063745982,-93.79354995
27,124.9,2,3,29143,36.595828493,-89.65335104
27,101.6,2,3,29165,39.382643166,-94.7805207
27,95.3,2,3,29177,39.353613546,-93.99681334
27,112.7,2,3,29183,38.782169448,-90.68017228
27,117.2,2,3,29189,38.640110424,-90.44993491
27,112.3,2,3,29510,38.648646497,-90.24183448
27,55.3,1,4,29037,38.641885145,-94.35824252
27,64,1,4,29047,39.309979036,-94.42955529
27,25,1,4,29077,37.25648348,-93.3494591
27,65.9,1,4,29095,39.006800933,-94.35213345
27,45.5,1,4,29183,38.782169448,-90.68017228
27,49.5,1,4,29189,38.640110424,-90.44993491
27,47.4,1,4,29510,38.648646497,-90.24183448
27,51,2,4,29037,38.641885145,-94.35824252
27,57.8,2,4,29047,39.309979036,-94.42955529
27,42.2,2,4,29077,37.25648348,-93.3494591
27,52.9,2,4,29095,39.006800933,-94.35213345
27,34.4,2,4,29183,38.782169448,-90.68017228
27,35.6,2,4,29189,38.640110424,-90.44993491
27,39.4,2,4,29510,38.648646497,-90.24183448
27,83.6,1,2,29019,38.990023788,-92.31338382
27,78.7,1,2,29095,39.006800933,-94.35213345
27,71.5,1,2,29183,38.782169448,-90.68017228
27,72.6,1,2,29189,38.640110424,-90.44993491
27,77.3,1,2,29510,38.648646497,-90.24183448
27,162,2,2,29019,38.990023788,-92.31338382
27,40.4,2,2,29047,39.309979036,-94.42955529
27,26.6,2,2,29077,37.25648348,-93.3494591
27,64.6,2,2,29095,39.006800933,-94.35213345
27,46,2,2,29183,38.782169448,-90.68017228
27,46.3,2,2,29189,38.640110424,-90.44993491
27,45.5,2,2,29510,38.648646497,-90.24183448
28,166.7,1,0,69000,15.189978889,145.75125879
28,165.6,2,0,69000,15.189978889,145.75125879
29,139.2,1,0,28001,31.488194703,-91.35023367
29,105,1,0,28003,34.887454171,-88.56943649
29,109.7,1,0,28005,31.180357595,-90.80251576
29,121,1,0,28007,33.090056998,-89.57868948
29,116.7,1,0,28009,34.82343975,-89.17947005
29,112,1,0,28011,33.800185155,-90.87877803
29,73.5,1,0,28013,33.939480682,-89.33217356
29,135.2,1,0,28015,33.454452392,-89.91550874
29,104.6,1,0,28017,33.924973296,-88.94140044
29,118.6,1,0,28019,33.353114369,-89.24519741
29,150,1,0,28021,31.975403798,-90.90714005
29,121.1,1,0,28023,32.043314765,-88.68856609
29,122.1,1,0,28025,33.65813557,-88.77323433
29,108.9,1,0,28027,34.233946471,-90.6023695
29,128.4,1,0,28029,31.873315894,-90.44566443
29,155.7,1,0,28031,31.637043343,-89.54952947
29,75.6,1,0,28033,34.880931088,-89.98979155
29,95.4,1,0,28035,31.19554163,-89.25289564
29,137.5,1,0,28037,31.484185931,-90.8978773
29,100.3,1,0,28039,30.865688673,-88.63954183
29,91.4,1,0,28041,31.21588423,-88.63544085
29,121.2,1,0,28043,33.772395341,-89.79687447
29,94,1,0,28045,30.423634086,-89.48270903
29,104.4,1,0,28047,30.51784466,-89.10798614
29,156,1,0,28049,32.273244878,-90.43868085
29,143.9,1,0,28051,33.131649232,-90.08673323
29,141.8,1,0,28053,33.133228022,-90.52176361
29,112.7,1,0,28055,32.7508632,-90.98408524
29,104.7,1,0,28057,34.283965319,-88.35469218
29,99.4,1,0,28059,30.550045836,-88.63331953
29,88.5,1,0,28061,32.022787933,-89.11722211
29,132.9,1,0,28063,31.738752937,-91.0367115
29,91,1,0,28065,31.572947871,-89.82001194
29,92.7,1,0,28067,31.626057326,-89.16023759
29,100.6,1,0,28069,32.756617694,-88.64134602
29,131.3,1,0,28071,34.363554057,-89.48044293
29,63,1,0,28073,31.21239416,-89.5073305
29,106.3,1,0,28075,32.40724923,-88.66378375
29,109.9,1,0,28077,31.55474172,-90.10591457
29,113.1,1,0,28079,32.756057796,-89.52316166
29,111.6,1,0,28081,34.296380941,-88.6724711
29,146.7,1,0,28083,33.554668228,-90.29771572
29,131.6,1,0,28085,31.538657751,-90.45395905
29,109.1,1,0,28087,33.474052855,-88.44116838
29,120.3,1,0,28089,32.639822545,-90.0265648
29,106.4,1,0,28091,31.236046044,-89.81906414
29,107.1,1,0,28093,34.770048598,-89.49717847
29,111.9,1,0,28095,33.896253974,-88.47568696
29,116.5,1,0,28097,33.498914163,-89.61447779
29,104.2,1,0,28099,32.755946454,-89.11484042
29,102.3,1,0,28101,32.405839154,-89.11805861
29,108.1,1,0,28103,33.111860732,-88.56658536
29,111,1,0,28105,33.429361392,-88.87420673
29,115.4,1,0,28107,34.370574993,-89.94760743
29,74.1,1,0,28109,30.77522716,-89.58220196
29,83.2,1,0,28111,31.176165665,-88.98385459
29,126.8,1,0,28113,31.182157862,-90.40110773
29,98.5,1,0,28115,34.230084716,-89.03161159
29,113.1,1,0,28117,34.624438582,-88.50844125
29,104.3,1,0,28119,34.257279493,-90.28752016
29,75.6,1,0,28121,32.269834227,-89.94288741
29,78.8,1,0,28123,32.410612085,-89.53594685
29,109.1,1,0,28125,32.887301984,-90.80916355
29,77.1,1,0,28127,31.920243402,-89.91445314
29,82.1,1,0,28129,32.022623921,-89.50435175
29,97.2,1,0,28131,30.795270099,-89.10687323
29,123,1,0,28133,33.60694387,-90.58681668
29,120.6,1,0,28135,33.952545944,-90.17525099
29,99,1,0,28137,34.658449764,-89.94349199
29,130.5,1,0,28139,34.776145089,-88.89935384
29,91.4,1,0,28141,34.746973763,-88.2307867
29,78,1,0,28143,34.655004768,-90.37186551
29,119.7,1,0,28145,34.497085091,-88.99522451
29,125.8,1,0,28147,31.15537477,-90.10294154
29,133.8,1,0,28149,32.358655361,-90.8534235
29,114.2,1,0,28151,33.292038039,-90.94384854
29,82.9,1,0,28153,31.641259045,-88.68972686
29,117.7,1,0,28155,33.616742884,-89.27843778
29,118.7,1,0,28157,31.166024406,-91.31044952
29,112.6,1,0,28159,33.092157003,-89.03277556
29,96.8,1,0,28161,34.031372297,-89.70897679
29,133.6,1,0,28163,32.784335956,-90.38941934
29,84.1,2,0,28001,31.488194703,-91.35023367
29,94.8,2,0,28003,34.887454171,-88.56943649
29,70.8,2,0,28005,31.180357595,-90.80251576
29,103.3,2,0,28007,33.090056998,-89.57868948
29,67.8,2,0,28009,34.82343975,-89.17947005
29,101,2,0,28011,33.800185155,-90.87877803
29,89.1,2,0,28013,33.939480682,-89.33217356
29,103.4,2,0,28015,33.454452392,-89.91550874
29,101.8,2,0,28017,33.924973296,-88.94140044
29,97.8,2,0,28019,33.353114369,-89.24519741
29,95.2,2,0,28021,31.975403798,-90.90714005
29,116.8,2,0,28023,32.043314765,-88.68856609
29,93.8,2,0,28025,33.65813557,-88.77323433
29,99.6,2,0,28027,34.233946471,-90.6023695
29,78.6,2,0,28029,31.873315894,-90.44566443
29,88.1,2,0,28031,31.637043343,-89.54952947
29,75,2,0,28033,34.880931088,-89.98979155
29,93.7,2,0,28035,31.19554163,-89.25289564
29,89.7,2,0,28037,31.484185931,-90.8978773
29,99.3,2,0,28039,30.865688673,-88.63954183
29,88.8,2,0,28041,31.21588423,-88.63544085
29,108.6,2,0,28043,33.772395341,-89.79687447
29,79.4,2,0,28045,30.423634086,-89.48270903
29,89.3,2,0,28047,30.51784466,-89.10798614
29,103.1,2,0,28049,32.273244878,-90.43868085
29,104.4,2,0,28051,33.131649232,-90.08673323
29,104.3,2,0,28053,33.133228022,-90.52176361
29,93.2,2,0,28055,32.7508632,-90.98408524
29,105.7,2,0,28057,34.283965319,-88.35469218
29,95.8,2,0,28059,30.550045836,-88.63331953
29,84.3,2,0,28061,32.022787933,-89.11722211
29,79.5,2,0,28063,31.738752937,-91.0367115
29,81.3,2,0,28065,31.572947871,-89.82001194
29,88.3,2,0,28067,31.626057326,-89.16023759
29,101.7,2,0,28069,32.756617694,-88.64134602
29,68.4,2,0,28071,34.363554057,-89.48044293
29,81.7,2,0,28073,31.21239416,-89.5073305
29,106.3,2,0,28075,32.40724923,-88.66378375
29,94.5,2,0,28077,31.55474172,-90.10591457
29,106.2,2,0,28079,32.756057796,-89.52316166
29,116.4,2,0,28081,34.296380941,-88.6724711
29,123.5,2,0,28083,33.554668228,-90.29771572
29,116.6,2,0,28085,31.538657751,-90.45395905
29,89.3,2,0,28087,33.474052855,-88.44116838
29,119.8,2,0,28089,32.639822545,-90.0265648
29,83.8,2,0,28091,31.236046044,-89.81906414
29,73.5,2,0,28093,34.770048598,-89.49717847
29,101.1,2,0,28095,33.896253974,-88.47568696
29,100.5,2,0,28097,33.498914163,-89.61447779
29,97.5,2,0,28099,32.755946454,-89.11484042
29,96.7,2,0,28101,32.405839154,-89.11805861
29,93,2,0,28103,33.111860732,-88.56658536
29,98.2,2,0,28105,33.429361392,-88.87420673
29,73.3,2,0,28107,34.370574993,-89.94760743
29,86,2,0,28109,30.77522716,-89.58220196
29,83.3,2,0,28111,31.176165665,-88.98385459
29,99.6,2,0,28113,31.182157862,-90.40110773
29,98.1,2,0,28115,34.230084716,-89.03161159
29,109.7,2,0,28117,34.624438582,-88.50844125
29,85.5,2,0,28119,34.257279493,-90.28752016
29,68.9,2,0,28121,32.269834227,-89.94288741
29,83.3,2,0,28123,32.410612085,-89.53594685
29,85.6,2,0,28125,32.887301984,-90.80916355
29,81.7,2,0,28127,31.920243402,-89.91445314
29,75.4,2,0,28129,32.022623921,-89.50435175
29,91.8,2,0,28131,30.795270099,-89.10687323
29,112.4,2,0,28133,33.60694387,-90.58681668
29,97.6,2,0,28135,33.952545944,-90.17525099
29,61.5,2,0,28137,34.658449764,-89.94349199
29,92.2,2,0,28139,34.776145089,-88.89935384
29,97.1,2,0,28141,34.746973763,-88.2307867
29,79.3,2,0,28143,34.655004768,-90.37186551
29,90.7,2,0,28145,34.497085091,-88.99522451
29,105.3,2,0,28147,31.15537477,-90.10294154
29,100.1,2,0,28149,32.358655361,-90.8534235
29,103.5,2,0,28151,33.292038039,-90.94384854
29,70.3,2,0,28153,31.641259045,-88.68972686
29,100.3,2,0,28155,33.616742884,-89.27843778
29,87.7,2,0,28157,31.166024406,-91.31044952
29,91.5,2,0,28159,33.092157003,-89.03277556
29,90.1,2,0,28161,34.031372297,-89.70897679
29,105.4,2,0,28163,32.784335956,-90.38941934
29,88.3,1,5,28001,31.488194703,-91.35023367
29,98.5,1,5,28003,34.887454171,-88.56943649
29,85.9,1,5,28005,31.180357595,-90.80251576
29,100,1,5,28007,33.090056998,-89.57868948
29,99.4,1,5,28009,34.82343975,-89.17947005
29,92.4,1,5,28011,33.800185155,-90.87877803
29,82.8,1,5,28013,33.939480682,-89.33217356
29,103.1,1,5,28015,33.454452392,-89.91550874
29,88.8,1,5,28017,33.924973296,-88.94140044
29,99.6,1,5,28019,33.353114369,-89.24519741
29,107.4,1,5,28021,31.975403798,-90.90714005
29,112.4,1,5,28023,32.043314765,-88.68856609
29,97.3,1,5,28025,33.65813557,-88.77323433
29,86.9,1,5,28027,34.233946471,-90.6023695
29,85.3,1,5,28029,31.873315894,-90.44566443
29,140.3,1,5,28031,31.637043343,-89.54952947
29,70.3,1,5,28033,34.880931088,-89.98979155
29,71.5,1,5,28035,31.19554163,-89.25289564
29,99.7,1,5,28037,31.484185931,-90.8978773
29,91.2,1,5,28039,30.865688673,-88.63954183
29,80.9,1,5,28041,31.21588423,-88.63544085
29,98.3,1,5,28043,33.772395341,-89.79687447
29,89.1,1,5,28045,30.423634086,-89.48270903
29,93.4,1,5,28047,30.51784466,-89.10798614
29,120.4,1,5,28049,32.273244878,-90.43868085
29,106.9,1,5,28051,33.131649232,-90.08673323
29,101.1,1,5,28053,33.133228022,-90.52176361
29,96.1,1,5,28055,32.7508632,-90.98408524
29,95.4,1,5,28057,34.283965319,-88.35469218
29,83.9,1,5,28059,30.550045836,-88.63331953
29,80.8,1,5,28061,32.022787933,-89.11722211
29,97.7,1,5,28063,31.738752937,-91.0367115
29,76.5,1,5,28065,31.572947871,-89.82001194
29,83.6,1,5,28067,31.626057326,-89.16023759
29,86.7,1,5,28069,32.756617694,-88.64134602
29,96.4,1,5,28071,34.363554057,-89.48044293
29,54.3,1,5,28073,31.21239416,-89.5073305
29,96.5,1,5,28075,32.40724923,-88.66378375
29,98.3,1,5,28077,31.55474172,-90.10591457
29,94.8,1,5,28079,32.756057796,-89.52316166
29,98.7,1,5,28081,34.296380941,-88.6724711
29,103.6,1,5,28083,33.554668228,-90.29771572
29,102.8,1,5,28085,31.538657751,-90.45395905
29,96.8,1,5,28087,33.474052855,-88.44116838
29,106.2,1,5,28089,32.639822545,-90.0265648
29,92.5,1,5,28091,31.236046044,-89.81906414
29,83,1,5,28093,34.770048598,-89.49717847
29,90.5,1,5,28095,33.896253974,-88.47568696
29,108.7,1,5,28097,33.498914163,-89.61447779
29,87.3,1,5,28099,32.755946454,-89.11484042
29,92.1,1,5,28101,32.405839154,-89.11805861
29,85.4,1,5,28103,33.111860732,-88.56658536
29,88.8,1,5,28105,33.429361392,-88.87420673
29,100.4,1,5,28107,34.370574993,-89.94760743
29,67.7,1,5,28109,30.77522716,-89.58220196
29,77.7,1,5,28111,31.176165665,-88.98385459
29,97.3,1,5,28113,31.182157862,-90.40110773
29,97.1,1,5,28115,34.230084716,-89.03161159
29,101.6,1,5,28117,34.624438582,-88.50844125
29,92.1,1,5,28119,34.257279493,-90.28752016
29,66.3,1,5,28121,32.269834227,-89.94288741
29,72.2,1,5,28123,32.410612085,-89.53594685
29,98.1,1,5,28125,32.887301984,-90.80916355
29,74.8,1,5,28127,31.920243402,-89.91445314
29,78.7,1,5,28129,32.022623921,-89.50435175
29,90.9,1,5,28131,30.795270099,-89.10687323
29,93.5,1,5,28133,33.60694387,-90.58681668
29,98.8,1,5,28135,33.952545944,-90.17525099
29,77.6,1,5,28137,34.658449764,-89.94349199
29,101.8,1,5,28139,34.776145089,-88.89935384
29,88.4,1,5,28141,34.746973763,-88.2307867
29,67.4,1,5,28143,34.655004768,-90.37186551
29,109.4,1,5,28145,34.497085091,-88.99522451
29,114.7,1,5,28147,31.15537477,-90.10294154
29,102.7,1,5,28149,32.358655361,-90.8534235
29,83.8,1,5,28151,33.292038039,-90.94384854
29,81.9,1,5,28153,31.641259045,-88.68972686
29,94.6,1,5,28155,33.616742884,-89.27843778
29,72.5,1,5,28157,31.166024406,-91.31044952
29,90,1,5,28159,33.092157003,-89.03277556
29,99.3,1,5,28161,34.031372297,-89.70897679
29,112.1,1,5,28163,32.784335956,-90.38941934
29,64.3,2,5,28001,31.488194703,-91.35023367
29,94.8,2,5,28003,34.887454171,-88.56943649
29,69.8,2,5,28005,31.180357595,-90.80251576
29,92.1,2,5,28007,33.090056998,-89.57868948
29,73.5,2,5,28009,34.82343975,-89.17947005
29,85.1,2,5,28011,33.800185155,-90.87877803
29,82.7,2,5,28013,33.939480682,-89.33217356
29,97.2,2,5,28015,33.454452392,-89.91550874
29,95.1,2,5,28017,33.924973296,-88.94140044
29,73,2,5,28019,33.353114369,-89.24519741
29,76,2,5,28021,31.975403798,-90.90714005
29,95.3,2,5,28023,32.043314765,-88.68856609
29,80,2,5,28025,33.65813557,-88.77323433
29,82.1,2,5,28027,34.233946471,-90.6023695
29,72.4,2,5,28029,31.873315894,-90.44566443
29,80.4,2,5,28031,31.637043343,-89.54952947
29,71.6,2,5,28033,34.880931088,-89.98979155
29,83.2,2,5,28035,31.19554163,-89.25289564
29,85.2,2,5,28037,31.484185931,-90.8978773
29,94.6,2,5,28039,30.865688673,-88.63954183
29,83.6,2,5,28041,31.21588423,-88.63544085
29,102,2,5,28043,33.772395341,-89.79687447
29,77.1,2,5,28045,30.423634086,-89.48270903
29,88.7,2,5,28047,30.51784466,-89.10798614
29,84.1,2,5,28049,32.273244878,-90.43868085
29,111.2,2,5,28051,33.131649232,-90.08673323
29,91.8,2,5,28053,33.133228022,-90.52176361
29,70.3,2,5,28055,32.7508632,-90.98408524
29,103.1,2,5,28057,34.283965319,-88.35469218
29,92.9,2,5,28059,30.550045836,-88.63331953
29,85.9,2,5,28061,32.022787933,-89.11722211
29,84.9,2,5,28063,31.738752937,-91.0367115
29,77.2,2,5,28065,31.572947871,-89.82001194
29,84.8,2,5,28067,31.626057326,-89.16023759
29,92.7,2,5,28069,32.756617694,-88.64134602
29,71,2,5,28071,34.363554057,-89.48044293
29,88.7,2,5,28073,31.21239416,-89.5073305
29,99.4,2,5,28075,32.40724923,-88.66378375
29,91.6,2,5,28077,31.55474172,-90.10591457
29,93.9,2,5,28079,32.756057796,-89.52316166
29,106.4,2,5,28081,34.296380941,-88.6724711
29,109.6,2,5,28083,33.554668228,-90.29771572
29,87.3,2,5,28085,31.538657751,-90.45395905
29,77.1,2,5,28087,33.474052855,-88.44116838
29,117,2,5,28089,32.639822545,-90.0265648
29,80.2,2,5,28091,31.236046044,-89.81906414
29,70.8,2,5,28093,34.770048598,-89.49717847
29,96.1,2,5,28095,33.896253974,-88.47568696
29,87,2,5,28097,33.498914163,-89.61447779
29,84.6,2,5,28099,32.755946454,-89.11484042
29,87.6,2,5,28101,32.405839154,-89.11805861
29,81.9,2,5,28103,33.111860732,-88.56658536
29,81.6,2,5,28105,33.429361392,-88.87420673
29,62.1,2,5,28107,34.370574993,-89.94760743
29,82.8,2,5,28109,30.77522716,-89.58220196
29,82.5,2,5,28111,31.176165665,-88.98385459
29,80.5,2,5,28113,31.182157862,-90.40110773
29,92.5,2,5,28115,34.230084716,-89.03161159
29,105.1,2,5,28117,34.624438582,-88.50844125
29,67.4,2,5,28119,34.257279493,-90.28752016
29,63,2,5,28121,32.269834227,-89.94288741
29,74.2,2,5,28123,32.410612085,-89.53594685
29,79.6,2,5,28125,32.887301984,-90.80916355
29,70.5,2,5,28127,31.920243402,-89.91445314
29,69.2,2,5,28129,32.022623921,-89.50435175
29,92.2,2,5,28131,30.795270099,-89.10687323
29,100.4,2,5,28133,33.60694387,-90.58681668
29,97.7,2,5,28135,33.952545944,-90.17525099
29,64.7,2,5,28137,34.658449764,-89.94349199
29,92.6,2,5,28139,34.776145089,-88.89935384
29,96.9,2,5,28141,34.746973763,-88.2307867
29,65.9,2,5,28143,34.655004768,-90.37186551
29,87.1,2,5,28145,34.497085091,-88.99522451
29,95.3,2,5,28147,31.15537477,-90.10294154
29,75,2,5,28149,32.358655361,-90.8534235
29,90.2,2,5,28151,33.292038039,-90.94384854
29,77.9,2,5,28153,31.641259045,-88.68972686
29,83.3,2,5,28155,33.616742884,-89.27843778
29,73,2,5,28157,31.166024406,-91.31044952
29,71.8,2,5,28159,33.092157003,-89.03277556
29,86.2,2,5,28161,34.031372297,-89.70897679
29,90.3,2,5,28163,32.784335956,-90.38941934
29,206.2,1,3,28001,31.488194703,-91.35023367
29,290,1,3,28003,34.887454171,-88.56943649
29,174.9,1,3,28005,31.180357595,-90.80251576
29,158.5,1,3,28007,33.090056998,-89.57868948
29,144.3,1,3,28009,34.82343975,-89.17947005
29,147.3,1,3,28011,33.800185155,-90.87877803
29,116.5,1,3,28013,33.939480682,-89.33217356
29,187.2,1,3,28015,33.454452392,-89.91550874
29,177.3,1,3,28017,33.924973296,-88.94140044
29,151,1,3,28019,33.353114369,-89.24519741
29,172.2,1,3,28021,31.975403798,-90.90714005
29,127.5,1,3,28023,32.043314765,-88.68856609
29,176.1,1,3,28025,33.65813557,-88.77323433
29,129.1,1,3,28027,34.233946471,-90.6023695
29,174.6,1,3,28029,31.873315894,-90.44566443
29,130.2,1,3,28031,31.637043343,-89.54952947
29,100.8,1,3,28033,34.880931088,-89.98979155
29,138.5,1,3,28035,31.19554163,-89.25289564
29,213,1,3,28037,31.484185931,-90.8978773
29,136,1,3,28039,30.865688673,-88.63954183
29,125.4,1,3,28041,31.21588423,-88.63544085
29,148.4,1,3,28043,33.772395341,-89.79687447
29,142.9,1,3,28045,30.423634086,-89.48270903
29,144.3,1,3,28047,30.51784466,-89.10798614
29,160.4,1,3,28049,32.273244878,-90.43868085
29,179.4,1,3,28051,33.131649232,-90.08673323
29,170.6,1,3,28053,33.133228022,-90.52176361
29,138.2,1,3,28055,32.7508632,-90.98408524
29,250.9,1,3,28057,34.283965319,-88.35469218
29,144.7,1,3,28059,30.550045836,-88.63331953
29,122.1,1,3,28061,32.022787933,-89.11722211
29,200.7,1,3,28063,31.738752937,-91.0367115
29,120.1,1,3,28065,31.572947871,-89.82001194
29,129.6,1,3,28067,31.626057326,-89.16023759
29,124.2,1,3,28069,32.756617694,-88.64134602
29,188.6,1,3,28071,34.363554057,-89.48044293
29,147.1,1,3,28073,31.21239416,-89.5073305
29,126.6,1,3,28075,32.40724923,-88.66378375
29,143.4,1,3,28077,31.55474172,-90.10591457
29,187.5,1,3,28079,32.756057796,-89.52316166
29,206.6,1,3,28081,34.296380941,-88.6724711
29,186.1,1,3,28083,33.554668228,-90.29771572
29,190.6,1,3,28085,31.538657751,-90.45395905
29,153.9,1,3,28087,33.474052855,-88.44116838
29,145.9,1,3,28089,32.639822545,-90.0265648
29,130.6,1,3,28091,31.236046044,-89.81906414
29,139.6,1,3,28093,34.770048598,-89.49717847
29,183.2,1,3,28095,33.896253974,-88.47568696
29,136.6,1,3,28097,33.498914163,-89.61447779
29,133,1,3,28099,32.755946454,-89.11484042
29,124.7,1,3,28101,32.405839154,-89.11805861
29,140.8,1,3,28103,33.111860732,-88.56658536
29,152.7,1,3,28105,33.429361392,-88.87420673
29,172.3,1,3,28107,34.370574993,-89.94760743
29,141.1,1,3,28109,30.77522716,-89.58220196
29,111.6,1,3,28111,31.176165665,-88.98385459
29,163.2,1,3,28113,31.182157862,-90.40110773
29,151.9,1,3,28115,34.230084716,-89.03161159
29,441.7,1,3,28117,34.624438582,-88.50844125
29,145.7,1,3,28119,34.257279493,-90.28752016
29,133.7,1,3,28121,32.269834227,-89.94288741
29,112.5,1,3,28123,32.410612085,-89.53594685
29,135.3,1,3,28125,32.887301984,-90.80916355
29,136,1,3,28127,31.920243402,-89.91445314
29,111.5,1,3,28129,32.022623921,-89.50435175
29,141.4,1,3,28131,30.795270099,-89.10687323
29,147.8,1,3,28133,33.60694387,-90.58681668
29,154.4,1,3,28135,33.952545944,-90.17525099
29,186.8,1,3,28137,34.658449764,-89.94349199
29,393.4,1,3,28139,34.776145089,-88.89935384
29,180.9,1,3,28141,34.746973763,-88.2307867
29,77.5,1,3,28143,34.655004768,-90.37186551
29,148.9,1,3,28145,34.497085091,-88.99522451
29,160,1,3,28147,31.15537477,-90.10294154
29,161.3,1,3,28149,32.358655361,-90.8534235
29,129.2,1,3,28151,33.292038039,-90.94384854
29,113.5,1,3,28153,31.641259045,-88.68972686
29,149.1,1,3,28155,33.616742884,-89.27843778
29,210.2,1,3,28157,31.166024406,-91.31044952
29,160.8,1,3,28159,33.092157003,-89.03277556
29,137.8,1,3,28161,34.031372297,-89.70897679
29,164.6,1,3,28163,32.784335956,-90.38941934
29,91.8,2,3,28001,31.488194703,-91.35023367
29,153.1,2,3,28003,34.887454171,-88.56943649
29,111.4,2,3,28005,31.180357595,-90.80251576
29,116.7,2,3,28007,33.090056998,-89.57868948
29,47.6,2,3,28009,34.82343975,-89.17947005
29,133,2,3,28011,33.800185155,-90.87877803
29,110.5,2,3,28013,33.939480682,-89.33217356
29,118.8,2,3,28015,33.454452392,-89.91550874
29,136.9,2,3,28017,33.924973296,-88.94140044
29,134.9,2,3,28019,33.353114369,-89.24519741
29,105,2,3,28021,31.975403798,-90.90714005
29,120.5,2,3,28023,32.043314765,-88.68856609
29,120.6,2,3,28025,33.65813557,-88.77323433
29,103.7,2,3,28027,34.233946471,-90.6023695
29,100.8,2,3,28029,31.873315894,-90.44566443
29,108.6,2,3,28031,31.637043343,-89.54952947
29,90.7,2,3,28033,34.880931088,-89.98979155
29,109.9,2,3,28035,31.19554163,-89.25289564
29,110.9,2,3,28037,31.484185931,-90.8978773
29,111.8,2,3,28039,30.865688673,-88.63954183
29,108.8,2,3,28041,31.21588423,-88.63544085
29,119.6,2,3,28043,33.772395341,-89.79687447
29,99.9,2,3,28045,30.423634086,-89.48270903
29,96.5,2,3,28047,30.51784466,-89.10798614
29,113.7,2,3,28049,32.273244878,-90.43868085
29,122.5,2,3,28051,33.131649232,-90.08673323
29,106.4,2,3,28053,33.133228022,-90.52176361
29,110.5,2,3,28055,32.7508632,-90.98408524
29,143.1,2,3,28057,34.283965319,-88.35469218
29,106.9,2,3,28059,30.550045836,-88.63331953
29,106.8,2,3,28061,32.022787933,-89.11722211
29,83.3,2,3,28063,31.738752937,-91.0367115
29,96.1,2,3,28065,31.572947871,-89.82001194
29,102.3,2,3,28067,31.626057326,-89.16023759
29,108.6,2,3,28069,32.756617694,-88.64134602
29,80.7,2,3,28071,34.363554057,-89.48044293
29,115.1,2,3,28073,31.21239416,-89.5073305
29,123.5,2,3,28075,32.40724923,-88.66378375
29,95.9,2,3,28077,31.55474172,-90.10591457
29,118.7,2,3,28079,32.756057796,-89.52316166
29,135.6,2,3,28081,34.296380941,-88.6724711
29,130.7,2,3,28083,33.554668228,-90.29771572
29,140.8,2,3,28085,31.538657751,-90.45395905
29,111.2,2,3,28087,33.474052855,-88.44116838
29,112.4,2,3,28089,32.639822545,-90.0265648
29,98.8,2,3,28091,31.236046044,-89.81906414
29,85.2,2,3,28093,34.770048598,-89.49717847
29,136.7,2,3,28095,33.896253974,-88.47568696
29,130.9,2,3,28097,33.498914163,-89.61447779
29,115.7,2,3,28099,32.755946454,-89.11484042
29,106.6,2,3,28101,32.405839154,-89.11805861
29,108.6,2,3,28103,33.111860732,-88.56658536
29,122.4,2,3,28105,33.429361392,-88.87420673
29,92,2,3,28107,34.370574993,-89.94760743
29,105.9,2,3,28109,30.77522716,-89.58220196
29,105,2,3,28111,31.176165665,-88.98385459
29,120,2,3,28113,31.182157862,-90.40110773
29,135.4,2,3,28115,34.230084716,-89.03161159
29,147.9,2,3,28117,34.624438582,-88.50844125
29,102.6,2,3,28119,34.257279493,-90.28752016
29,112,2,3,28121,32.269834227,-89.94288741
29,106.8,2,3,28123,32.410612085,-89.53594685
29,85.9,2,3,28125,32.887301984,-90.80916355
29,106.2,2,3,28127,31.920243402,-89.91445314
29,100.8,2,3,28129,32.022623921,-89.50435175
29,103.1,2,3,28131,30.795270099,-89.10687323
29,126.9,2,3,28133,33.60694387,-90.58681668
29,111.8,2,3,28135,33.952545944,-90.17525099
29,83.6,2,3,28137,34.658449764,-89.94349199
29,101.8,2,3,28139,34.776145089,-88.89935384
29,142.5,2,3,28141,34.746973763,-88.2307867
29,118.2,2,3,28143,34.655004768,-90.37186551
29,124.1,2,3,28145,34.497085091,-88.99522451
29,129.1,2,3,28147,31.15537477,-90.10294154
29,116.1,2,3,28149,32.358655361,-90.8534235
29,97.8,2,3,28151,33.292038039,-90.94384854
29,83.5,2,3,28153,31.641259045,-88.68972686
29,127.6,2,3,28155,33.616742884,-89.27843778
29,120.7,2,3,28157,31.166024406,-91.31044952
29,116.6,2,3,28159,33.092157003,-89.03277556
29,90.1,2,3,28161,34.031372297,-89.70897679
29,116.2,2,3,28163,32.784335956,-90.38941934
29,0,1,4,28001,31.488194703,-91.35023367
29,123.7,1,4,28033,34.880931088,-89.98979155
29,82.3,1,4,28047,30.51784466,-89.10798614
29,84.5,1,4,28059,30.550045836,-88.63331953
29,2.8,2,4,28047,30.51784466,-89.10798614
29,5.2,2,4,28059,30.550045836,-88.63331953
29,146.4,2,2,28047,30.51784466,-89.10798614
30,55.8,1,0,30001,45.12505021,-112.8932115
30,70.2,1,0,30003,45.422806353,-107.4907253
30,74.8,1,0,30005,48.434858552,-108.9647208
30,39.2,1,0,30007,46.329328024,-111.4987761
30,71.3,1,0,30009,45.224789628,-109.0297802
30,66.5,1,0,30011,45.516404,-104.539164
30,53.7,1,0,30013,47.308278221,-111.3519958
30,62.8,1,0,30015,47.880372109,-110.4414389
30,59.1,1,0,30017,46.254681057,-105.5761169
30,106.6,1,0,30019,48.787140897,-105.5508736
30,55.3,1,0,30021,47.266182554,-104.9033767
30,52.8,1,0,30023,46.055400498,-113.0649629
30,79.1,1,0,30027,47.267461111,-109.2256112
30,52.1,1,0,30029,48.289549208,-114.0556773
30,60.6,1,0,30031,45.536696868,-111.1723136
30,61,1,0,30033,47.279395158,-107.0036105
30,57.4,1,0,30035,48.702025557,-113.0007911
30,74.9,1,0,30037,46.382259623,-109.1788453
30,54.4,1,0,30039,46.399452616,-113.4387149
30,56,1,0,30041,48.627919169,-110.1157481
30,49.5,1,0,30043,46.141857099,-112.095223
30,66.1,1,0,30045,47.047603462,-110.2697333
30,55.6,1,0,30047,47.639247097,-114.0956352
30,41,1,0,30049,47.119000096,-112.3947547
30,69.4,1,0,30051,48.55957915,-111.0310091
30,59.6,1,0,30053,48.538366048,-115.4092545
30,55.4,1,0,30055,47.645709037,-105.8044505
30,61,1,0,30057,45.295368759,-111.9153568
30,52.3,1,0,30059,46.596180391,-110.8945763
30,57,1,0,30061,47.141038438,-115.0011288
30,55.7,1,0,30063,47.030553179,-113.9288019
30,75.4,1,0,30065,46.496843837,-108.4016284
30,64.3,1,0,30067,45.48348203,-110.5288212
30,83.8,1,0,30069,47.11798437,-108.2542715
30,72.4,1,0,30071,48.262467508,-107.9195864
30,57.5,1,0,30073,48.221955612,-112.2365037
30,48.5,1,0,30075,45.396793577,-105.6325779
30,51.1,1,0,30077,46.857088928,-112.9415164
30,53.7,1,0,30081,46.074151841,-114.1200236
30,47.2,1,0,30083,47.790172797,-104.5662446
30,143.8,1,0,30085,48.297374604,-105.0253138
30,69.8,1,0,30087,46.232961501,-106.7338985
30,59.4,1,0,30089,47.667036789,-115.1353375
30,96.7,1,0,30091,48.722138265,-104.5078147
30,52,1,0,30093,45.897421274,-112.6490306
30,73.7,1,0,30095,45.670341929,-109.394112
30,65.8,1,0,30097,45.815596621,-109.9449584
30,51.6,1,0,30099,47.833552205,-112.2494323
30,71.2,1,0,30103,46.213937715,-107.2741472
30,62.2,1,0,30105,48.366739816,-106.6727341
30,70.4,1,0,30111,45.937600721,-108.274875
30,63.3,2,0,30001,45.12505021,-112.8932115
30,72.3,2,0,30003,45.422806353,-107.4907253
30,109.4,2,0,30005,48.434858552,-108.9647208
30,56.9,2,0,30007,46.329328024,-111.4987761
30,71.9,2,0,30009,45.224789628,-109.0297802
30,52.1,2,0,30011,45.516404,-104.539164
30,55.1,2,0,30013,47.308278221,-111.3519958
30,46.4,2,0,30015,47.880372109,-110.4414389
30,56.5,2,0,30017,46.254681057,-105.5761169
30,59.9,2,0,30019,48.787140897,-105.5508736
30,60.1,2,0,30021,47.266182554,-104.9033767
30,52.9,2,0,30023,46.055400498,-113.0649629
30,67.6,2,0,30025,46.334291786,-104.4202559
30,72.7,2,0,30027,47.267461111,-109.2256112
30,64.5,2,0,30029,48.289549208,-114.0556773
30,55.3,2,0,30031,45.536696868,-111.1723136
30,63.3,2,0,30033,47.279395158,-107.0036105
30,66.1,2,0,30035,48.702025557,-113.0007911
30,70,2,0,30037,46.382259623,-109.1788453
30,64,2,0,30039,46.399452616,-113.4387149
30,10.2,2,0,30041,48.627919169,-110.1157481
30,56.1,2,0,30043,46.141857099,-112.095223
30,56.3,2,0,30045,47.047603462,-110.2697333
30,61.8,2,0,30047,47.639247097,-114.0956352
30,59.5,2,0,30049,47.119000096,-112.3947547
30,76.9,2,0,30053,48.538366048,-115.4092545
30,57.7,2,0,30055,47.645709037,-105.8044505
30,56.3,2,0,30057,45.295368759,-111.9153568
30,57.6,2,0,30059,46.596180391,-110.8945763
30,62.1,2,0,30061,47.141038438,-115.0011288
30,62.9,2,0,30063,47.030553179,-113.9288019
30,71.3,2,0,30065,46.496843837,-108.4016284
30,57.3,2,0,30067,45.48348203,-110.5288212
30,69.9,2,0,30069,47.11798437,-108.2542715
30,82.4,2,0,30071,48.262467508,-107.9195864
30,63.4,2,0,30073,48.221955612,-112.2365037
30,44.4,2,0,30075,45.396793577,-105.6325779
30,61.4,2,0,30077,46.857088928,-112.9415164
30,53.2,2,0,30079,46.861593559,-105.3809564
30,61.1,2,0,30081,46.074151841,-114.1200236
30,65.4,2,0,30083,47.790172797,-104.5662446
30,64.6,2,0,30085,48.297374604,-105.0253138
30,71.5,2,0,30087,46.232961501,-106.7338985
30,67.5,2,0,30089,47.667036789,-115.1353375
30,54.7,2,0,30091,48.722138265,-104.5078147
30,50,2,0,30093,45.897421274,-112.6490306
30,67.8,2,0,30095,45.670341929,-109.394112
30,60.4,2,0,30097,45.815596621,-109.9449584
30,58.7,2,0,30099,47.833552205,-112.2494323
30,84.7,2,0,30101,48.653626945,-111.7010977
30,74.2,2,0,30103,46.213937715,-107.2741472
30,53,2,0,30105,48.366739816,-106.6727341
30,63.3,2,0,30107,46.467177002,-109.8534097
30,75.5,2,0,30109,46.970377426,-104.2493401
30,71,2,0,30111,45.937600721,-108.274875
30,54.7,1,5,30001,45.12505021,-112.8932115
30,67.9,1,5,30003,45.422806353,-107.4907253
30,73.8,1,5,30005,48.434858552,-108.9647208
30,40.6,1,5,30007,46.329328024,-111.4987761
30,70.6,1,5,30009,45.224789628,-109.0297802
30,61.5,1,5,30011,45.516404,-104.539164
30,50.5,1,5,30013,47.308278221,-111.3519958
30,61.7,1,5,30015,47.880372109,-110.4414389
30,43.5,1,5,30017,46.254681057,-105.5761169
30,57,1,5,30021,47.266182554,-104.9033767
30,49.2,1,5,30023,46.055400498,-113.0649629
30,79.1,1,5,30027,47.267461111,-109.2256112
30,51.8,1,5,30029,48.289549208,-114.0556773
30,60.2,1,5,30031,45.536696868,-111.1723136
30,51.6,1,5,30033,47.279395158,-107.0036105
30,58.1,1,5,30035,48.702025557,-113.0007911
30,72.2,1,5,30037,46.382259623,-109.1788453
30,56.3,1,5,30039,46.399452616,-113.4387149
30,53.6,1,5,30041,48.627919169,-110.1157481
30,49,1,5,30043,46.141857099,-112.095223
30,64.7,1,5,30045,47.047603462,-110.2697333
30,55,1,5,30047,47.639247097,-114.0956352
30,42.1,1,5,30049,47.119000096,-112.3947547
30,71.5,1,5,30051,48.55957915,-111.0310091
30,59.8,1,5,30053,48.538366048,-115.4092545
30,53.6,1,5,30055,47.645709037,-105.8044505
30,59.4,1,5,30057,45.295368759,-111.9153568
30,52.5,1,5,30059,46.596180391,-110.8945763
30,58.4,1,5,30061,47.141038438,-115.0011288
30,55.2,1,5,30063,47.030553179,-113.9288019
30,71,1,5,30065,46.496843837,-108.4016284
30,63.9,1,5,30067,45.48348203,-110.5288212
30,73.8,1,5,30069,47.11798437,-108.2542715
30,71.8,1,5,30071,48.262467508,-107.9195864
30,58.3,1,5,30073,48.221955612,-112.2365037
30,45.3,1,5,30075,45.396793577,-105.6325779
30,53,1,5,30077,46.857088928,-112.9415164
30,54.6,1,5,30081,46.074151841,-114.1200236
30,45.3,1,5,30083,47.790172797,-104.5662446
30,127,1,5,30085,48.297374604,-105.0253138
30,66.6,1,5,30087,46.232961501,-106.7338985
30,59.4,1,5,30089,47.667036789,-115.1353375
30,88.6,1,5,30091,48.722138265,-104.5078147
30,48.3,1,5,30093,45.897421274,-112.6490306
30,71.4,1,5,30095,45.670341929,-109.394112
30,63.9,1,5,30097,45.815596621,-109.9449584
30,52.3,1,5,30099,47.833552205,-112.2494323
30,68.3,1,5,30103,46.213937715,-107.2741472
30,61.8,1,5,30105,48.366739816,-106.6727341
30,68.3,1,5,30111,45.937600721,-108.274875
30,62.6,2,5,30001,45.12505021,-112.8932115
30,69.8,2,5,30003,45.422806353,-107.4907253
30,54.9,2,5,30005,48.434858552,-108.9647208
30,57.2,2,5,30007,46.329328024,-111.4987761
30,70,2,5,30009,45.224789628,-109.0297802
30,53.4,2,5,30011,45.516404,-104.539164
30,56.3,2,5,30013,47.308278221,-111.3519958
30,52,2,5,30015,47.880372109,-110.4414389
30,53,2,5,30017,46.254681057,-105.5761169
30,61.7,2,5,30021,47.266182554,-104.9033767
30,51.2,2,5,30023,46.055400498,-113.0649629
30,70.8,2,5,30025,46.334291786,-104.4202559
30,63.1,2,5,30027,47.267461111,-109.2256112
30,65.6,2,5,30029,48.289549208,-114.0556773
30,56.4,2,5,30031,45.536696868,-111.1723136
30,63.2,2,5,30033,47.279395158,-107.0036105
30,68.7,2,5,30035,48.702025557,-113.0007911
30,68.4,2,5,30037,46.382259623,-109.1788453
30,65.1,2,5,30039,46.399452616,-113.4387149
30,15.6,2,5,30041,48.627919169,-110.1157481
30,56.4,2,5,30043,46.141857099,-112.095223
30,55.9,2,5,30045,47.047603462,-110.2697333
30,62.5,2,5,30047,47.639247097,-114.0956352
30,60.1,2,5,30049,47.119000096,-112.3947547
30,78.2,2,5,30053,48.538366048,-115.4092545
30,63,2,5,30055,47.645709037,-105.8044505
30,54.4,2,5,30057,45.295368759,-111.9153568
30,58.2,2,5,30059,46.596180391,-110.8945763
30,63.6,2,5,30061,47.141038438,-115.0011288
30,63.8,2,5,30063,47.030553179,-113.9288019
30,68.9,2,5,30065,46.496843837,-108.4016284
30,58,2,5,30067,45.48348203,-110.5288212
30,65.9,2,5,30069,47.11798437,-108.2542715
30,71.8,2,5,30071,48.262467508,-107.9195864
30,63.9,2,5,30073,48.221955612,-112.2365037
30,44.9,2,5,30075,45.396793577,-105.6325779
30,62.6,2,5,30077,46.857088928,-112.9415164
30,54.5,2,5,30079,46.861593559,-105.3809564
30,62.1,2,5,30081,46.074151841,-114.1200236
30,71.1,2,5,30083,47.790172797,-104.5662446
30,70.6,2,5,30085,48.297374604,-105.0253138
30,68.2,2,5,30087,46.232961501,-106.7338985
30,68.3,2,5,30089,47.667036789,-115.1353375
30,59.3,2,5,30091,48.722138265,-104.5078147
30,48,2,5,30093,45.897421274,-112.6490306
30,66.6,2,5,30095,45.670341929,-109.394112
30,61.9,2,5,30097,45.815596621,-109.9449584
30,59.9,2,5,30099,47.833552205,-112.2494323
30,70.5,2,5,30103,46.213937715,-107.2741472
30,60.3,2,5,30105,48.366739816,-106.6727341
30,61.2,2,5,30107,46.467177002,-109.8534097
30,78.9,2,5,30109,46.970377426,-104.2493401
30,67.8,2,5,30111,45.937600721,-108.274875
30,51.5,1,1,30035,48.702025557,-113.0007911
30,108.4,2,1,30003,45.422806353,-107.4907253
30,71.4,2,1,30035,48.702025557,-113.0007911
30,58.7,2,1,30047,47.639247097,-114.0956352
31,78.4,1,0,37001,36.037795054,-79.39767176
31,74.3,1,0,37003,35.915883714,-81.17381259
31,65.7,1,0,37005,36.491139429,-81.12495368
31,103.3,1,0,37007,34.975351827,-80.10385232
31,62.6,1,0,37009,36.431523305,-81.4980867
31,71.4,1,0,37011,36.072107445,-81.92127179
31,97.4,1,0,37013,35.496117989,-76.87066367
31,99.3,1,0,37015,36.062061786,-76.98448538
31,88,1,0,37017,34.609493726,-78.55986245
31,71,1,0,37019,34.076802197,-78.25044941
31,80.5,1,0,37021,35.606945739,-82.52812029
31,79.1,1,0,37023,35.745009093,-81.70198631
31,74.2,1,0,37025,35.385035809,-80.55065588
31,70.5,1,0,37027,35.947196697,-81.54347756
31,86.2,1,0,37029,36.401359046,-76.23400265
31,80.8,1,0,37031,34.819956827,-76.69527604
31,73,1,0,37033,36.393604898,-79.33450808
31,78,1,0,37035,35.658145925,-81.21364497
31,71.8,1,0,37037,35.696548934,-79.25635814
31,66.6,1,0,37039,35.131150615,-84.05966892
31,123.3,1,0,37041,36.149088392,-76.61614669
31,65.6,1,0,37043,35.05385439,-83.74714075
31,95,1,0,37045,35.329725312,-81.54930226
31,88,1,0,37047,34.263397125,-78.65466025
31,81.5,1,0,37049,35.130966918,-77.1040157
31,77.1,1,0,37051,35.043968911,-78.82628428
31,77.3,1,0,37053,36.4074331,-76.02715005
31,96.5,1,0,37055,35.735642219,-75.80944501
31,87.8,1,0,37057,35.790145154,-80.20803615
31,86.5,1,0,37059,35.925103686,-80.54134449
31,103.3,1,0,37061,34.932628392,-77.93331718
31,64.3,1,0,37063,36.028859114,-78.87778486
31,175.5,1,0,37065,35.907375029,-77.59788335
31,86.7,1,0,37067,36.12578485,-80.25310017
31,88.6,1,0,37069,36.077783697,-78.28671421
31,89.1,1,0,37071,35.292485128,-81.17501691
31,79.6,1,0,37073,36.444383976,-76.70415484
31,67.9,1,0,37075,35.345143938,-83.82949088
31,82,1,0,37077,36.300276065,-78.65619581
31,127.1,1,0,37079,35.482457475,-77.6785889
31,85.9,1,0,37081,36.073051352,-79.78255683
31,106.9,1,0,37083,36.25320496,-77.65597733
31,81.5,1,0,37085,35.366732556,-78.87065386
31,66.1,1,0,37087,35.55158879,-82.98087441
31,77.4,1,0,37089,35.334816989,-82.47610954
31,83.8,1,0,37091,36.361599863,-76.99445908
31,100.3,1,0,37093,35.011839608,-79.23567331
31,101.2,1,0,37095,35.532274034,-76.24667636
31,78.4,1,0,37097,35.802955542,-80.87087083
31,76,1,0,37099,35.282661933,-83.13927951
31,86.8,1,0,37101,35.51362729,-78.36636061
31,88.5,1,0,37103,35.018701802,-77.35601978
31,73.4,1,0,37105,35.471211768,-79.17345601
31,125.6,1,0,37107,35.233000735,-77.64518578
31,83.2,1,0,37109,35.480722158,-81.22052587
31,80.9,1,0,37111,35.675455931,-82.04475623
31,79.3,1,0,37113,35.145203376,-83.42219573
31,101.8,1,0,37115,35.853333563,-82.70517838
31,107.3,1,0,37117,35.836512929,-77.1073422
31,81.4,1,0,37119,35.245061357,-80.8291604
31,77.9,1,0,37121,36.006075324,-82.16317462
31,85.2,1,0,37123,35.327352046,-79.90259394
31,76,1,0,37125,35.306364393,-79.478142
31,102.9,1,0,37127,35.962482183,-77.98637841
31,90.2,1,0,37129,34.261830487,-77.89548441
31,90.8,1,0,37131,36.422434842,-77.41025867
31,90.5,1,0,37133,34.739264552,-77.44262649
31,59.4,1,0,37135,36.053793086,-79.12147115
31,81.8,1,0,37137,35.135808361,-76.76844023
31,79.2,1,0,37139,36.312521549,-76.31426448
31,91.5,1,0,37141,34.52703214,-77.91598851
31,74.7,1,0,37143,36.20504285,-76.45427219
31,70,1,0,37145,36.388843844,-78.97657528
31,111.1,1,0,37147,35.589323814,-77.37758574
31,80,1,0,37149,35.275796847,-82.17010717
31,81.7,1,0,37151,35.705615133,-79.80348818
31,122.3,1,0,37153,35.001615979,-79.74208714
31,98.1,1,0,37155,34.638906676,-79.10087029
31,86.6,1,0,37157,36.39614105,-79.77013255
31,90,1,0,37159,35.636993495,-80.51911177
31,90.4,1,0,37161,35.398856619,-81.91770129
31,89,1,0,37163,34.986909856,-78.36965107
31,89.4,1,0,37165,34.839649038,-79.47696427
31,80.5,1,0,37167,35.314070059,-80.24900354
31,89.2,1,0,37169,36.400473183,-80.23405449
31,81.4,1,0,37171,36.412655939,-80.68553529
31,68.4,1,0,37173,35.480756625,-83.48966402
31,76.7,1,0,37175,35.199811227,-82.79501493
31,102.5,1,0,37177,35.809762569,-76.21946717
31,75.7,1,0,37179,34.986462306,-80.53113208
31,100.3,1,0,37181,36.362482884,-78.4109931
31,84.5,1,0,37183,35.784630527,-78.65249323
31,102.2,1,0,37185,36.39711791,-78.11013981
31,101.2,1,0,37187,35.825208388,-76.58263775
31,64.1,1,0,37189,36.224928819,-81.69111853
31,111.9,1,0,37191,35.357527609,-78.00691241
31,71.4,1,0,37193,36.201735956,-81.1594379
31,102.6,1,0,37195,35.699301017,-77.92243535
31,81.4,1,0,37197,36.154922636,-80.66389133
31,75.3,1,0,37199,35.89231616,-82.30756032
31,81,2,0,37001,36.037795054,-79.39767176
31,72.7,2,0,37003,35.915883714,-81.17381259
31,59.2,2,0,37005,36.491139429,-81.12495368
31,77.8,2,0,37007,34.975351827,-80.10385232
31,58.1,2,0,37009,36.431523305,-81.4980867
31,72,2,0,37011,36.072107445,-81.92127179
31,78.1,2,0,37013,35.496117989,-76.87066367
31,88.7,2,0,37015,36.062061786,-76.98448538
31,75.9,2,0,37017,34.609493726,-78.55986245
31,78.7,2,0,37019,34.076802197,-78.25044941
31,75.6,2,0,37021,35.606945739,-82.52812029
31,82.4,2,0,37023,35.745009093,-81.70198631
31,75.5,2,0,37025,35.385035809,-80.55065588
31,75.4,2,0,37027,35.947196697,-81.54347756
31,81.6,2,0,37029,36.401359046,-76.23400265
31,86.8,2,0,37031,34.819956827,-76.69527604
31,60.5,2,0,37033,36.393604898,-79.33450808
31,81.9,2,0,37035,35.658145925,-81.21364497
31,67.2,2,0,37037,35.696548934,-79.25635814
31,75.2,2,0,37039,35.131150615,-84.05966892
31,85.6,2,0,37041,36.149088392,-76.61614669
31,63.6,2,0,37043,35.05385439,-83.74714075
31,82.8,2,0,37045,35.329725312,-81.54930226
31,81.8,2,0,37047,34.263397125,-78.65466025
31,67.3,2,0,37049,35.130966918,-77.1040157
31,72.8,2,0,37051,35.043968911,-78.82628428
31,81.6,2,0,37053,36.4074331,-76.02715005
31,90.4,2,0,37055,35.735642219,-75.80944501
31,82.8,2,0,37057,35.790145154,-80.20803615
31,77.1,2,0,37059,35.925103686,-80.54134449
31,94.7,2,0,37061,34.932628392,-77.93331718
31,56.6,2,0,37063,36.028859114,-78.87778486
31,113.6,2,0,37065,35.907375029,-77.59788335
31,81,2,0,37067,36.12578485,-80.25310017
31,84.8,2,0,37069,36.077783697,-78.28671421
31,77.6,2,0,37071,35.292485128,-81.17501691
31,77.2,2,0,37073,36.444383976,-76.70415484
31,68.8,2,0,37075,35.345143938,-83.82949088
31,74.9,2,0,37077,36.300276065,-78.65619581
31,99,2,0,37079,35.482457475,-77.6785889
31,83.2,2,0,37081,36.073051352,-79.78255683
31,104.1,2,0,37083,36.25320496,-77.65597733
31,78.4,2,0,37085,35.366732556,-78.87065386
31,69.8,2,0,37087,35.55158879,-82.98087441
31,72.6,2,0,37089,35.334816989,-82.47610954
31,76.6,2,0,37091,36.361599863,-76.99445908
31,81.8,2,0,37093,35.011839608,-79.23567331
31,81.1,2,0,37095,35.532274034,-76.24667636
31,83.4,2,0,37097,35.802955542,-80.87087083
31,69.5,2,0,37099,35.282661933,-83.13927951
31,81.4,2,0,37101,35.51362729,-78.36636061
31,89.6,2,0,37103,35.018701802,-77.35601978
31,75.9,2,0,37105,35.471211768,-79.17345601
31,117.9,2,0,37107,35.233000735,-77.64518578
31,76,2,0,37109,35.480722158,-81.22052587
31,80.9,2,0,37111,35.675455931,-82.04475623
31,69.7,2,0,37113,35.145203376,-83.42219573
31,77.5,2,0,37115,35.853333563,-82.70517838
31,99.2,2,0,37117,35.836512929,-77.1073422
31,69.7,2,0,37119,35.245061357,-80.8291604
31,71,2,0,37121,36.006075324,-82.16317462
31,69.1,2,0,37123,35.327352046,-79.90259394
31,64.9,2,0,37125,35.306364393,-79.478142
31,95.3,2,0,37127,35.962482183,-77.98637841
31,92.8,2,0,37129,34.261830487,-77.89548441
31,84.3,2,0,37131,36.422434842,-77.41025867
31,90.7,2,0,37133,34.739264552,-77.44262649
31,55.3,2,0,37135,36.053793086,-79.12147115
31,65.1,2,0,37137,35.135808361,-76.76844023
31,69.1,2,0,37139,36.312521549,-76.31426448
31,84.3,2,0,37141,34.52703214,-77.91598851
31,75.5,2,0,37143,36.20504285,-76.45427219
31,53.8,2,0,37145,36.388843844,-78.97657528
31,95.3,2,0,37147,35.589323814,-77.37758574
31,77.2,2,0,37149,35.275796847,-82.17010717
31,83.4,2,0,37151,35.705615133,-79.80348818
31,105.8,2,0,37153,35.001615979,-79.74208714
31,85.9,2,0,37155,34.638906676,-79.10087029
31,81.2,2,0,37157,36.39614105,-79.77013255
31,77.4,2,0,37159,35.636993495,-80.51911177
31,82.6,2,0,37161,35.398856619,-81.91770129
31,81.8,2,0,37163,34.986909856,-78.36965107
31,74.2,2,0,37165,34.839649038,-79.47696427
31,77.7,2,0,37167,35.314070059,-80.24900354
31,80.3,2,0,37169,36.400473183,-80.23405449
31,76.8,2,0,37171,36.412655939,-80.68553529
31,67.9,2,0,37173,35.480756625,-83.48966402
31,74.6,2,0,37175,35.199811227,-82.79501493
31,75.9,2,0,37177,35.809762569,-76.21946717
31,70.3,2,0,37179,34.986462306,-80.53113208
31,80.3,2,0,37181,36.362482884,-78.4109931
31,80.3,2,0,37183,35.784630527,-78.65249323
31,89.8,2,0,37185,36.39711791,-78.11013981
31,80,2,0,37187,35.825208388,-76.58263775
31,51.8,2,0,37189,36.224928819,-81.69111853
31,107.2,2,0,37191,35.357527609,-78.00691241
31,57.5,2,0,37193,36.201735956,-81.1594379
31,87.7,2,0,37195,35.699301017,-77.92243535
31,75.4,2,0,37197,36.154922636,-80.66389133
31,75.8,2,0,37199,35.89231616,-82.30756032
31,73.3,1,5,37001,36.037795054,-79.39767176
31,73.3,1,5,37003,35.915883714,-81.17381259
31,67.5,1,5,37005,36.491139429,-81.12495368
31,81.9,1,5,37007,34.975351827,-80.10385232
31,65,1,5,37009,36.431523305,-81.4980867
31,71.6,1,5,37011,36.072107445,-81.92127179
31,81.6,1,5,37013,35.496117989,-76.87066367
31,78.9,1,5,37015,36.062061786,-76.98448538
31,87.9,1,5,37017,34.609493726,-78.55986245
31,61,1,5,37019,34.076802197,-78.25044941
31,79.5,1,5,37021,35.606945739,-82.52812029
31,79.8,1,5,37023,35.745009093,-81.70198631
31,68.2,1,5,37025,35.385035809,-80.55065588
31,70.2,1,5,37027,35.947196697,-81.54347756
31,76,1,5,37029,36.401359046,-76.23400265
31,78.9,1,5,37031,34.819956827,-76.69527604
31,65.7,1,5,37033,36.393604898,-79.33450808
31,78.1,1,5,37035,35.658145925,-81.21364497
31,65.4,1,5,37037,35.696548934,-79.25635814
31,67.7,1,5,37039,35.131150615,-84.05966892
31,68.1,1,5,37041,36.149088392,-76.61614669
31,65.7,1,5,37043,35.05385439,-83.74714075
31,88.4,1,5,37045,35.329725312,-81.54930226
31,83.4,1,5,37047,34.263397125,-78.65466025
31,79.5,1,5,37049,35.130966918,-77.1040157
31,78.1,1,5,37051,35.043968911,-78.82628428
31,74.2,1,5,37053,36.4074331,-76.02715005
31,95.2,1,5,37055,35.735642219,-75.80944501
31,83.8,1,5,37057,35.790145154,-80.20803615
31,83.6,1,5,37059,35.925103686,-80.54134449
31,96.6,1,5,37061,34.932628392,-77.93331718
31,57.8,1,5,37063,36.028859114,-78.87778486
31,160.6,1,5,37065,35.907375029,-77.59788335
31,81.8,1,5,37067,36.12578485,-80.25310017
31,82.7,1,5,37069,36.077783697,-78.28671421
31,83.9,1,5,37071,35.292485128,-81.17501691
31,71.8,1,5,37073,36.444383976,-76.70415484
31,68.2,1,5,37075,35.345143938,-83.82949088
31,79.9,1,5,37077,36.300276065,-78.65619581
31,102.4,1,5,37079,35.482457475,-77.6785889
31,81.4,1,5,37081,36.073051352,-79.78255683
31,96.9,1,5,37083,36.25320496,-77.65597733
31,78.3,1,5,37085,35.366732556,-78.87065386
31,64.5,1,5,37087,35.55158879,-82.98087441
31,76.6,1,5,37089,35.334816989,-82.47610954
31,74.4,1,5,37091,36.361599863,-76.99445908
31,80.1,1,5,37093,35.011839608,-79.23567331
31,91.6,1,5,37095,35.532274034,-76.24667636
31,74.6,1,5,37097,35.802955542,-80.87087083
31,71,1,5,37099,35.282661933,-83.13927951
31,82.7,1,5,37101,35.51362729,-78.36636061
31,85.1,1,5,37103,35.018701802,-77.35601978
31,70.7,1,5,37105,35.471211768,-79.17345601
31,100.9,1,5,37107,35.233000735,-77.64518578
31,76.8,1,5,37109,35.480722158,-81.22052587
31,79,1,5,37111,35.675455931,-82.04475623
31,75.6,1,5,37113,35.145203376,-83.42219573
31,101.6,1,5,37115,35.853333563,-82.70517838
31,83.8,1,5,37117,35.836512929,-77.1073422
31,73.1,1,5,37119,35.245061357,-80.8291604
31,73.4,1,5,37121,36.006075324,-82.16317462
31,82.8,1,5,37123,35.327352046,-79.90259394
31,74.7,1,5,37125,35.306364393,-79.478142
31,94.7,1,5,37127,35.962482183,-77.98637841
31,85.6,1,5,37129,34.261830487,-77.89548441
31,83.5,1,5,37131,36.422434842,-77.41025867
31,90.6,1,5,37133,34.739264552,-77.44262649
31,49.9,1,5,37135,36.053793086,-79.12147115
31,70.3,1,5,37137,35.135808361,-76.76844023
31,62.7,1,5,37139,36.312521549,-76.31426448
31,94.9,1,5,37141,34.52703214,-77.91598851
31,66.2,1,5,37143,36.20504285,-76.45427219
31,61.2,1,5,37145,36.388843844,-78.97657528
31,94.7,1,5,37147,35.589323814,-77.37758574
31,79.2,1,5,37149,35.275796847,-82.17010717
31,75.7,1,5,37151,35.705615133,-79.80348818
31,98.2,1,5,37153,35.001615979,-79.74208714
31,81.9,1,5,37155,34.638906676,-79.10087029
31,82.1,1,5,37157,36.39614105,-79.77013255
31,85.5,1,5,37159,35.636993495,-80.51911177
31,83.9,1,5,37161,35.398856619,-81.91770129
31,81.5,1,5,37163,34.986909856,-78.36965107
31,83.3,1,5,37165,34.839649038,-79.47696427
31,77.9,1,5,37167,35.314070059,-80.24900354
31,85.7,1,5,37169,36.400473183,-80.23405449
31,82.7,1,5,37171,36.412655939,-80.68553529
31,67.9,1,5,37173,35.480756625,-83.48966402
31,74.8,1,5,37175,35.199811227,-82.79501493
31,66.3,1,5,37179,34.986462306,-80.53113208
31,92.5,1,5,37181,36.362482884,-78.4109931
31,80.6,1,5,37183,35.784630527,-78.65249323
31,93.7,1,5,37185,36.39711791,-78.11013981
31,80.2,1,5,37187,35.825208388,-76.58263775
31,65.6,1,5,37189,36.224928819,-81.69111853
31,87.3,1,5,37191,35.357527609,-78.00691241
31,70.3,1,5,37193,36.201735956,-81.1594379
31,99.3,1,5,37195,35.699301017,-77.92243535
31,79.5,1,5,37197,36.154922636,-80.66389133
31,75.6,1,5,37199,35.89231616,-82.30756032
31,79.9,2,5,37001,36.037795054,-79.39767176
31,70.5,2,5,37003,35.915883714,-81.17381259
31,59.7,2,5,37005,36.491139429,-81.12495368
31,77.9,2,5,37007,34.975351827,-80.10385232
31,60.8,2,5,37009,36.431523305,-81.4980867
31,71.5,2,5,37011,36.072107445,-81.92127179
31,69,2,5,37013,35.496117989,-76.87066367
31,84.6,2,5,37015,36.062061786,-76.98448538
31,76.8,2,5,37017,34.609493726,-78.55986245
31,80.8,2,5,37019,34.076802197,-78.25044941
31,75.3,2,5,37021,35.606945739,-82.52812029
31,82.1,2,5,37023,35.745009093,-81.70198631
31,76,2,5,37025,35.385035809,-80.55065588
31,74.7,2,5,37027,35.947196697,-81.54347756
31,73.7,2,5,37029,36.401359046,-76.23400265
31,82.9,2,5,37031,34.819956827,-76.69527604
31,68.9,2,5,37033,36.393604898,-79.33450808
31,80.6,2,5,37035,35.658145925,-81.21364497
31,67.1,2,5,37037,35.696548934,-79.25635814
31,74.5,2,5,37039,35.131150615,-84.05966892
31,85.4,2,5,37041,36.149088392,-76.61614669
31,62.2,2,5,37043,35.05385439,-83.74714075
31,78.9,2,5,37045,35.329725312,-81.54930226
31,82.4,2,5,37047,34.263397125,-78.65466025
31,64.6,2,5,37049,35.130966918,-77.1040157
31,71,2,5,37051,35.043968911,-78.82628428
31,79.5,2,5,37053,36.4074331,-76.02715005
31,87.2,2,5,37055,35.735642219,-75.80944501
31,83.1,2,5,37057,35.790145154,-80.20803615
31,73.3,2,5,37059,35.925103686,-80.54134449
31,101.3,2,5,37061,34.932628392,-77.93331718
31,50.5,2,5,37063,36.028859114,-78.87778486
31,118.4,2,5,37065,35.907375029,-77.59788335
31,80.6,2,5,37067,36.12578485,-80.25310017
31,80.3,2,5,37069,36.077783697,-78.28671421
31,74.7,2,5,37071,35.292485128,-81.17501691
31,73.4,2,5,37073,36.444383976,-76.70415484
31,67.8,2,5,37075,35.345143938,-83.82949088
31,70.1,2,5,37077,36.300276065,-78.65619581
31,89.7,2,5,37079,35.482457475,-77.6785889
31,83,2,5,37081,36.073051352,-79.78255683
31,101.1,2,5,37083,36.25320496,-77.65597733
31,75.9,2,5,37085,35.366732556,-78.87065386
31,70.8,2,5,37087,35.55158879,-82.98087441
31,72.2,2,5,37089,35.334816989,-82.47610954
31,66.7,2,5,37091,36.361599863,-76.99445908
31,68.3,2,5,37093,35.011839608,-79.23567331
31,81.4,2,5,37095,35.532274034,-76.24667636
31,83.7,2,5,37097,35.802955542,-80.87087083
31,69.8,2,5,37099,35.282661933,-83.13927951
31,82.8,2,5,37101,35.51362729,-78.36636061
31,89.4,2,5,37103,35.018701802,-77.35601978
31,67.2,2,5,37105,35.471211768,-79.17345601
31,115.3,2,5,37107,35.233000735,-77.64518578
31,77.2,2,5,37109,35.480722158,-81.22052587
31,80.4,2,5,37111,35.675455931,-82.04475623
31,69.5,2,5,37113,35.145203376,-83.42219573
31,77.7,2,5,37115,35.853333563,-82.70517838
31,89.5,2,5,37117,35.836512929,-77.1073422
31,65.9,2,5,37119,35.245061357,-80.8291604
31,71.4,2,5,37121,36.006075324,-82.16317462
31,73.3,2,5,37123,35.327352046,-79.90259394
31,68.5,2,5,37125,35.306364393,-79.478142
31,93.2,2,5,37127,35.962482183,-77.98637841
31,90.3,2,5,37129,34.261830487,-77.89548441
31,72.1,2,5,37131,36.422434842,-77.41025867
31,89.4,2,5,37133,34.739264552,-77.44262649
31,51.3,2,5,37135,36.053793086,-79.12147115
31,60.8,2,5,37137,35.135808361,-76.76844023
31,66.7,2,5,37139,36.312521549,-76.31426448
31,85.2,2,5,37141,34.52703214,-77.91598851
31,73.5,2,5,37143,36.20504285,-76.45427219
31,55.5,2,5,37145,36.388843844,-78.97657528
31,74.8,2,5,37147,35.589323814,-77.37758574
31,74.5,2,5,37149,35.275796847,-82.17010717
31,81.1,2,5,37151,35.705615133,-79.80348818
31,86.5,2,5,37153,35.001615979,-79.74208714
31,81.8,2,5,37155,34.638906676,-79.10087029
31,78.5,2,5,37157,36.39614105,-79.77013255
31,73.5,2,5,37159,35.636993495,-80.51911177
31,81.7,2,5,37161,35.398856619,-81.91770129
31,84.5,2,5,37163,34.986909856,-78.36965107
31,63.7,2,5,37165,34.839649038,-79.47696427
31,77.4,2,5,37167,35.314070059,-80.24900354
31,78.9,2,5,37169,36.400473183,-80.23405449
31,74,2,5,37171,36.412655939,-80.68553529
31,68.6,2,5,37173,35.480756625,-83.48966402
31,73.4,2,5,37175,35.199811227,-82.79501493
31,68.2,2,5,37179,34.986462306,-80.53113208
31,73.9,2,5,37181,36.362482884,-78.4109931
31,77.5,2,5,37183,35.784630527,-78.65249323
31,86.5,2,5,37185,36.39711791,-78.11013981
31,77.4,2,5,37187,35.825208388,-76.58263775
31,51,2,5,37189,36.224928819,-81.69111853
31,101.6,2,5,37191,35.357527609,-78.00691241
31,56.7,2,5,37193,36.201735956,-81.1594379
31,85.1,2,5,37195,35.699301017,-77.92243535
31,73.5,2,5,37197,36.154922636,-80.66389133
31,75.5,2,5,37199,35.89231616,-82.30756032
31,117.4,1,3,37001,36.037795054,-79.39767176
31,101.3,1,3,37003,35.915883714,-81.17381259
31,146.6,1,3,37007,34.975351827,-80.10385232
31,153.5,1,3,37013,35.496117989,-76.87066367
31,129.5,1,3,37015,36.062061786,-76.98448538
31,106.1,1,3,37017,34.609493726,-78.55986245
31,132,1,3,37019,34.076802197,-78.25044941
31,135.6,1,3,37021,35.606945739,-82.52812029
31,125.3,1,3,37023,35.745009093,-81.70198631
31,105.1,1,3,37025,35.385035809,-80.55065588
31,113.2,1,3,37027,35.947196697,-81.54347756
31,114,1,3,37029,36.401359046,-76.23400265
31,109.7,1,3,37031,34.819956827,-76.69527604
31,103.9,1,3,37033,36.393604898,-79.33450808
31,121.3,1,3,37035,35.658145925,-81.21364497
31,104.1,1,3,37037,35.696548934,-79.25635814
31,125.5,1,3,37045,35.329725312,-81.54930226
31,134.2,1,3,37047,34.263397125,-78.65466025
31,154,1,3,37049,35.130966918,-77.1040157
31,78.7,1,3,37051,35.043968911,-78.82628428
31,123.6,1,3,37053,36.4074331,-76.02715005
31,115.3,1,3,37057,35.790145154,-80.20803615
31,117.3,1,3,37059,35.925103686,-80.54134449
31,126.8,1,3,37061,34.932628392,-77.93331718
31,88.3,1,3,37063,36.028859114,-78.87778486
31,161.7,1,3,37065,35.907375029,-77.59788335
31,117.2,1,3,37067,36.12578485,-80.25310017
31,112.7,1,3,37069,36.077783697,-78.28671421
31,114.1,1,3,37071,35.292485128,-81.17501691
31,97.6,1,3,37073,36.444383976,-76.70415484
31,97.3,1,3,37077,36.300276065,-78.65619581
31,200.1,1,3,37079,35.482457475,-77.6785889
31,113.4,1,3,37081,36.073051352,-79.78255683
31,133.2,1,3,37083,36.25320496,-77.65597733
31,95.7,1,3,37085,35.366732556,-78.87065386
31,133.4,1,3,37087,35.55158879,-82.98087441
31,108.8,1,3,37089,35.334816989,-82.47610954
31,105.9,1,3,37091,36.361599863,-76.99445908
31,131.2,1,3,37093,35.011839608,-79.23567331
31,162.8,1,3,37095,35.532274034,-76.24667636
31,99.7,1,3,37097,35.802955542,-80.87087083
31,127.9,1,3,37101,35.51362729,-78.36636061
31,126.6,1,3,37103,35.018701802,-77.35601978
31,109,1,3,37105,35.471211768,-79.17345601
31,169.4,1,3,37107,35.233000735,-77.64518578
31,102.3,1,3,37109,35.480722158,-81.22052587
31,139.2,1,3,37111,35.675455931,-82.04475623
31,162.7,1,3,37117,35.836512929,-77.1073422
31,101.4,1,3,37119,35.245061357,-80.8291604
31,134.6,1,3,37123,35.327352046,-79.90259394
31,99,1,3,37125,35.306364393,-79.478142
31,115.2,1,3,37127,35.962482183,-77.98637841
31,128.6,1,3,37129,34.261830487,-77.89548441
31,99.3,1,3,37131,36.422434842,-77.41025867
31,98.5,1,3,37133,34.739264552,-77.44262649
31,104.3,1,3,37135,36.053793086,-79.12147115
31,152.4,1,3,37137,35.135808361,-76.76844023
31,130.2,1,3,37139,36.312521549,-76.31426448
31,112.5,1,3,37141,34.52703214,-77.91598851
31,150.4,1,3,37143,36.20504285,-76.45427219
31,90.5,1,3,37145,36.388843844,-78.97657528
31,156.7,1,3,37147,35.589323814,-77.37758574
31,130.6,1,3,37149,35.275796847,-82.17010717
31,115.4,1,3,37151,35.705615133,-79.80348818
31,142.1,1,3,37153,35.001615979,-79.74208714
31,116.1,1,3,37155,34.638906676,-79.10087029
31,109.3,1,3,37157,36.39614105,-79.77013255
31,120.4,1,3,37159,35.636993495,-80.51911177
31,152.8,1,3,37161,35.398856619,-81.91770129
31,92.7,1,3,37163,34.986909856,-78.36965107
31,134.4,1,3,37165,34.839649038,-79.47696427
31,132.3,1,3,37167,35.314070059,-80.24900354
31,114.5,1,3,37169,36.400473183,-80.23405449
31,101.4,1,3,37171,36.412655939,-80.68553529
31,116.2,1,3,37175,35.199811227,-82.79501493
31,114.7,1,3,37179,34.986462306,-80.53113208
31,130.7,1,3,37181,36.362482884,-78.4109931
31,106.4,1,3,37183,35.784630527,-78.65249323
31,109.6,1,3,37185,36.39711791,-78.11013981
31,153.5,1,3,37187,35.825208388,-76.58263775
31,200.2,1,3,37191,35.357527609,-78.00691241
31,114.5,1,3,37193,36.201735956,-81.1594379
31,124.6,1,3,37195,35.699301017,-77.92243535
31,108.9,1,3,37197,36.154922636,-80.66389133
31,88,2,3,37001,36.037795054,-79.39767176
31,106.1,2,3,37003,35.915883714,-81.17381259
31,85.1,2,3,37007,34.975351827,-80.10385232
31,116.1,2,3,37013,35.496117989,-76.87066367
31,93.3,2,3,37015,36.062061786,-76.98448538
31,75.8,2,3,37017,34.609493726,-78.55986245
31,98.6,2,3,37019,34.076802197,-78.25044941
31,89.8,2,3,37021,35.606945739,-82.52812029
31,94.1,2,3,37023,35.745009093,-81.70198631
31,84.9,2,3,37025,35.385035809,-80.55065588
31,94.7,2,3,37027,35.947196697,-81.54347756
31,101.1,2,3,37029,36.401359046,-76.23400265
31,124.3,2,3,37031,34.819956827,-76.69527604
31,65.6,2,3,37033,36.393604898,-79.33450808
31,101.2,2,3,37035,35.658145925,-81.21364497
31,89.4,2,3,37037,35.696548934,-79.25635814
31,112.9,2,3,37045,35.329725312,-81.54930226
31,80.9,2,3,37047,34.263397125,-78.65466025
31,102.5,2,3,37049,35.130966918,-77.1040157
31,76.7,2,3,37051,35.043968911,-78.82628428
31,102.3,2,3,37053,36.4074331,-76.02715005
31,87.3,2,3,37057,35.790145154,-80.20803615
31,92.2,2,3,37059,35.925103686,-80.54134449
31,105.7,2,3,37061,34.932628392,-77.93331718
31,73.1,2,3,37063,36.028859114,-78.87778486
31,120.9,2,3,37065,35.907375029,-77.59788335
31,88,2,3,37067,36.12578485,-80.25310017
31,99.8,2,3,37069,36.077783697,-78.28671421
31,96.5,2,3,37071,35.292485128,-81.17501691
31,86.8,2,3,37073,36.444383976,-76.70415484
31,92.8,2,3,37077,36.300276065,-78.65619581
31,123.2,2,3,37079,35.482457475,-77.6785889
31,88.8,2,3,37081,36.073051352,-79.78255683
31,105.9,2,3,37083,36.25320496,-77.65597733
31,101.8,2,3,37085,35.366732556,-78.87065386
31,91.6,2,3,37089,35.334816989,-82.47610954
31,87.7,2,3,37091,36.361599863,-76.99445908
31,102.1,2,3,37093,35.011839608,-79.23567331
31,90.8,2,3,37095,35.532274034,-76.24667636
31,88.2,2,3,37097,35.802955542,-80.87087083
31,99.6,2,3,37101,35.51362729,-78.36636061
31,104.8,2,3,37103,35.018701802,-77.35601978
31,103.3,2,3,37105,35.471211768,-79.17345601
31,120.3,2,3,37107,35.233000735,-77.64518578
31,90.4,2,3,37109,35.480722158,-81.22052587
31,94.4,2,3,37111,35.675455931,-82.04475623
31,123.8,2,3,37117,35.836512929,-77.1073422
31,86.9,2,3,37119,35.245061357,-80.8291604
31,95.4,2,3,37123,35.327352046,-79.90259394
31,88.4,2,3,37125,35.306364393,-79.478142
31,101.6,2,3,37127,35.962482183,-77.98637841
31,90.9,2,3,37129,34.261830487,-77.89548441
31,94.9,2,3,37131,36.422434842,-77.41025867
31,109.9,2,3,37133,34.739264552,-77.44262649
31,69,2,3,37135,36.053793086,-79.12147115
31,94.9,2,3,37137,35.135808361,-76.76844023
31,79.3,2,3,37139,36.312521549,-76.31426448
31,86.5,2,3,37141,34.52703214,-77.91598851
31,84.9,2,3,37143,36.20504285,-76.45427219
31,59,2,3,37145,36.388843844,-78.97657528
31,130.8,2,3,37147,35.589323814,-77.37758574
31,98.9,2,3,37149,35.275796847,-82.17010717
31,88.2,2,3,37151,35.705615133,-79.80348818
31,106,2,3,37153,35.001615979,-79.74208714
31,106.4,2,3,37155,34.638906676,-79.10087029
31,86.4,2,3,37157,36.39614105,-79.77013255
31,91.6,2,3,37159,35.636993495,-80.51911177
31,107.4,2,3,37161,35.398856619,-81.91770129
31,79.8,2,3,37163,34.986909856,-78.36965107
31,113.9,2,3,37165,34.839649038,-79.47696427
31,77.5,2,3,37167,35.314070059,-80.24900354
31,86.2,2,3,37169,36.400473183,-80.23405449
31,83.9,2,3,37171,36.412655939,-80.68553529
31,94.6,2,3,37175,35.199811227,-82.79501493
31,82.9,2,3,37179,34.986462306,-80.53113208
31,94.5,2,3,37181,36.362482884,-78.4109931
31,103.9,2,3,37183,35.784630527,-78.65249323
31,102.2,2,3,37185,36.39711791,-78.11013981
31,91.5,2,3,37187,35.825208388,-76.58263775
31,100.5,2,3,37191,35.357527609,-78.00691241
31,116.4,2,3,37193,36.201735956,-81.1594379
31,101.6,2,3,37195,35.699301017,-77.92243535
31,90.7,2,3,37197,36.154922636,-80.66389133
31,76.7,1,4,37001,36.037795054,-79.39767176
31,25,1,4,37021,35.606945739,-82.52812029
31,22.5,1,4,37025,35.385035809,-80.55065588
31,13.7,1,4,37035,35.658145925,-81.21364497
31,46.2,1,4,37037,35.696548934,-79.25635814
31,42.8,1,4,37051,35.043968911,-78.82628428
31,55.9,1,4,37057,35.790145154,-80.20803615
31,8.3,1,4,37061,34.932628392,-77.93331718
31,61.4,1,4,37063,36.028859114,-78.87778486
31,25.9,1,4,37067,36.12578485,-80.25310017
31,118.7,1,4,37069,36.077783697,-78.28671421
31,76.3,1,4,37071,35.292485128,-81.17501691
31,86.3,1,4,37077,36.300276065,-78.65619581
31,24.1,1,4,37081,36.073051352,-79.78255683
31,65.7,1,4,37085,35.366732556,-78.87065386
31,13,1,4,37089,35.334816989,-82.47610954
31,34.2,1,4,37097,35.802955542,-80.87087083
31,106.4,1,4,37101,35.51362729,-78.36636061
31,12.4,1,4,37105,35.471211768,-79.17345601
31,90.1,1,4,37109,35.480722158,-81.22052587
31,66.1,1,4,37119,35.245061357,-80.8291604
31,60.6,1,4,37127,35.962482183,-77.98637841
31,17.6,1,4,37129,34.261830487,-77.89548441
31,10.9,1,4,37133,34.739264552,-77.44262649
31,34.7,1,4,37135,36.053793086,-79.12147115
31,17.3,1,4,37147,35.589323814,-77.37758574
31,30.2,1,4,37151,35.705615133,-79.80348818
31,39.8,1,4,37155,34.638906676,-79.10087029
31,114.2,1,4,37159,35.636993495,-80.51911177
31,19.6,1,4,37163,34.986909856,-78.36965107
31,123.4,1,4,37179,34.986462306,-80.53113208
31,70.6,1,4,37183,35.784630527,-78.65249323
31,12.5,1,4,37191,35.357527609,-78.00691241
31,45.8,2,4,37001,36.037795054,-79.39767176
31,53,2,4,37021,35.606945739,-82.52812029
31,75.3,2,4,37025,35.385035809,-80.55065588
31,44,2,4,37035,35.658145925,-81.21364497
31,49.2,2,4,37037,35.696548934,-79.25635814
31,38,2,4,37051,35.043968911,-78.82628428
31,16.9,2,4,37057,35.790145154,-80.20803615
31,13.1,2,4,37061,34.932628392,-77.93331718
31,27.2,2,4,37063,36.028859114,-78.87778486
31,21.4,2,4,37067,36.12578485,-80.25310017
31,37.9,2,4,37071,35.292485128,-81.17501691
31,29.4,2,4,37081,36.073051352,-79.78255683
31,85.3,2,4,37085,35.366732556,-78.87065386
31,68.1,2,4,37089,35.334816989,-82.47610954
31,34.1,2,4,37097,35.802955542,-80.87087083
31,26.1,2,4,37101,35.51362729,-78.36636061
31,82.4,2,4,37105,35.471211768,-79.17345601
31,31,2,4,37109,35.480722158,-81.22052587
31,29.7,2,4,37119,35.245061357,-80.8291604
31,110.2,2,4,37129,34.261830487,-77.89548441
31,31.3,2,4,37133,34.739264552,-77.44262649
31,50.1,2,4,37135,36.053793086,-79.12147115
31,14.3,2,4,37147,35.589323814,-77.37758574
31,38.3,2,4,37151,35.705615133,-79.80348818
31,103.4,2,4,37159,35.636993495,-80.51911177
31,11.1,2,4,37163,34.986909856,-78.36965107
31,27.8,2,4,37179,34.986462306,-80.53113208
31,50.3,2,4,37183,35.784630527,-78.65249323
31,17.7,2,4,37191,35.357527609,-78.00691241
31,54.9,1,2,37025,35.385035809,-80.55065588
31,49.2,1,2,37037,35.696548934,-79.25635814
31,68.4,1,2,37051,35.043968911,-78.82628428
31,51.1,1,2,37063,36.028859114,-78.87778486
31,23.6,1,2,37067,36.12578485,-80.25310017
31,87.1,1,2,37071,35.292485128,-81.17501691
31,41,1,2,37081,36.073051352,-79.78255683
31,76,1,2,37097,35.802955542,-80.87087083
31,83.5,1,2,37109,35.480722158,-81.22052587
31,85.4,1,2,37119,35.245061357,-80.8291604
31,66.2,1,2,37135,36.053793086,-79.12147115
31,71.4,1,2,37179,34.986462306,-80.53113208
31,48.7,1,2,37183,35.784630527,-78.65249323
31,68.1,2,2,37025,35.385035809,-80.55065588
31,39.9,2,2,37051,35.043968911,-78.82628428
31,59.8,2,2,37053,36.4074331,-76.02715005
31,36.1,2,2,37063,36.028859114,-78.87778486
31,74.6,2,2,37067,36.12578485,-80.25310017
31,55.8,2,2,37081,36.073051352,-79.78255683
31,28.5,2,2,37097,35.802955542,-80.87087083
31,54.8,2,2,37119,35.245061357,-80.8291604
31,30.7,2,2,37135,36.053793086,-79.12147115
31,121.1,2,2,37179,34.986462306,-80.53113208
31,36.6,2,2,37183,35.784630527,-78.65249323
31,102.8,1,1,37017,34.609493726,-78.55986245
31,108.1,1,1,37047,34.263397125,-78.65466025
31,107.3,1,1,37051,35.043968911,-78.82628428
31,103.7,1,1,37093,35.011839608,-79.23567331
31,106.6,1,1,37155,34.638906676,-79.10087029
31,108.7,1,1,37165,34.839649038,-79.47696427
31,94.5,2,1,37017,34.609493726,-78.55986245
31,86.9,2,1,37047,34.263397125,-78.65466025
31,86.8,2,1,37051,35.043968911,-78.82628428
31,69,2,1,37093,35.011839608,-79.23567331
31,85.3,2,1,37155,34.638906676,-79.10087029
31,53,2,1,37165,34.839649038,-79.47696427
32,88,1,0,38003,46.937270097,-98.07426508
32,65.2,1,0,38005,48.072979349,-99.37182989
32,68.4,1,0,38009,48.791467051,-100.8362927
32,73.7,1,0,38013,48.793840269,-102.5159193
32,72.7,1,0,38015,46.978214745,-100.4711991
32,53,1,0,38017,46.935725892,-97.24992377
32,74.9,1,0,38019,48.774505737,-98.46123966
32,74.8,1,0,38021,46.10951463,-98.50835689
32,75.8,1,0,38023,48.819401016,-103.4888814
32,37.8,1,0,38025,47.361607965,-102.6247103
32,134.6,1,0,38027,47.721754465,-98.90700417
32,78.4,1,0,38029,46.284994663,-100.2408145
32,121.3,1,0,38031,47.459998706,-98.88672556
32,60,1,0,38035,47.923690598,-97.45477884
32,64.1,1,0,38037,46.358759531,-101.6455105
32,81.9,1,0,38039,47.461203044,-98.24082607
32,73,1,0,38043,46.981701956,-99.78581869
32,68.7,1,0,38045,46.457545852,-98.54182547
32,75.4,1,0,38047,46.459755513,-99.4793338
32,61,1,0,38049,48.237191774,-100.6381725
32,31,1,0,38053,47.744688251,-103.4013578
32,65.9,1,0,38055,47.611582801,-101.3223358
32,50,1,0,38057,47.309341547,-101.8369889
32,71.8,1,0,38059,46.718765432,-101.286977
32,79,1,0,38061,48.204134543,-102.3561703
32,129.6,1,0,38063,47.923922,-98.19284032
32,70.2,1,0,38065,47.117710584,-101.3380626
32,66.7,1,0,38067,48.768552713,-97.54707363
32,67.3,1,0,38069,48.251389235,-99.97674593
32,99.2,1,0,38071,48.269990053,-98.72492446
32,65.5,1,0,38073,46.455829719,-97.66122085
32,68.1,1,0,38075,48.720389467,-101.6599784
32,60.8,1,0,38077,46.264756816,-96.94823126
32,56.5,1,0,38079,48.77136044,-99.84586951
32,80.2,1,0,38081,46.106457968,-97.63441756
32,72.4,1,0,38083,47.577491088,-100.3484123
32,73.2,1,0,38085,46.111536898,-101.0475881
32,60.1,1,0,38089,46.811921749,-102.657523
32,49.5,1,0,38091,47.459300925,-97.72790605
32,62.5,1,0,38093,46.982366321,-98.96199206
32,64.5,1,0,38095,48.687893866,-99.24690738
32,56.4,1,0,38097,47.457502984,-97.16406626
32,84.3,1,0,38099,48.371298036,-97.72107598
32,67.9,1,0,38101,48.224194026,-101.5405971
32,98.1,1,0,38103,47.591886682,-99.66530897
32,81.4,1,0,38105,48.350157029,-103.4827032
32,55.6,2,0,38001,46.094371239,-102.5283726
32,51.9,2,0,38003,46.937270097,-98.07426508
32,91.7,2,0,38005,48.072979349,-99.37182989
32,73,2,0,38007,47.026521862,-103.379094
32,79.5,2,0,38009,48.791467051,-100.8362927
32,50.3,2,0,38013,48.793840269,-102.5159193
32,73.8,2,0,38015,46.978214745,-100.4711991
32,50.1,2,0,38017,46.935725892,-97.24992377
32,93.1,2,0,38019,48.774505737,-98.46123966
32,51.1,2,0,38021,46.10951463,-98.50835689
32,53.2,2,0,38023,48.819401016,-103.4888814
32,63.1,2,0,38025,47.361607965,-102.6247103
32,63.1,2,0,38027,47.721754465,-98.90700417
32,78.5,2,0,38029,46.284994663,-100.2408145
32,73.3,2,0,38031,47.459998706,-98.88672556
32,63.5,2,0,38035,47.923690598,-97.45477884
32,64.9,2,0,38037,46.358759531,-101.6455105
32,78.2,2,0,38039,47.461203044,-98.24082607
32,44.2,2,0,38041,46.432726237,-102.465151
32,71.4,2,0,38043,46.981701956,-99.78581869
32,65.8,2,0,38045,46.457545852,-98.54182547
32,66.8,2,0,38047,46.459755513,-99.4793338
32,52.4,2,0,38049,48.237191774,-100.6381725
32,53.2,2,0,38051,46.11243367,-99.44182544
32,69.9,2,0,38053,47.744688251,-103.4013578
32,62.4,2,0,38055,47.611582801,-101.3223358
32,68.8,2,0,38057,47.309341547,-101.8369889
32,80.4,2,0,38059,46.718765432,-101.286977
32,65.3,2,0,38061,48.204134543,-102.3561703
32,71.6,2,0,38063,47.923922,-98.19284032
32,76.2,2,0,38065,47.117710584,-101.3380626
32,69,2,0,38067,48.768552713,-97.54707363
32,71.3,2,0,38069,48.251389235,-99.97674593
32,91.2,2,0,38071,48.269990053,-98.72492446
32,46.9,2,0,38073,46.455829719,-97.66122085
32,48.2,2,0,38075,48.720389467,-101.6599784
32,50.4,2,0,38077,46.264756816,-96.94823126
32,90.5,2,0,38079,48.77136044,-99.84586951
32,51.5,2,0,38081,46.106457968,-97.63441756
32,67.5,2,0,38083,47.577491088,-100.3484123
32,94.1,2,0,38085,46.111536898,-101.0475881
32,54,2,0,38087,46.446936132,-103.4589186
32,62.6,2,0,38089,46.811921749,-102.657523
32,51,2,0,38091,47.459300925,-97.72790605
32,62.8,2,0,38093,46.982366321,-98.96199206
32,92.8,2,0,38095,48.687893866,-99.24690738
32,51.1,2,0,38097,47.457502984,-97.16406626
32,69.2,2,0,38099,48.371298036,-97.72107598
32,50.2,2,0,38101,48.224194026,-101.5405971
32,64.4,2,0,38103,47.591886682,-99.66530897
32,67.4,2,0,38105,48.350157029,-103.4827032
32,77.6,1,5,38003,46.937270097,-98.07426508
32,68.7,1,5,38005,48.072979349,-99.37182989
32,67.1,1,5,38009,48.791467051,-100.8362927
32,66.6,1,5,38013,48.793840269,-102.5159193
32,72.7,1,5,38015,46.978214745,-100.4711991
32,50.1,1,5,38017,46.935725892,-97.24992377
32,71.4,1,5,38019,48.774505737,-98.46123966
32,74.6,1,5,38021,46.10951463,-98.50835689
32,36.7,1,5,38025,47.361607965,-102.6247103
32,117,1,5,38027,47.721754465,-98.90700417
32,78.9,1,5,38029,46.284994663,-100.2408145
32,122.2,1,5,38031,47.459998706,-98.88672556
32,56.1,1,5,38035,47.923690598,-97.45477884
32,62.5,1,5,38037,46.358759531,-101.6455105
32,80.6,1,5,38039,47.461203044,-98.24082607
32,73.6,1,5,38043,46.981701956,-99.78581869
32,68.5,1,5,38045,46.457545852,-98.54182547
32,77.3,1,5,38047,46.459755513,-99.4793338
32,60.4,1,5,38049,48.237191774,-100.6381725
32,21.3,1,5,38053,47.744688251,-103.4013578
32,67.2,1,5,38055,47.611582801,-101.3223358
32,52.1,1,5,38057,47.309341547,-101.8369889
32,70.2,1,5,38059,46.718765432,-101.286977
32,59.3,1,5,38061,48.204134543,-102.3561703
32,101,1,5,38063,47.923922,-98.19284032
32,71.3,1,5,38065,47.117710584,-101.3380626
32,64.7,1,5,38067,48.768552713,-97.54707363
32,66.7,1,5,38069,48.251389235,-99.97674593
32,92.5,1,5,38071,48.269990053,-98.72492446
32,62.1,1,5,38073,46.455829719,-97.66122085
32,67.3,1,5,38075,48.720389467,-101.6599784
32,61,1,5,38077,46.264756816,-96.94823126
32,81.2,1,5,38081,46.106457968,-97.63441756
32,73.4,1,5,38083,47.577491088,-100.3484123
32,73.3,1,5,38085,46.111536898,-101.0475881
32,61.7,1,5,38089,46.811921749,-102.657523
32,48.1,1,5,38091,47.459300925,-97.72790605
32,64.3,1,5,38093,46.982366321,-98.96199206
32,53.5,1,5,38097,47.457502984,-97.16406626
32,79.7,1,5,38099,48.371298036,-97.72107598
32,62.8,1,5,38101,48.224194026,-101.5405971
32,98.4,1,5,38103,47.591886682,-99.66530897
32,73.1,1,5,38105,48.350157029,-103.4827032
32,52.7,2,5,38003,46.937270097,-98.07426508
32,90.7,2,5,38005,48.072979349,-99.37182989
32,77.2,2,5,38007,47.026521862,-103.379094
32,76.9,2,5,38009,48.791467051,-100.8362927
32,45.6,2,5,38013,48.793840269,-102.5159193
32,73.6,2,5,38015,46.978214745,-100.4711991
32,50.5,2,5,38017,46.935725892,-97.24992377
32,91.9,2,5,38019,48.774505737,-98.46123966
32,52.3,2,5,38021,46.10951463,-98.50835689
32,55.2,2,5,38023,48.819401016,-103.4888814
32,59.7,2,5,38025,47.361607965,-102.6247103
32,63.7,2,5,38027,47.721754465,-98.90700417
32,75.1,2,5,38029,46.284994663,-100.2408145
32,73.9,2,5,38031,47.459998706,-98.88672556
32,63,2,5,38035,47.923690598,-97.45477884
32,67.3,2,5,38037,46.358759531,-101.6455105
32,79.2,2,5,38039,47.461203044,-98.24082607
32,44.6,2,5,38041,46.432726237,-102.465151
32,70.3,2,5,38043,46.981701956,-99.78581869
32,66.9,2,5,38045,46.457545852,-98.54182547
32,67.6,2,5,38047,46.459755513,-99.4793338
32,51.6,2,5,38049,48.237191774,-100.6381725
32,54,2,5,38051,46.11243367,-99.44182544
32,69.1,2,5,38053,47.744688251,-103.4013578
32,59.4,2,5,38055,47.611582801,-101.3223358
32,70.9,2,5,38057,47.309341547,-101.8369889
32,71.4,2,5,38059,46.718765432,-101.286977
32,53.1,2,5,38061,48.204134543,-102.3561703
32,68.4,2,5,38063,47.923922,-98.19284032
32,76.2,2,5,38065,47.117710584,-101.3380626
32,70.8,2,5,38067,48.768552713,-97.54707363
32,68.1,2,5,38069,48.251389235,-99.97674593
32,91.3,2,5,38071,48.269990053,-98.72492446
32,46.9,2,5,38073,46.455829719,-97.66122085
32,46.4,2,5,38075,48.720389467,-101.6599784
32,50.8,2,5,38077,46.264756816,-96.94823126
32,92.4,2,5,38079,48.77136044,-99.84586951
32,53.1,2,5,38081,46.106457968,-97.63441756
32,66.5,2,5,38083,47.577491088,-100.3484123
32,75.2,2,5,38085,46.111536898,-101.0475881
32,55,2,5,38087,46.446936132,-103.4589186
32,65.6,2,5,38089,46.811921749,-102.657523
32,50.2,2,5,38091,47.459300925,-97.72790605
32,63.8,2,5,38093,46.982366321,-98.96199206
32,92.3,2,5,38095,48.687893866,-99.24690738
32,50.3,2,5,38097,47.457502984,-97.16406626
32,67.5,2,5,38099,48.371298036,-97.72107598
32,44.8,2,5,38101,48.224194026,-101.5405971
32,65.2,2,5,38103,47.591886682,-99.66530897
32,68,2,5,38105,48.350157029,-103.4827032
32,300.2,1,3,38017,46.935725892,-97.24992377
32,56.2,1,1,38079,48.77136044,-99.84586951
32,76.3,2,1,38079,48.77136044,-99.84586951
33,60.6,1,0,31001,40.520798138,-98.49719567
33,75.4,1,0,31003,42.176489026,-98.06431033
33,51.2,1,0,31007,41.543231746,-103.7131789
33,81,1,0,31009,41.908892587,-99.97325909
33,94,1,0,31011,41.705897687,-98.06162193
33,46,1,0,31013,42.214661103,-103.0875959
33,75.4,1,0,31015,42.894630407,-98.76450098
33,52.7,1,0,31019,40.851922203,-99.06948506
33,68.6,1,0,31021,41.852634639,-96.33071521
33,67.5,1,0,31023,41.224164551,-97.12614111
33,62.9,1,0,31025,40.914155798,-96.14057235
33,69.9,1,0,31027,42.597136102,-97.25276322
33,50.7,1,0,31031,42.536289611,-101.1196486
33,55.4,1,0,31033,41.216428309,-102.9919281
33,72.1,1,0,31035,40.521743361,-98.04501509
33,68,1,0,31037,41.574451149,-97.08356455
33,62.3,1,0,31039,41.918533656,-96.78525336
33,70.4,1,0,31041,41.390942279,-99.7223212
33,78.9,1,0,31043,42.391574772,-96.56781319
33,68.8,1,0,31045,42.717203881,-103.1332032
33,42.5,1,0,31047,40.865739564,-99.8106103
33,77.2,1,0,31051,42.49091398,-96.86723795
33,68.2,1,0,31053,41.580659415,-96.64816624
33,65.9,1,0,31055,41.295368343,-96.15979777
33,66.4,1,0,31059,40.522021438,-97.59125852
33,65.9,1,0,31061,40.169759544,-98.94825158
33,37.9,1,0,31063,40.52302224,-100.3893156
33,58.1,1,0,31065,40.170942353,-99.90999564
33,63.2,1,0,31067,40.259650242,-96.68068562
33,45.8,1,0,31069,41.613939613,-102.3334223
33,71.4,1,0,31071,41.909096783,-98.98716463
33,82.3,1,0,31077,41.565852974,-98.51641669
33,63.2,1,0,31079,40.870112472,-98.49817195
33,72.1,1,0,31081,40.874944181,-98.01554916
33,58,1,0,31083,40.17124707,-99.40127163
33,42.8,1,0,31085,40.519829783,-101.0565282
33,73.9,1,0,31089,42.450023916,-98.78031705
33,62.4,1,0,31093,41.216585877,-98.51359646
33,62.5,1,0,31095,40.170914758,-97.13563333
33,62.9,1,0,31097,40.394184269,-96.25775589
33,53.2,1,0,31099,40.500823343,-98.94450567
33,41.3,1,0,31101,41.194677193,-101.6555288
33,72.2,1,0,31103,42.872638231,-99.71451444
33,68.1,1,0,31105,41.195328358,-103.7129081
33,67.8,1,0,31107,42.638050462,-97.88973017
33,62.7,1,0,31109,40.784660807,-96.68061164
33,44.6,1,0,31111,41.045018507,-100.7382074
33,56.5,1,0,31113,41.565865761,-100.4796972
33,82.9,1,0,31115,41.910046161,-99.45053077
33,40.6,1,0,31117,41.564897262,-101.0569108
33,67.7,1,0,31119,41.912946761,-97.59937386
33,81,1,0,31121,41.167321964,-98.03718305
33,39.9,1,0,31123,41.710080866,-103.0092474
33,127.4,1,0,31125,41.394734697,-97.98906929
33,57.6,1,0,31127,40.391997616,-95.8474337
33,66.2,1,0,31129,40.170908289,-98.0416703
33,63.7,1,0,31131,40.653646052,-96.12813376
33,63.5,1,0,31133,40.127871153,-96.22768682
33,45.2,1,0,31135,40.848414112,-101.6452646
33,42.1,1,0,31137,40.50452059,-99.40937255
33,62.8,1,0,31139,42.262203303,-97.60146066
33,77.3,1,0,31141,41.567267226,-97.51716172
33,73.2,1,0,31143,41.184143849,-97.56458685
33,51,1,0,31145,40.169495871,-100.4723756
33,79.2,1,0,31147,40.12207923,-95.71011063
33,88.3,1,0,31149,42.415951786,-99.44700306
33,66.1,1,0,31151,40.522187737,-97.13433795
33,65.7,1,0,31153,41.114502662,-96.10754658
33,65.5,1,0,31155,41.227890443,-96.63648312
33,41.3,1,0,31157,41.845787,-103.7086421
33,66.3,1,0,31159,40.871708053,-97.13402509
33,53.6,1,0,31161,42.496200678,-102.409848
33,53.8,1,0,31163,41.218021555,-98.97015295
33,48.3,1,0,31165,42.484926561,-103.758883
33,66,1,0,31167,41.915773177,-97.19241194
33,62.5,1,0,31169,40.171483119,-97.58932125
33,75.5,1,0,31173,42.160522277,-96.54449779
33,68,1,0,31177,41.532480943,-96.21829967
33,65.1,1,0,31179,42.206851187,-97.12051141
33,60.8,1,0,31181,40.170085002,-98.49449683
33,65.5,1,0,31183,41.909476174,-98.52240093
33,62.2,1,0,31185,40.870896242,-97.5909637
33,40,2,0,31001,40.520798138,-98.49719567
33,52,2,0,31003,42.176489026,-98.06431033
33,59.3,2,0,31007,41.543231746,-103.7131789
33,54.9,2,0,31011,41.705897687,-98.06162193
33,52.1,2,0,31013,42.214661103,-103.0875959
33,43.2,2,0,31015,42.894630407,-98.76450098
33,51.6,2,0,31019,40.851922203,-99.06948506
33,58.6,2,0,31021,41.852634639,-96.33071521
33,67.3,2,0,31023,41.224164551,-97.12614111
33,63.4,2,0,31025,40.914155798,-96.14057235
33,54.6,2,0,31027,42.597136102,-97.25276322
33,36.5,2,0,31031,42.536289611,-101.1196486
33,48.7,2,0,31033,41.216428309,-102.9919281
33,54.7,2,0,31035,40.521743361,-98.04501509
33,60.7,2,0,31037,41.574451149,-97.08356455
33,61.9,2,0,31039,41.918533656,-96.78525336
33,48.8,2,0,31041,41.390942279,-99.7223212
33,56.9,2,0,31043,42.391574772,-96.56781319
33,43.7,2,0,31045,42.717203881,-103.1332032
33,46.4,2,0,31047,40.865739564,-99.8106103
33,63,2,0,31049,41.108051434,-102.3292008
33,43.6,2,0,31051,42.49091398,-96.86723795
33,60.9,2,0,31053,41.580659415,-96.64816624
33,60.4,2,0,31055,41.295368343,-96.15979777
33,48.4,2,0,31057,40.171376482,-101.6862718
33,68.6,2,0,31059,40.522021438,-97.59125852
33,35.5,2,0,31061,40.169759544,-98.94825158
33,49,2,0,31063,40.52302224,-100.3893156
33,45.2,2,0,31065,40.170942353,-99.90999564
33,67.7,2,0,31067,40.259650242,-96.68068562
33,67.3,2,0,31069,41.613939613,-102.3334223
33,52.6,2,0,31071,41.909096783,-98.98716463
33,61.5,2,0,31073,40.506477228,-99.82737336
33,69.1,2,0,31077,41.565852974,-98.51641669
33,67,2,0,31079,40.870112472,-98.49817195
33,54.5,2,0,31081,40.874944181,-98.01554916
33,46.9,2,0,31083,40.17124707,-99.40127163
33,35.7,2,0,31085,40.519829783,-101.0565282
33,36.9,2,0,31089,42.450023916,-98.78031705
33,62.8,2,0,31093,41.216585877,-98.51359646
33,63.9,2,0,31095,40.170914758,-97.13563333
33,72.4,2,0,31097,40.394184269,-96.25775589
33,39.4,2,0,31099,40.500823343,-98.94450567
33,39.2,2,0,31101,41.194677193,-101.6555288
33,48.4,2,0,31103,42.872638231,-99.71451444
33,68,2,0,31105,41.195328358,-103.7129081
33,50.4,2,0,31107,42.638050462,-97.88973017
33,67.5,2,0,31109,40.784660807,-96.68061164
33,45.9,2,0,31111,41.045018507,-100.7382074
33,37.4,2,0,31113,41.565865761,-100.4796972
33,51.5,2,0,31115,41.910046161,-99.45053077
33,37.6,2,0,31117,41.564897262,-101.0569108
33,55.9,2,0,31119,41.912946761,-97.59937386
33,63.8,2,0,31121,41.167321964,-98.03718305
33,57.6,2,0,31123,41.710080866,-103.0092474
33,58,2,0,31125,41.394734697,-97.98906929
33,78.6,2,0,31127,40.391997616,-95.8474337
33,39.6,2,0,31129,40.170908289,-98.0416703
33,69.4,2,0,31131,40.653646052,-96.12813376
33,71.6,2,0,31133,40.127871153,-96.22768682
33,40.4,2,0,31135,40.848414112,-101.6452646
33,54.7,2,0,31137,40.50452059,-99.40937255
33,60.6,2,0,31139,42.262203303,-97.60146066
33,58.8,2,0,31141,41.567267226,-97.51716172
33,64.6,2,0,31143,41.184143849,-97.56458685
33,51.3,2,0,31145,40.169495871,-100.4723756
33,82.5,2,0,31147,40.12207923,-95.71011063
33,69.3,2,0,31151,40.522187737,-97.13433795
33,59.5,2,0,31153,41.114502662,-96.10754658
33,62.6,2,0,31155,41.227890443,-96.63648312
33,45.3,2,0,31157,41.845787,-103.7086421
33,68.8,2,0,31159,40.871708053,-97.13402509
33,65.4,2,0,31161,42.496200678,-102.409848
33,50.6,2,0,31163,41.218021555,-98.97015295
33,53.8,2,0,31165,42.484926561,-103.758883
33,54.4,2,0,31167,41.915773177,-97.19241194
33,59.3,2,0,31169,40.171483119,-97.58932125
33,54.4,2,0,31173,42.160522277,-96.54449779
33,63.6,2,0,31175,41.564673615,-98.98003218
33,61,2,0,31177,41.532480943,-96.21829967
33,56.5,2,0,31179,42.206851187,-97.12051141
33,35.9,2,0,31181,40.170085002,-98.49449683
33,58.8,2,0,31183,41.909476174,-98.52240093
33,67.5,2,0,31185,40.870896242,-97.5909637
33,59.9,1,5,31001,40.520798138,-98.49719567
33,79.2,1,5,31003,42.176489026,-98.06431033
33,53.2,1,5,31007,41.543231746,-103.7131789
33,80,1,5,31009,41.908892587,-99.97325909
33,96.9,1,5,31011,41.705897687,-98.06162193
33,48.8,1,5,31013,42.214661103,-103.0875959
33,80.2,1,5,31015,42.894630407,-98.76450098
33,55.2,1,5,31019,40.851922203,-99.06948506
33,69.6,1,5,31021,41.852634639,-96.33071521
33,67.2,1,5,31023,41.224164551,-97.12614111
33,61.8,1,5,31025,40.914155798,-96.14057235
33,70.4,1,5,31027,42.597136102,-97.25276322
33,58.4,1,5,31031,42.536289611,-101.1196486
33,55.9,1,5,31033,41.216428309,-102.9919281
33,72.1,1,5,31035,40.521743361,-98.04501509
33,68.2,1,5,31037,41.574451149,-97.08356455
33,61.7,1,5,31039,41.918533656,-96.78525336
33,73.7,1,5,31041,41.390942279,-99.7223212
33,78.9,1,5,31043,42.391574772,-96.56781319
33,61.6,1,5,31045,42.717203881,-103.1332032
33,40.8,1,5,31047,40.865739564,-99.8106103
33,73.6,1,5,31051,42.49091398,-96.86723795
33,65.5,1,5,31053,41.580659415,-96.64816624
33,63.7,1,5,31055,41.295368343,-96.15979777
33,68.6,1,5,31059,40.522021438,-97.59125852
33,66.8,1,5,31061,40.169759544,-98.94825158
33,34.1,1,5,31063,40.52302224,-100.3893156
33,59.7,1,5,31065,40.170942353,-99.90999564
33,62.9,1,5,31067,40.259650242,-96.68068562
33,47.4,1,5,31069,41.613939613,-102.3334223
33,71.9,1,5,31071,41.909096783,-98.98716463
33,83.3,1,5,31077,41.565852974,-98.51641669
33,62.8,1,5,31079,40.870112472,-98.49817195
33,72.3,1,5,31081,40.874944181,-98.01554916
33,59.6,1,5,31083,40.17124707,-99.40127163
33,76,1,5,31089,42.450023916,-98.78031705
33,62.3,1,5,31093,41.216585877,-98.51359646
33,64.4,1,5,31095,40.170914758,-97.13563333
33,62.2,1,5,31097,40.394184269,-96.25775589
33,54,1,5,31099,40.500823343,-98.94450567
33,35,1,5,31101,41.194677193,-101.6555288
33,73.5,1,5,31103,42.872638231,-99.71451444
33,69.8,1,5,31105,41.195328358,-103.7129081
33,68.1,1,5,31107,42.638050462,-97.88973017
33,62.4,1,5,31109,40.784660807,-96.68061164
33,38.2,1,5,31111,41.045018507,-100.7382074
33,48.9,1,5,31113,41.565865761,-100.4796972
33,81.7,1,5,31115,41.910046161,-99.45053077
33,69.2,1,5,31119,41.912946761,-97.59937386
33,82.4,1,5,31121,41.167321964,-98.03718305
33,42.3,1,5,31123,41.710080866,-103.0092474
33,133.6,1,5,31125,41.394734697,-97.98906929
33,60.9,1,5,31127,40.391997616,-95.8474337
33,66.9,1,5,31129,40.170908289,-98.0416703
33,63.6,1,5,31131,40.653646052,-96.12813376
33,65.2,1,5,31133,40.127871153,-96.22768682
33,38.2,1,5,31135,40.848414112,-101.6452646
33,44.1,1,5,31137,40.50452059,-99.40937255
33,65.7,1,5,31139,42.262203303,-97.60146066
33,77.9,1,5,31141,41.567267226,-97.51716172
33,73.8,1,5,31143,41.184143849,-97.56458685
33,52.6,1,5,31145,40.169495871,-100.4723756
33,82.3,1,5,31147,40.12207923,-95.71011063
33,85.8,1,5,31149,42.415951786,-99.44700306
33,65.9,1,5,31151,40.522187737,-97.13433795
33,63.2,1,5,31153,41.114502662,-96.10754658
33,63.2,1,5,31155,41.227890443,-96.63648312
33,43.9,1,5,31157,41.845787,-103.7086421
33,66.1,1,5,31159,40.871708053,-97.13402509
33,63,1,5,31161,42.496200678,-102.409848
33,55.7,1,5,31163,41.218021555,-98.97015295
33,52.8,1,5,31165,42.484926561,-103.758883
33,66.4,1,5,31167,41.915773177,-97.19241194
33,64.9,1,5,31169,40.171483119,-97.58932125
33,75.1,1,5,31173,42.160522277,-96.54449779
33,66,1,5,31177,41.532480943,-96.21829967
33,66.5,1,5,31179,42.206851187,-97.12051141
33,61.4,1,5,31181,40.170085002,-98.49449683
33,66.2,1,5,31183,41.909476174,-98.52240093
33,64.2,1,5,31185,40.870896242,-97.5909637
33,41.4,2,5,31001,40.520798138,-98.49719567
33,53.4,2,5,31003,42.176489026,-98.06431033
33,60.6,2,5,31007,41.543231746,-103.7131789
33,55.6,2,5,31011,41.705897687,-98.06162193
33,53,2,5,31013,42.214661103,-103.0875959
33,42,2,5,31015,42.894630407,-98.76450098
33,52.8,2,5,31019,40.851922203,-99.06948506
33,57.2,2,5,31021,41.852634639,-96.33071521
33,66.8,2,5,31023,41.224164551,-97.12614111
33,62.9,2,5,31025,40.914155798,-96.14057235
33,55,2,5,31027,42.597136102,-97.25276322
33,60.9,2,5,31031,42.536289611,-101.1196486
33,49.7,2,5,31033,41.216428309,-102.9919281
33,55.7,2,5,31035,40.521743361,-98.04501509
33,60.2,2,5,31037,41.574451149,-97.08356455
33,60.7,2,5,31039,41.918533656,-96.78525336
33,48.6,2,5,31041,41.390942279,-99.7223212
33,54.5,2,5,31043,42.391574772,-96.56781319
33,58.5,2,5,31045,42.717203881,-103.1332032
33,46.1,2,5,31047,40.865739564,-99.8106103
33,60.2,2,5,31049,41.108051434,-102.3292008
33,41.1,2,5,31051,42.49091398,-96.86723795
33,59,2,5,31053,41.580659415,-96.64816624
33,58.5,2,5,31055,41.295368343,-96.15979777
33,49.9,2,5,31057,40.171376482,-101.6862718
33,68.5,2,5,31059,40.522021438,-97.59125852
33,36.6,2,5,31061,40.169759544,-98.94825158
33,47.9,2,5,31063,40.52302224,-100.3893156
33,45.9,2,5,31065,40.170942353,-99.90999564
33,67.9,2,5,31067,40.259650242,-96.68068562
33,66.1,2,5,31069,41.613939613,-102.3334223
33,53.2,2,5,31071,41.909096783,-98.98716463
33,60.7,2,5,31073,40.506477228,-99.82737336
33,69.7,2,5,31077,41.565852974,-98.51641669
33,67.9,2,5,31079,40.870112472,-98.49817195
33,55.3,2,5,31081,40.874944181,-98.01554916
33,47.7,2,5,31083,40.17124707,-99.40127163
33,35.4,2,5,31085,40.519829783,-101.0565282
33,37.6,2,5,31089,42.450023916,-98.78031705
33,64.2,2,5,31093,41.216585877,-98.51359646
33,65.7,2,5,31095,40.170914758,-97.13563333
33,72.1,2,5,31097,40.394184269,-96.25775589
33,40.7,2,5,31099,40.500823343,-98.94450567
33,38.5,2,5,31101,41.194677193,-101.6555288
33,50.1,2,5,31103,42.872638231,-99.71451444
33,67.9,2,5,31105,41.195328358,-103.7129081
33,50.4,2,5,31107,42.638050462,-97.88973017
33,67.1,2,5,31109,40.784660807,-96.68061164
33,43.8,2,5,31111,41.045018507,-100.7382074
33,37.2,2,5,31113,41.565865761,-100.4796972
33,52.1,2,5,31115,41.910046161,-99.45053077
33,36.4,2,5,31117,41.564897262,-101.0569108
33,57.3,2,5,31119,41.912946761,-97.59937386
33,64.4,2,5,31121,41.167321964,-98.03718305
33,57.8,2,5,31123,41.710080866,-103.0092474
33,58.1,2,5,31125,41.394734697,-97.98906929
33,78.2,2,5,31127,40.391997616,-95.8474337
33,41.2,2,5,31129,40.170908289,-98.0416703
33,69.7,2,5,31131,40.653646052,-96.12813376
33,70.7,2,5,31133,40.127871153,-96.22768682
33,40.2,2,5,31135,40.848414112,-101.6452646
33,55.2,2,5,31137,40.50452059,-99.40937255
33,61.5,2,5,31139,42.262203303,-97.60146066
33,60,2,5,31141,41.567267226,-97.51716172
33,63.5,2,5,31143,41.184143849,-97.56458685
33,52.2,2,5,31145,40.169495871,-100.4723756
33,83.1,2,5,31147,40.12207923,-95.71011063
33,69.3,2,5,31151,40.522187737,-97.13433795
33,57.6,2,5,31153,41.114502662,-96.10754658
33,61.1,2,5,31155,41.227890443,-96.63648312
33,44.6,2,5,31157,41.845787,-103.7086421
33,68.7,2,5,31159,40.871708053,-97.13402509
33,56.3,2,5,31161,42.496200678,-102.409848
33,52,2,5,31163,41.218021555,-98.97015295
33,53,2,5,31165,42.484926561,-103.758883
33,55.5,2,5,31167,41.915773177,-97.19241194
33,61.2,2,5,31169,40.171483119,-97.58932125
33,52.9,2,5,31173,42.160522277,-96.54449779
33,64.1,2,5,31175,41.564673615,-98.98003218
33,59.1,2,5,31177,41.532480943,-96.21829967
33,59.1,2,5,31179,42.206851187,-97.12051141
33,36.9,2,5,31181,40.170085002,-98.49449683
33,59.5,2,5,31183,41.909476174,-98.52240093
33,67.1,2,5,31185,40.870896242,-97.5909637
33,119.3,1,3,31053,41.580659415,-96.64816624
33,114.1,1,3,31055,41.295368343,-96.15979777
33,87.6,1,3,31109,40.784660807,-96.68061164
33,115.7,1,3,31153,41.114502662,-96.10754658
33,118.1,1,3,31177,41.532480943,-96.21829967
33,83.7,2,3,31053,41.580659415,-96.64816624
33,82.3,2,3,31055,41.295368343,-96.15979777
33,21.3,2,3,31109,40.784660807,-96.68061164
33,82.5,2,3,31153,41.114502662,-96.10754658
33,41.7,1,4,31055,41.295368343,-96.15979777
33,68.3,1,4,31079,40.870112472,-98.49817195
33,55.9,1,4,31105,41.195328358,-103.7129081
33,18.3,1,4,31109,40.784660807,-96.68061164
33,43.4,1,4,31153,41.114502662,-96.10754658
33,43.7,2,4,31055,41.295368343,-96.15979777
33,68.4,2,4,31079,40.870112472,-98.49817195
33,59.3,2,4,31105,41.195328358,-103.7129081
33,55.7,2,4,31109,40.784660807,-96.68061164
33,50.5,2,4,31153,41.114502662,-96.10754658
33,73.1,1,2,31055,41.295368343,-96.15979777
33,111.8,1,2,31109,40.784660807,-96.68061164
33,88.3,2,2,31055,41.295368343,-96.15979777
33,84.4,2,2,31109,40.784660807,-96.68061164
34,59.6,1,0,33001,43.514417935,-71.42490408
34,58.4,1,0,33003,43.871258665,-71.2039831
34,56,1,0,33005,42.918335917,-72.24804255
34,58,1,0,33007,44.685223219,-71.30683213
34,59.4,1,0,33009,43.935572811,-71.82212969
34,49.7,1,0,33011,42.913463208,-71.71419238
34,53.8,1,0,33013,43.297881646,-71.68425524
34,48.6,1,0,33015,42.983900541,-71.13459892
34,55.9,1,0,33017,43.298317997,-71.03147969
34,54.2,1,0,33019,43.359742999,-72.22344437
34,58.3,2,0,33001,43.514417935,-71.42490408
34,58.4,2,0,33003,43.871258665,-71.2039831
34,58.3,2,0,33005,42.918335917,-72.24804255
34,59.8,2,0,33007,44.685223219,-71.30683213
34,58.4,2,0,33009,43.935572811,-71.82212969
34,50,2,0,33011,42.913463208,-71.71419238
34,53,2,0,33013,43.297881646,-71.68425524
34,51.2,2,0,33015,42.983900541,-71.13459892
34,55.4,2,0,33017,43.298317997,-71.03147969
34,53.1,2,0,33019,43.359742999,-72.22344437
34,59.5,1,5,33001,43.514417935,-71.42490408
34,58,1,5,33003,43.871258665,-71.2039831
34,56.1,1,5,33005,42.918335917,-72.24804255
34,58.6,1,5,33007,44.685223219,-71.30683213
34,59.6,1,5,33009,43.935572811,-71.82212969
34,49.9,1,5,33011,42.913463208,-71.71419238
34,53.4,1,5,33013,43.297881646,-71.68425524
34,49,1,5,33015,42.983900541,-71.13459892
34,54.5,1,5,33017,43.298317997,-71.03147969
34,54.6,1,5,33019,43.359742999,-72.22344437
34,58.5,2,5,33001,43.514417935,-71.42490408
34,58.8,2,5,33003,43.871258665,-71.2039831
34,58.3,2,5,33005,42.918335917,-72.24804255
34,61,2,5,33007,44.685223219,-71.30683213
34,59.2,2,5,33009,43.935572811,-71.82212969
34,49.5,2,5,33011,42.913463208,-71.71419238
34,52.9,2,5,33013,43.297881646,-71.68425524
34,51.1,2,5,33015,42.983900541,-71.13459892
34,55.4,2,5,33017,43.298317997,-71.03147969
34,53.2,2,5,33019,43.359742999,-72.22344437
34,72.7,1,3,33011,42.913463208,-71.71419238
34,47.1,2,3,33011,42.913463208,-71.71419238
34,49,1,4,33005,42.918335917,-72.24804255
34,47.7,1,4,33011,42.913463208,-71.71419238
34,47.4,1,4,33015,42.983900541,-71.13459892
34,44.9,2,4,33005,42.918335917,-72.24804255
34,42.6,2,4,33011,42.913463208,-71.71419238
34,50.2,2,4,33015,42.983900541,-71.13459892
34,42.9,1,2,33011,42.913463208,-71.71419238
34,47.1,1,2,33015,42.983900541,-71.13459892
34,75.2,2,2,33005,42.918335917,-72.24804255
34,58.5,2,2,33011,42.913463208,-71.71419238
34,51.7,2,2,33015,42.983900541,-71.13459892
35,65.5,1,0,34001,39.480589264,-74.69505158
35,51.8,1,0,34003,40.953679242,-74.0700024
35,69.6,1,0,34005,39.870912972,-74.67201918
35,81.4,1,0,34007,39.799347407,-74.96759945
35,79.6,1,0,34009,39.160498889,-74.80979915
35,81.6,1,0,34011,39.36646075,-75.11511033
35,64.9,1,0,34013,40.781077309,-74.2483124
35,81.9,1,0,34015,39.71365585,-75.14782646
35,57.8,1,0,34017,40.740050698,-74.06432689
35,55.4,1,0,34019,40.560869398,-74.91453933
35,63.1,1,0,34021,40.277255623,-74.70339544
35,62.3,1,0,34023,40.429286641,-74.41635116
35,62.9,1,0,34025,40.249841662,-74.23612884
35,51.8,1,0,34027,40.854493676,-74.54478406
35,64.8,1,0,34029,39.908008379,-74.30612942
35,63.6,1,0,34031,41.026663075,-74.30097988
35,87.4,1,0,34033,39.583659185,-75.35148654
35,59.2,1,0,34035,40.557001836,-74.61830897
35,50.3,1,0,34037,41.130866694,-74.69248864
35,64.7,1,0,34039,40.651543948,-74.31029379
35,56.4,1,0,34041,40.848586128,-74.99954306
35,55.9,2,0,34001,39.480589264,-74.69505158
35,42.7,2,0,34003,40.953679242,-74.0700024
35,65.5,2,0,34005,39.870912972,-74.67201918
35,60.2,2,0,34007,39.799347407,-74.96759945
35,67.8,2,0,34009,39.160498889,-74.80979915
35,77,2,0,34011,39.36646075,-75.11511033
35,51.5,2,0,34013,40.781077309,-74.2483124
35,59.1,2,0,34015,39.71365585,-75.14782646
35,49.4,2,0,34017,40.740050698,-74.06432689
35,47.7,2,0,34019,40.560869398,-74.91453933
35,53.7,2,0,34021,40.277255623,-74.70339544
35,50.6,2,0,34023,40.429286641,-74.41635116
35,56.3,2,0,34025,40.249841662,-74.23612884
35,58.1,2,0,34027,40.854493676,-74.54478406
35,54.2,2,0,34029,39.908008379,-74.30612942
35,53.7,2,0,34031,41.026663075,-74.30097988
35,83.6,2,0,34033,39.583659185,-75.35148654
35,48,2,0,34035,40.557001836,-74.61830897
35,54.6,2,0,34037,41.130866694,-74.69248864
35,60.3,2,0,34039,40.651543948,-74.31029379
35,50.1,2,0,34041,40.848586128,-74.99954306
35,66.8,1,5,34001,39.480589264,-74.69505158
35,49.7,1,5,34003,40.953679242,-74.0700024
35,65.7,1,5,34005,39.870912972,-74.67201918
35,68.8,1,5,34007,39.799347407,-74.96759945
35,75.9,1,5,34009,39.160498889,-74.80979915
35,73.2,1,5,34011,39.36646075,-75.11511033
35,50.3,1,5,34013,40.781077309,-74.2483124
35,74.9,1,5,34015,39.71365585,-75.14782646
35,57.3,1,5,34017,40.740050698,-74.06432689
35,56.2,1,5,34019,40.560869398,-74.91453933
35,61.7,1,5,34021,40.277255623,-74.70339544
35,61.9,1,5,34023,40.429286641,-74.41635116
35,62.8,1,5,34025,40.249841662,-74.23612884
35,52.5,1,5,34027,40.854493676,-74.54478406
35,64.1,1,5,34029,39.908008379,-74.30612942
35,54,1,5,34031,41.026663075,-74.30097988
35,81.9,1,5,34033,39.583659185,-75.35148654
35,59.4,1,5,34035,40.557001836,-74.61830897
35,51,1,5,34037,41.130866694,-74.69248864
35,63,1,5,34039,40.651543948,-74.31029379
35,56.7,1,5,34041,40.848586128,-74.99954306
35,57.3,2,5,34001,39.480589264,-74.69505158
35,43,2,5,34003,40.953679242,-74.0700024
35,61.6,2,5,34005,39.870912972,-74.67201918
35,61.2,2,5,34007,39.799347407,-74.96759945
35,66,2,5,34009,39.160498889,-74.80979915
35,67.7,2,5,34011,39.36646075,-75.11511033
35,44.1,2,5,34013,40.781077309,-74.2483124
35,58.9,2,5,34015,39.71365585,-75.14782646
35,53.8,2,5,34017,40.740050698,-74.06432689
35,46,2,5,34019,40.560869398,-74.91453933
35,50.2,2,5,34021,40.277255623,-74.70339544
35,53.2,2,5,34023,40.429286641,-74.41635116
35,55.3,2,5,34025,40.249841662,-74.23612884
35,59.3,2,5,34027,40.854493676,-74.54478406
35,56,2,5,34029,39.908008379,-74.30612942
35,51,2,5,34031,41.026663075,-74.30097988
35,77.9,2,5,34033,39.583659185,-75.35148654
35,47.1,2,5,34035,40.557001836,-74.61830897
35,53.9,2,5,34037,41.130866694,-74.69248864
35,63.1,2,5,34039,40.651543948,-74.31029379
35,49.1,2,5,34041,40.848586128,-74.99954306
35,93.6,1,3,34001,39.480589264,-74.69505158
35,80.9,1,3,34003,40.953679242,-74.0700024
35,91.9,1,3,34005,39.870912972,-74.67201918
35,136.8,1,3,34007,39.799347407,-74.96759945
35,92.3,1,3,34009,39.160498889,-74.80979915
35,107.9,1,3,34011,39.36646075,-75.11511033
35,96.8,1,3,34013,40.781077309,-74.2483124
35,134.6,1,3,34015,39.71365585,-75.14782646
35,89.2,1,3,34017,40.740050698,-74.06432689
35,87.3,1,3,34019,40.560869398,-74.91453933
35,89.5,1,3,34021,40.277255623,-74.70339544
35,93.7,1,3,34023,40.429286641,-74.41635116
35,90.7,1,3,34025,40.249841662,-74.23612884
35,97.8,1,3,34027,40.854493676,-74.54478406
35,84.3,1,3,34029,39.908008379,-74.30612942
35,97,1,3,34031,41.026663075,-74.30097988
35,134.1,1,3,34033,39.583659185,-75.35148654
35,90.5,1,3,34035,40.557001836,-74.61830897
35,92.6,1,3,34037,41.130866694,-74.69248864
35,94.7,1,3,34039,40.651543948,-74.31029379
35,80,1,3,34041,40.848586128,-74.99954306
35,78.1,2,3,34001,39.480589264,-74.69505158
35,56,2,3,34003,40.953679242,-74.0700024
35,86.3,2,3,34005,39.870912972,-74.67201918
35,86,2,3,34007,39.799347407,-74.96759945
35,84.3,2,3,34009,39.160498889,-74.80979915
35,100.6,2,3,34011,39.36646075,-75.11511033
35,69,2,3,34013,40.781077309,-74.2483124
35,91.3,2,3,34015,39.71365585,-75.14782646
35,68.5,2,3,34017,40.740050698,-74.06432689
35,77.6,2,3,34019,40.560869398,-74.91453933
35,72.9,2,3,34021,40.277255623,-74.70339544
35,73.7,2,3,34023,40.429286641,-74.41635116
35,72.3,2,3,34025,40.249841662,-74.23612884
35,71.2,2,3,34027,40.854493676,-74.54478406
35,71.2,2,3,34029,39.908008379,-74.30612942
35,70,2,3,34031,41.026663075,-74.30097988
35,98.8,2,3,34033,39.583659185,-75.35148654
35,73.6,2,3,34035,40.557001836,-74.61830897
35,79.5,2,3,34037,41.130866694,-74.69248864
35,68,2,3,34039,40.651543948,-74.31029379
35,64.9,2,3,34041,40.848586128,-74.99954306
35,42.4,1,4,34001,39.480589264,-74.69505158
35,53,1,4,34003,40.953679242,-74.0700024
35,26.8,1,4,34005,39.870912972,-74.67201918
35,116.9,1,4,34007,39.799347407,-74.96759945
35,113.8,1,4,34009,39.160498889,-74.80979915
35,90.7,1,4,34011,39.36646075,-75.11511033
35,56.7,1,4,34013,40.781077309,-74.2483124
35,57.2,1,4,34015,39.71365585,-75.14782646
35,53.1,1,4,34017,40.740050698,-74.06432689
35,57.8,1,4,34019,40.560869398,-74.91453933
35,62.4,1,4,34021,40.277255623,-74.70339544
35,50,1,4,34023,40.429286641,-74.41635116
35,49.5,1,4,34025,40.249841662,-74.23612884
35,36.1,1,4,34027,40.854493676,-74.54478406
35,48.3,1,4,34029,39.908008379,-74.30612942
35,52.6,1,4,34031,41.026663075,-74.30097988
35,96.5,1,4,34033,39.583659185,-75.35148654
35,39.1,1,4,34035,40.557001836,-74.61830897
35,34.6,1,4,34037,41.130866694,-74.69248864
35,37.5,1,4,34039,40.651543948,-74.31029379
35,30.5,1,4,34041,40.848586128,-74.99954306
35,49.9,2,4,34001,39.480589264,-74.69505158
35,37.1,2,4,34003,40.953679242,-74.0700024
35,58.6,2,4,34005,39.870912972,-74.67201918
35,54.1,2,4,34007,39.799347407,-74.96759945
35,57.9,2,4,34009,39.160498889,-74.80979915
35,56.1,2,4,34011,39.36646075,-75.11511033
35,37.1,2,4,34013,40.781077309,-74.2483124
35,55.5,2,4,34015,39.71365585,-75.14782646
35,34.4,2,4,34017,40.740050698,-74.06432689
35,39.3,2,4,34019,40.560869398,-74.91453933
35,37.4,2,4,34021,40.277255623,-74.70339544
35,33.7,2,4,34023,40.429286641,-74.41635116
35,60.4,2,4,34025,40.249841662,-74.23612884
35,38.1,2,4,34027,40.854493676,-74.54478406
35,51.9,2,4,34029,39.908008379,-74.30612942
35,38.3,2,4,34031,41.026663075,-74.30097988
35,58.7,2,4,34033,39.583659185,-75.35148654
35,35.8,2,4,34035,40.557001836,-74.61830897
35,45,2,4,34037,41.130866694,-74.69248864
35,34.5,2,4,34039,40.651543948,-74.31029379
35,48.6,2,4,34041,40.848586128,-74.99954306
35,49.2,1,2,34001,39.480589264,-74.69505158
35,36.2,1,2,34003,40.953679242,-74.0700024
35,49.1,1,2,34005,39.870912972,-74.67201918
35,48.3,1,2,34007,39.799347407,-74.96759945
35,38.7,1,2,34013,40.781077309,-74.2483124
35,53.2,1,2,34015,39.71365585,-75.14782646
35,34.8,1,2,34017,40.740050698,-74.06432689
35,38.7,1,2,34019,40.560869398,-74.91453933
35,41.3,1,2,34021,40.277255623,-74.70339544
35,40.2,1,2,34023,40.429286641,-74.41635116
35,44.6,1,2,34025,40.249841662,-74.23612884
35,36.4,1,2,34027,40.854493676,-74.54478406
35,53.1,1,2,34029,39.908008379,-74.30612942
35,36.4,1,2,34031,41.026663075,-74.30097988
35,38.6,1,2,34035,40.557001836,-74.61830897
35,36.6,1,2,34037,41.130866694,-74.69248864
35,38.1,1,2,34039,40.651543948,-74.31029379
35,39.7,1,2,34041,40.848586128,-74.99954306
35,33.2,2,2,34001,39.480589264,-74.69505158
35,37.7,2,2,34003,40.953679242,-74.0700024
35,45.7,2,2,34005,39.870912972,-74.67201918
35,38.5,2,2,34007,39.799347407,-74.96759945
35,48.3,2,2,34013,40.781077309,-74.2483124
35,39.2,2,2,34015,39.71365585,-75.14782646
35,37.2,2,2,34017,40.740050698,-74.06432689
35,56.8,2,2,34019,40.560869398,-74.91453933
35,44.7,2,2,34021,40.277255623,-74.70339544
35,40,2,2,34023,40.429286641,-74.41635116
35,42.5,2,2,34025,40.249841662,-74.23612884
35,55.6,2,2,34027,40.854493676,-74.54478406
35,39.3,2,2,34029,39.908008379,-74.30612942
35,47.8,2,2,34031,41.026663075,-74.30097988
35,37.3,2,2,34035,40.557001836,-74.61830897
35,58.8,2,2,34037,41.130866694,-74.69248864
35,38.1,2,2,34039,40.651543948,-74.31029379
35,61.9,2,2,34041,40.848586128,-74.99954306
36,66.1,1,0,35001,35.056945341,-106.6578921
36,60.7,1,0,35003,33.918867587,-108.4042703
36,39.6,1,0,35005,33.366746682,-104.4555334
36,69.3,1,0,35006,34.919725783,-107.9906823
36,45.7,1,0,35007,36.608412922,-104.6330094
36,86.2,1,0,35009,34.580787582,-103.3295415
36,39.8,1,0,35011,34.345200703,-104.4018806
36,66.9,1,0,35013,32.359765363,-106.8240076
36,68.6,1,0,35015,32.475447632,-104.2954951
36,61.5,1,0,35017,32.742305661,-108.3749393
36,53.2,1,0,35019,34.865211471,-104.7771928
36,56.1,1,0,35021,35.864782677,-103.810084
36,61.1,1,0,35023,31.927404183,-108.7130825
36,84.4,1,0,35025,32.791754166,-103.4010431
36,47.8,1,0,35027,33.748846328,-105.4519653
36,47.6,1,0,35028,35.887868399,-106.3053874
36,70.2,1,0,35029,32.183172988,-107.7378928
36,71.5,1,0,35031,35.579787928,-108.2602922
36,45.9,1,0,35033,36.021086973,-104.9352197
36,63.6,1,0,35035,32.613590192,-105.7341788
36,76.5,1,0,35037,35.10810205,-103.5362282
36,60.7,1,0,35039,36.510844678,-106.6885024
36,31.4,1,0,35041,34.019966879,-103.4655826
36,72.6,1,0,35043,35.694914168,-106.8573818
36,70.9,1,0,35045,36.506529691,-108.3233835
36,45.7,1,0,35047,35.488682672,-104.8042461
36,49.2,1,0,35049,35.514037964,-105.9679355
36,64.9,1,0,35051,33.132911145,-107.182938
36,62.7,1,0,35053,34.01122413,-106.9236075
36,55.9,1,0,35055,36.581890947,-105.6202989
36,63,1,0,35057,34.646255599,-105.8386473
36,67.9,1,0,35059,36.480170106,-103.4598692
36,67.2,1,0,35061,34.722924435,-106.8080165
36,72.2,2,0,35001,35.056945341,-106.6578921
36,66.4,2,0,35003,33.918867587,-108.4042703
36,54.6,2,0,35005,33.366746682,-104.4555334
36,72,2,0,35006,34.919725783,-107.9906823
36,38.4,2,0,35007,36.608412922,-104.6330094
36,60.8,2,0,35009,34.580787582,-103.3295415
36,60.3,2,0,35011,34.345200703,-104.4018806
36,63.6,2,0,35013,32.359765363,-106.8240076
36,55.4,2,0,35015,32.475447632,-104.2954951
36,54.8,2,0,35017,32.742305661,-108.3749393
36,66,2,0,35019,34.865211471,-104.7771928
36,46,2,0,35021,35.864782677,-103.810084
36,65.3,2,0,35023,31.927404183,-108.7130825
36,67.5,2,0,35025,32.791754166,-103.4010431
36,56.9,2,0,35027,33.748846328,-105.4519653
36,55,2,0,35028,35.887868399,-106.3053874
36,66.9,2,0,35029,32.183172988,-107.7378928
36,73.9,2,0,35031,35.579787928,-108.2602922
36,45.9,2,0,35033,36.021086973,-104.9352197
36,52.1,2,0,35035,32.613590192,-105.7341788
36,59.4,2,0,35037,35.10810205,-103.5362282
36,66.4,2,0,35039,36.510844678,-106.6885024
36,61.1,2,0,35041,34.019966879,-103.4655826
36,72.6,2,0,35043,35.694914168,-106.8573818
36,73.6,2,0,35045,36.506529691,-108.3233835
36,46.9,2,0,35047,35.488682672,-104.8042461
36,53.6,2,0,35049,35.514037964,-105.9679355
36,64.2,2,0,35051,33.132911145,-107.182938
36,61.6,2,0,35053,34.01122413,-106.9236075
36,40.5,2,0,35055,36.581890947,-105.6202989
36,66.9,2,0,35057,34.646255599,-105.8386473
36,51,2,0,35059,36.480170106,-103.4598692
36,71.1,2,0,35061,34.722924435,-106.8080165
36,56.8,1,5,35001,35.056945341,-106.6578921
36,64.6,1,5,35003,33.918867587,-108.4042703
36,36.4,1,5,35005,33.366746682,-104.4555334
36,62.2,1,5,35006,34.919725783,-107.9906823
36,48.9,1,5,35007,36.608412922,-104.6330094
36,81.5,1,5,35009,34.580787582,-103.3295415
36,33.3,1,5,35011,34.345200703,-104.4018806
36,64.5,1,5,35013,32.359765363,-106.8240076
36,54.8,1,5,35015,32.475447632,-104.2954951
36,56.5,1,5,35017,32.742305661,-108.3749393
36,39.5,1,5,35019,34.865211471,-104.7771928
36,72.5,1,5,35021,35.864782677,-103.810084
36,56.6,1,5,35023,31.927404183,-108.7130825
36,76.8,1,5,35025,32.791754166,-103.4010431
36,39.9,1,5,35027,33.748846328,-105.4519653
36,50.9,1,5,35028,35.887868399,-106.3053874
36,69.1,1,5,35029,32.183172988,-107.7378928
36,66.3,1,5,35031,35.579787928,-108.2602922
36,42.6,1,5,35033,36.021086973,-104.9352197
36,55.2,1,5,35035,32.613590192,-105.7341788
36,82,1,5,35037,35.10810205,-103.5362282
36,52.9,1,5,35039,36.510844678,-106.6885024
36,41.5,1,5,35041,34.019966879,-103.4655826
36,56.3,1,5,35043,35.694914168,-106.8573818
36,65,1,5,35045,36.506529691,-108.3233835
36,43.8,1,5,35047,35.488682672,-104.8042461
36,55.6,1,5,35049,35.514037964,-105.9679355
36,59.6,1,5,35051,33.132911145,-107.182938
36,47.9,1,5,35053,34.01122413,-106.9236075
36,51.8,1,5,35055,36.581890947,-105.6202989
36,54.2,1,5,35057,34.646255599,-105.8386473
36,80.7,1,5,35059,36.480170106,-103.4598692
36,58.7,1,5,35061,34.722924435,-106.8080165
36,66.9,2,5,35001,35.056945341,-106.6578921
36,70.2,2,5,35003,33.918867587,-108.4042703
36,53.4,2,5,35005,33.366746682,-104.4555334
36,70.3,2,5,35006,34.919725783,-107.9906823
36,36,2,5,35007,36.608412922,-104.6330094
36,53,2,5,35009,34.580787582,-103.3295415
36,53.9,2,5,35011,34.345200703,-104.4018806
36,63.7,2,5,35013,32.359765363,-106.8240076
36,51.8,2,5,35015,32.475447632,-104.2954951
36,60.5,2,5,35017,32.742305661,-108.3749393
36,68.7,2,5,35019,34.865211471,-104.7771928
36,54.4,2,5,35021,35.864782677,-103.810084
36,73.7,2,5,35023,31.927404183,-108.7130825
36,50.8,2,5,35025,32.791754166,-103.4010431
36,53.4,2,5,35027,33.748846328,-105.4519653
36,52.6,2,5,35028,35.887868399,-106.3053874
36,71.5,2,5,35029,32.183172988,-107.7378928
36,80,2,5,35031,35.579787928,-108.2602922
36,40.4,2,5,35033,36.021086973,-104.9352197
36,59.3,2,5,35035,32.613590192,-105.7341788
36,57,2,5,35037,35.10810205,-103.5362282
36,57.4,2,5,35039,36.510844678,-106.6885024
36,53,2,5,35041,34.019966879,-103.4655826
36,72.8,2,5,35043,35.694914168,-106.8573818
36,78.2,2,5,35045,36.506529691,-108.3233835
36,47.8,2,5,35047,35.488682672,-104.8042461
36,52.4,2,5,35049,35.514037964,-105.9679355
36,65.7,2,5,35051,33.132911145,-107.182938
36,60.8,2,5,35053,34.01122413,-106.9236075
36,30.9,2,5,35055,36.581890947,-105.6202989
36,61.7,2,5,35057,34.646255599,-105.8386473
36,51,2,5,35059,36.480170106,-103.4598692
36,66.9,2,5,35061,34.722924435,-106.8080165
36,57.9,1,3,35001,35.056945341,-106.6578921
36,103.9,2,3,35001,35.056945341,-106.6578921
36,78.6,1,4,35001,35.056945341,-106.6578921
36,59.1,1,4,35003,33.918867587,-108.4042703
36,62.8,1,4,35005,33.366746682,-104.4555334
36,81.8,1,4,35006,34.919725783,-107.9906823
36,39.1,1,4,35007,36.608412922,-104.6330094
36,77.1,1,4,35009,34.580787582,-103.3295415
36,66.6,1,4,35013,32.359765363,-106.8240076
36,74.1,1,4,35015,32.475447632,-104.2954951
36,64,1,4,35017,32.742305661,-108.3749393
36,56.4,1,4,35019,34.865211471,-104.7771928
36,70.6,1,4,35023,31.927404183,-108.7130825
36,73.2,1,4,35025,32.791754166,-103.4010431
36,66.5,1,4,35027,33.748846328,-105.4519653
36,58.1,1,4,35028,35.887868399,-106.3053874
36,62.7,1,4,35029,32.183172988,-107.7378928
36,77.5,1,4,35031,35.579787928,-108.2602922
36,50.4,1,4,35033,36.021086973,-104.9352197
36,66.7,1,4,35035,32.613590192,-105.7341788
36,49.5,1,4,35037,35.10810205,-103.5362282
36,72,1,4,35039,36.510844678,-106.6885024
36,53.2,1,4,35041,34.019966879,-103.4655826
36,88.8,1,4,35043,35.694914168,-106.8573818
36,83.8,1,4,35045,36.506529691,-108.3233835
36,49,1,4,35047,35.488682672,-104.8042461
36,55.9,1,4,35049,35.514037964,-105.9679355
36,64.6,1,4,35051,33.132911145,-107.182938
36,80.4,1,4,35053,34.01122413,-106.9236075
36,60.2,1,4,35055,36.581890947,-105.6202989
36,75.8,1,4,35057,34.646255599,-105.8386473
36,80.3,1,4,35061,34.722924435,-106.8080165
36,74.8,2,4,35001,35.056945341,-106.6578921
36,42,2,4,35005,33.366746682,-104.4555334
36,74,2,4,35006,34.919725783,-107.9906823
36,65.3,2,4,35009,34.580787582,-103.3295415
36,78.3,2,4,35011,34.345200703,-104.4018806
36,55,2,4,35013,32.359765363,-106.8240076
36,57.2,2,4,35015,32.475447632,-104.2954951
36,47.7,2,4,35017,32.742305661,-108.3749393
36,89.8,2,4,35019,34.865211471,-104.7771928
36,52.5,2,4,35023,31.927404183,-108.7130825
36,117.6,2,4,35025,32.791754166,-103.4010431
36,62,2,4,35027,33.748846328,-105.4519653
36,60.8,2,4,35028,35.887868399,-106.3053874
36,61.7,2,4,35029,32.183172988,-107.7378928
36,56.5,2,4,35031,35.579787928,-108.2602922
36,49.8,2,4,35033,36.021086973,-104.9352197
36,49.2,2,4,35035,32.613590192,-105.7341788
36,72.8,2,4,35037,35.10810205,-103.5362282
36,59.3,2,4,35039,36.510844678,-106.6885024
36,84.7,2,4,35041,34.019966879,-103.4655826
36,73.1,2,4,35043,35.694914168,-106.8573818
36,60.5,2,4,35045,36.506529691,-108.3233835
36,43.2,2,4,35047,35.488682672,-104.8042461
36,65.2,2,4,35049,35.514037964,-105.9679355
36,61.5,2,4,35051,33.132911145,-107.182938
36,61.6,2,4,35053,34.01122413,-106.9236075
36,43.8,2,4,35055,36.581890947,-105.6202989
36,71.9,2,4,35057,34.646255599,-105.8386473
36,77.2,2,4,35061,34.722924435,-106.8080165
36,23.8,1,2,35001,35.056945341,-106.6578921
36,86,2,2,35001,35.056945341,-106.6578921
36,74,1,1,35001,35.056945341,-106.6578921
36,76.2,1,1,35006,34.919725783,-107.9906823
36,80,1,1,35031,35.579787928,-108.2602922
36,85.9,1,1,35039,36.510844678,-106.6885024
36,97,1,1,35043,35.694914168,-106.8573818
36,87.3,1,1,35045,36.506529691,-108.3233835
36,54.9,1,1,35049,35.514037964,-105.9679355
36,48.6,2,1,35001,35.056945341,-106.6578921
36,68,2,1,35006,34.919725783,-107.9906823
36,71.7,2,1,35031,35.579787928,-108.2602922
36,64,2,1,35039,36.510844678,-106.6885024
36,63.5,2,1,35043,35.694914168,-106.8573818
36,68.9,2,1,35045,36.506529691,-108.3233835
36,48,2,1,35049,35.514037964,-105.9679355
37,72,1,0,32001,39.579743568,-118.3223381
37,71.3,1,0,32003,36.211363182,-115.0092868
37,69.8,1,0,32005,38.904682433,-119.6085838
37,68.3,1,0,32007,41.142166357,-115.3478926
37,59.2,1,0,32009,37.77010868,-117.6233503
37,67.8,1,0,32011,39.979101217,-116.258149
37,69.2,1,0,32013,41.404017682,-118.1005952
37,70.1,1,0,32015,39.932116998,-117.0270816
37,69.9,1,0,32017,37.643319275,-114.8679638
37,72.2,1,0,32019,39.018835895,-119.1785458
37,69.9,1,0,32021,38.533274221,-118.4269909
37,70.6,1,0,32023,38.039927402,-116.4672076
37,70.6,1,0,32027,40.4369981,-118.3918567
37,71.5,1,0,32029,39.449456733,-119.5138012
37,71.3,1,0,32031,40.658639692,-119.6565333
37,65.4,1,0,32033,39.440838262,-114.8947384
37,75.7,1,0,32510,39.148649739,-119.7403334
37,79.8,2,0,32001,39.579743568,-118.3223381
37,68.3,2,0,32003,36.211363182,-115.0092868
37,73.5,2,0,32005,38.904682433,-119.6085838
37,66.3,2,0,32007,41.142166357,-115.3478926
37,75.7,2,0,32009,37.77010868,-117.6233503
37,66.9,2,0,32011,39.979101217,-116.258149
37,75.8,2,0,32013,41.404017682,-118.1005952
37,67,2,0,32015,39.932116998,-117.0270816
37,67.3,2,0,32017,37.643319275,-114.8679638
37,83.4,2,0,32019,39.018835895,-119.1785458
37,91.4,2,0,32021,38.533274221,-118.4269909
37,67.9,2,0,32023,38.039927402,-116.4672076
37,77.3,2,0,32027,40.4369981,-118.3918567
37,81.2,2,0,32029,39.449456733,-119.5138012
37,75.4,2,0,32031,40.658639692,-119.6565333
37,65,2,0,32033,39.440838262,-114.8947384
37,76.6,2,0,32510,39.148649739,-119.7403334
37,74.2,1,5,32001,39.579743568,-118.3223381
37,67.8,1,5,32003,36.211363182,-115.0092868
37,69.6,1,5,32005,38.904682433,-119.6085838
37,67.1,1,5,32007,41.142166357,-115.3478926
37,64,1,5,32009,37.77010868,-117.6233503
37,69.1,1,5,32011,39.979101217,-116.258149
37,69.8,1,5,32013,41.404017682,-118.1005952
37,75.5,1,5,32015,39.932116998,-117.0270816
37,66.8,1,5,32017,37.643319275,-114.8679638
37,75.4,1,5,32019,39.018835895,-119.1785458
37,75.9,1,5,32021,38.533274221,-118.4269909
37,68.4,1,5,32023,38.039927402,-116.4672076
37,70.5,1,5,32027,40.4369981,-118.3918567
37,72.7,1,5,32029,39.449456733,-119.5138012
37,71.3,1,5,32031,40.658639692,-119.6565333
37,64.3,1,5,32033,39.440838262,-114.8947384
37,77.3,1,5,32510,39.148649739,-119.7403334
37,82.3,2,5,32001,39.579743568,-118.3223381
37,68.7,2,5,32003,36.211363182,-115.0092868
37,75.9,2,5,32005,38.904682433,-119.6085838
37,66.6,2,5,32007,41.142166357,-115.3478926
37,75,2,5,32009,37.77010868,-117.6233503
37,67,2,5,32011,39.979101217,-116.258149
37,77.1,2,5,32013,41.404017682,-118.1005952
37,66.9,2,5,32015,39.932116998,-117.0270816
37,67.1,2,5,32017,37.643319275,-114.8679638
37,84.4,2,5,32019,39.018835895,-119.1785458
37,82.7,2,5,32021,38.533274221,-118.4269909
37,67.5,2,5,32023,38.039927402,-116.4672076
37,79,2,5,32027,40.4369981,-118.3918567
37,84.4,2,5,32029,39.449456733,-119.5138012
37,77.2,2,5,32031,40.658639692,-119.6565333
37,63.9,2,5,32033,39.440838262,-114.8947384
37,79.5,2,5,32510,39.148649739,-119.7403334
37,125.1,1,3,32003,36.211363182,-115.0092868
37,117,1,3,32017,37.643319275,-114.8679638
37,118.2,1,3,32023,38.039927402,-116.4672076
37,81.4,1,3,32031,40.658639692,-119.6565333
37,109.5,2,3,32003,36.211363182,-115.0092868
37,109,2,3,32023,38.039927402,-116.4672076
37,150,2,3,32031,40.658639692,-119.6565333
37,51.5,1,4,32001,39.579743568,-118.3223381
37,57.6,1,4,32003,36.211363182,-115.0092868
37,63.2,1,4,32005,38.904682433,-119.6085838
37,60.6,1,4,32007,41.142166357,-115.3478926
37,60.9,1,4,32013,41.404017682,-118.1005952
37,62.4,1,4,32017,37.643319275,-114.8679638
37,37.5,1,4,32019,39.018835895,-119.1785458
37,53.8,1,4,32023,38.039927402,-116.4672076
37,58,1,4,32027,40.4369981,-118.3918567
37,51.4,1,4,32029,39.449456733,-119.5138012
37,64.4,1,4,32031,40.658639692,-119.6565333
37,37.8,1,4,32510,39.148649739,-119.7403334
37,40,2,4,32001,39.579743568,-118.3223381
37,46.9,2,4,32003,36.211363182,-115.0092868
37,31,2,4,32005,38.904682433,-119.6085838
37,46.3,2,4,32007,41.142166357,-115.3478926
37,39.6,2,4,32013,41.404017682,-118.1005952
37,46.4,2,4,32017,37.643319275,-114.8679638
37,38.2,2,4,32019,39.018835895,-119.1785458
37,45,2,4,32023,38.039927402,-116.4672076
37,39.8,2,4,32029,39.449456733,-119.5138012
37,38.6,2,4,32031,40.658639692,-119.6565333
37,38.4,2,4,32510,39.148649739,-119.7403334
37,70.6,1,2,32003,36.211363182,-115.0092868
37,67.7,1,2,32023,38.039927402,-116.4672076
37,79.7,1,2,32031,40.658639692,-119.6565333
37,67,1,2,32510,39.148649739,-119.7403334
37,89.2,2,2,32001,39.579743568,-118.3223381
37,57.9,2,2,32003,36.211363182,-115.0092868
37,74.8,2,2,32005,38.904682433,-119.6085838
37,86.5,2,2,32013,41.404017682,-118.1005952
37,93.9,2,2,32019,39.018835895,-119.1785458
37,61.4,2,2,32023,38.039927402,-116.4672076
37,90.2,2,2,32029,39.449456733,-119.5138012
37,74,2,2,32031,40.658639692,-119.6565333
37,78.2,2,2,32510,39.148649739,-119.7403334
37,65.5,1,1,32003,36.211363182,-115.0092868
37,69.7,2,1,32003,36.211363182,-115.0092868
37,95.2,2,1,32031,40.658639692,-119.6565333
38,52.7,1,0,36001,42.598468396,-73.97088386
38,55.5,1,0,36003,42.259583677,-78.023731
38,52.7,1,0,36005,40.864155803,-73.85945622
38,59.1,1,0,36007,42.159556354,-75.81942407
38,64.8,1,0,36009,42.251285357,-78.67543697
38,63.1,1,0,36011,42.917028851,-76.55304007
38,68.7,1,0,36013,42.232743916,-79.36512332
38,69.5,1,0,36015,42.141273004,-76.76019307
38,60.2,1,0,36017,42.496445709,-75.60959852
38,51.7,1,0,36019,44.740970021,-73.67894239
38,52.3,1,0,36021,42.247017019,-73.63157623
38,63,1,0,36023,42.597306511,-76.06996539
38,59,1,0,36025,42.200630629,-74.96462422
38,49.7,1,0,36027,41.766868496,-73.74218827
38,67.2,1,0,36029,42.756487616,-78.72528565
38,50.2,1,0,36031,44.112874498,-73.77033855
38,47.6,1,0,36033,44.588389242,-74.30653793
38,56.1,1,0,36035,43.112174004,-74.42491678
38,63.2,1,0,36037,43.004424506,-78.1944188
38,51.8,1,0,36039,42.275253786,-74.12254938
38,52.9,1,0,36041,43.659375692,-74.4980936
38,58.6,1,0,36043,43.419335148,-74.96474655
38,81,1,0,36045,44.038191424,-75.90238394
38,39.5,1,0,36047,40.64998848,-73.94552323
38,67.2,1,0,36049,43.784674755,-75.44922487
38,59.3,1,0,36051,42.730888241,-77.77494905
38,60.6,1,0,36053,42.917094731,-75.66751651
38,60.1,1,0,36055,43.146685071,-77.69235625
38,59.9,1,0,36057,42.902067953,-74.4390915
38,42.5,1,0,36059,40.752838211,-73.5930196
38,33.3,1,0,36061,40.801579023,-73.95223203
38,66.2,1,0,36063,43.197306749,-78.74422092
38,58,1,0,36065,43.244380512,-75.4352164
38,61.9,1,0,36067,43.011472177,-76.19142166
38,61.2,1,0,36069,42.856124693,-77.29830905
38,50.6,1,0,36071,41.399954145,-74.31120545
38,60.9,1,0,36073,43.250481797,-78.22970203
38,63.4,1,0,36075,43.42964346,-76.14139873
38,57.5,1,0,36077,42.634557733,-75.03181454
38,48.9,1,0,36079,41.427339478,-73.7503361
38,40.8,1,0,36081,40.713938492,-73.81759236
38,54.2,1,0,36083,42.705538154,-73.50904365
38,32.2,1,0,36085,40.577765388,-74.14839594
38,50.7,1,0,36087,41.151164897,-74.02974274
38,61,1,0,36089,44.486420642,-75.07175549
38,56.5,1,0,36091,43.104840514,-73.86650919
38,64.5,1,0,36093,42.816166988,-74.06233637
38,58.4,1,0,36095,42.588548049,-74.43989439
38,68.8,1,0,36097,42.395624863,-76.87229228
38,65,1,0,36099,42.783384392,-76.82314317
38,64.1,1,0,36101,42.271303274,-77.38163676
38,44,1,0,36103,40.871544161,-72.8418763
38,51.4,1,0,36105,41.719415364,-74.77122396
38,54.6,1,0,36107,42.170398064,-76.30508937
38,66.5,1,0,36109,42.453435444,-76.47546353
38,52.2,1,0,36111,41.888530333,-74.26178241
38,53.5,1,0,36113,43.558727931,-73.85197379
38,56,1,0,36115,43.315181977,-73.43304117
38,61.5,1,0,36117,43.157542833,-77.02421482
38,50.3,1,0,36119,41.166426712,-73.75552747
38,62,1,0,36121,42.709160385,-78.21988338
38,63.1,1,0,36123,42.637035041,-77.10406284
38,50.2,2,0,36001,42.598468396,-73.97088386
38,58,2,0,36003,42.259583677,-78.023731
38,44.4,2,0,36005,40.864155803,-73.85945622
38,54.5,2,0,36007,42.159556354,-75.81942407
38,62.4,2,0,36009,42.251285357,-78.67543697
38,56.6,2,0,36011,42.917028851,-76.55304007
38,63.3,2,0,36013,42.232743916,-79.36512332
38,77.8,2,0,36015,42.141273004,-76.76019307
38,54.5,2,0,36017,42.496445709,-75.60959852
38,53.9,2,0,36019,44.740970021,-73.67894239
38,44.7,2,0,36021,42.247017019,-73.63157623
38,55.8,2,0,36023,42.597306511,-76.06996539
38,49.8,2,0,36025,42.200630629,-74.96462422
38,43.7,2,0,36027,41.766868496,-73.74218827
38,63.7,2,0,36029,42.756487616,-78.72528565
38,53.7,2,0,36031,44.112874498,-73.77033855
38,56.6,2,0,36033,44.588389242,-74.30653793
38,57.2,2,0,36035,43.112174004,-74.42491678
38,60.5,2,0,36037,43.004424506,-78.1944188
38,47.1,2,0,36039,42.275253786,-74.12254938
38,56.6,2,0,36041,43.659375692,-74.4980936
38,52.1,2,0,36043,43.419335148,-74.96474655
38,62.1,2,0,36045,44.038191424,-75.90238394
38,32.9,2,0,36047,40.64998848,-73.94552323
38,58.7,2,0,36049,43.784674755,-75.44922487
38,54.4,2,0,36051,42.730888241,-77.77494905
38,56.1,2,0,36053,42.917094731,-75.66751651
38,54.5,2,0,36055,43.146685071,-77.69235625
38,53.1,2,0,36057,42.902067953,-74.4390915
38,42.9,2,0,36059,40.752838211,-73.5930196
38,31.4,2,0,36061,40.801579023,-73.95223203
38,64.1,2,0,36063,43.197306749,-78.74422092
38,55.2,2,0,36065,43.244380512,-75.4352164
38,58.3,2,0,36067,43.011472177,-76.19142166
38,54.5,2,0,36069,42.856124693,-77.29830905
38,46.4,2,0,36071,41.399954145,-74.31120545
38,56.8,2,0,36073,43.250481797,-78.22970203
38,59.8,2,0,36075,43.42964346,-76.14139873
38,51.3,2,0,36077,42.634557733,-75.03181454
38,42.9,2,0,36079,41.427339478,-73.7503361
38,36.1,2,0,36081,40.713938492,-73.81759236
38,50,2,0,36083,42.705538154,-73.50904365
38,30.9,2,0,36085,40.577765388,-74.14839594
38,44.2,2,0,36087,41.151164897,-74.02974274
38,59.5,2,0,36089,44.486420642,-75.07175549
38,53.2,2,0,36091,43.104840514,-73.86650919
38,54.5,2,0,36093,42.816166988,-74.06233637
38,49.7,2,0,36095,42.588548049,-74.43989439
38,69.4,2,0,36097,42.395624863,-76.87229228
38,56.7,2,0,36099,42.783384392,-76.82314317
38,58,2,0,36101,42.271303274,-77.38163676
38,48.2,2,0,36103,40.871544161,-72.8418763
38,48.5,2,0,36105,41.719415364,-74.77122396
38,45.9,2,0,36107,42.170398064,-76.30508937
38,50,2,0,36109,42.453435444,-76.47546353
38,44.7,2,0,36111,41.888530333,-74.26178241
38,57.4,2,0,36113,43.558727931,-73.85197379
38,54.7,2,0,36115,43.315181977,-73.43304117
38,54.6,2,0,36117,43.157542833,-77.02421482
38,43.3,2,0,36119,41.166426712,-73.75552747
38,62.8,2,0,36121,42.709160385,-78.21988338
38,56.7,2,0,36123,42.637035041,-77.10406284
38,48.1,1,5,36001,42.598468396,-73.97088386
38,56.1,1,5,36003,42.259583677,-78.023731
38,49.2,1,5,36005,40.864155803,-73.85945622
38,62.4,1,5,36007,42.159556354,-75.81942407
38,62,1,5,36009,42.251285357,-78.67543697
38,62.4,1,5,36011,42.917028851,-76.55304007
38,65.5,1,5,36013,42.232743916,-79.36512332
38,70.7,1,5,36015,42.141273004,-76.76019307
38,61.1,1,5,36017,42.496445709,-75.60959852
38,52.7,1,5,36019,44.740970021,-73.67894239
38,49.8,1,5,36021,42.247017019,-73.63157623
38,62,1,5,36023,42.597306511,-76.06996539
38,57.9,1,5,36025,42.200630629,-74.96462422
38,48.4,1,5,36027,41.766868496,-73.74218827
38,62.3,1,5,36029,42.756487616,-78.72528565
38,52.8,1,5,36031,44.112874498,-73.77033855
38,52,1,5,36033,44.588389242,-74.30653793
38,56.5,1,5,36035,43.112174004,-74.42491678
38,60.1,1,5,36037,43.004424506,-78.1944188
38,49.3,1,5,36039,42.275253786,-74.12254938
38,54.6,1,5,36041,43.659375692,-74.4980936
38,57.5,1,5,36043,43.419335148,-74.96474655
38,82.4,1,5,36045,44.038191424,-75.90238394
38,29.8,1,5,36047,40.64998848,-73.94552323
38,67.2,1,5,36049,43.784674755,-75.44922487
38,56.5,1,5,36051,42.730888241,-77.77494905
38,58.8,1,5,36053,42.917094731,-75.66751651
38,57.4,1,5,36055,43.146685071,-77.69235625
38,59.6,1,5,36057,42.902067953,-74.4390915
38,42,1,5,36059,40.752838211,-73.5930196
38,22.8,1,5,36061,40.801579023,-73.95223203
38,62.3,1,5,36063,43.197306749,-78.74422092
38,56.9,1,5,36065,43.244380512,-75.4352164
38,60.6,1,5,36067,43.011472177,-76.19142166
38,59.1,1,5,36069,42.856124693,-77.29830905
38,49.3,1,5,36071,41.399954145,-74.31120545
38,57.5,1,5,36073,43.250481797,-78.22970203
38,62.7,1,5,36075,43.42964346,-76.14139873
38,56.2,1,5,36077,42.634557733,-75.03181454
38,46.4,1,5,36079,41.427339478,-73.7503361
38,38.9,1,5,36081,40.713938492,-73.81759236
38,52.7,1,5,36083,42.705538154,-73.50904365
38,29.1,1,5,36085,40.577765388,-74.14839594
38,48.3,1,5,36087,41.151164897,-74.02974274
38,63.4,1,5,36089,44.486420642,-75.07175549
38,55.8,1,5,36091,43.104840514,-73.86650919
38,63.7,1,5,36093,42.816166988,-74.06233637
38,57.3,1,5,36095,42.588548049,-74.43989439
38,70,1,5,36097,42.395624863,-76.87229228
38,66.1,1,5,36099,42.783384392,-76.82314317
38,64.7,1,5,36101,42.271303274,-77.38163676
38,42.9,1,5,36103,40.871544161,-72.8418763
38,50,1,5,36105,41.719415364,-74.77122396
38,51.8,1,5,36107,42.170398064,-76.30508937
38,67.8,1,5,36109,42.453435444,-76.47546353
38,49.6,1,5,36111,41.888530333,-74.26178241
38,54.8,1,5,36113,43.558727931,-73.85197379
38,57.1,1,5,36115,43.315181977,-73.43304117
38,58.9,1,5,36117,43.157542833,-77.02421482
38,47.3,1,5,36119,41.166426712,-73.75552747
38,59.8,1,5,36121,42.709160385,-78.21988338
38,64,1,5,36123,42.637035041,-77.10406284
38,49.4,2,5,36001,42.598468396,-73.97088386
38,59.1,2,5,36003,42.259583677,-78.023731
38,42.7,2,5,36005,40.864155803,-73.85945622
38,55.3,2,5,36007,42.159556354,-75.81942407
38,62.1,2,5,36009,42.251285357,-78.67543697
38,56.4,2,5,36011,42.917028851,-76.55304007
38,62.8,2,5,36013,42.232743916,-79.36512332
38,79.7,2,5,36015,42.141273004,-76.76019307
38,54.3,2,5,36017,42.496445709,-75.60959852
38,55.6,2,5,36019,44.740970021,-73.67894239
38,45.1,2,5,36021,42.247017019,-73.63157623
38,55.2,2,5,36023,42.597306511,-76.06996539
38,50.7,2,5,36025,42.200630629,-74.96462422
38,43.8,2,5,36027,41.766868496,-73.74218827
38,63.1,2,5,36029,42.756487616,-78.72528565
38,54.9,2,5,36031,44.112874498,-73.77033855
38,57.2,2,5,36033,44.588389242,-74.30653793
38,58.4,2,5,36035,43.112174004,-74.42491678
38,59.5,2,5,36037,43.004424506,-78.1944188
38,46.9,2,5,36039,42.275253786,-74.12254938
38,57.2,2,5,36041,43.659375692,-74.4980936
38,51.9,2,5,36043,43.419335148,-74.96474655
38,62.6,2,5,36045,44.038191424,-75.90238394
38,24.7,2,5,36047,40.64998848,-73.94552323
38,58.7,2,5,36049,43.784674755,-75.44922487
38,53.2,2,5,36051,42.730888241,-77.77494905
38,54.8,2,5,36053,42.917094731,-75.66751651
38,53.3,2,5,36055,43.146685071,-77.69235625
38,53.5,2,5,36057,42.902067953,-74.4390915
38,42.3,2,5,36059,40.752838211,-73.5930196
38,25.8,2,5,36061,40.801579023,-73.95223203
38,63.4,2,5,36063,43.197306749,-78.74422092
38,54,2,5,36065,43.244380512,-75.4352164
38,57.1,2,5,36067,43.011472177,-76.19142166
38,53.5,2,5,36069,42.856124693,-77.29830905
38,45.3,2,5,36071,41.399954145,-74.31120545
38,55.4,2,5,36073,43.250481797,-78.22970203
38,59.1,2,5,36075,43.42964346,-76.14139873
38,52.6,2,5,36077,42.634557733,-75.03181454
38,41.3,2,5,36079,41.427339478,-73.7503361
38,34.5,2,5,36081,40.713938492,-73.81759236
38,50.2,2,5,36083,42.705538154,-73.50904365
38,24.7,2,5,36085,40.577765388,-74.14839594
38,42.2,2,5,36087,41.151164897,-74.02974274
38,60.2,2,5,36089,44.486420642,-75.07175549
38,53.1,2,5,36091,43.104840514,-73.86650919
38,53.1,2,5,36093,42.816166988,-74.06233637
38,48.3,2,5,36095,42.588548049,-74.43989439
38,71,2,5,36097,42.395624863,-76.87229228
38,58.1,2,5,36099,42.783384392,-76.82314317
38,58.9,2,5,36101,42.271303274,-77.38163676
38,45.6,2,5,36103,40.871544161,-72.8418763
38,48.1,2,5,36105,41.719415364,-74.77122396
38,46.9,2,5,36107,42.170398064,-76.30508937
38,52.6,2,5,36109,42.453435444,-76.47546353
38,44.3,2,5,36111,41.888530333,-74.26178241
38,58.1,2,5,36113,43.558727931,-73.85197379
38,55,2,5,36115,43.315181977,-73.43304117
38,53.5,2,5,36117,43.157542833,-77.02421482
38,37.7,2,5,36119,41.166426712,-73.75552747
38,62.5,2,5,36121,42.709160385,-78.21988338
38,58.1,2,5,36123,42.637035041,-77.10406284
38,86.3,1,3,36001,42.598468396,-73.97088386
38,67.3,1,3,36005,40.864155803,-73.85945622
38,21.5,1,3,36007,42.159556354,-75.81942407
38,89.4,1,3,36009,42.251285357,-78.67543697
38,67.9,1,3,36011,42.917028851,-76.55304007
38,100.8,1,3,36013,42.232743916,-79.36512332
38,101.7,1,3,36021,42.247017019,-73.63157623
38,61.8,1,3,36023,42.597306511,-76.06996539
38,89.4,1,3,36027,41.766868496,-73.74218827
38,95.5,1,3,36029,42.756487616,-78.72528565
38,87.1,1,3,36037,43.004424506,-78.1944188
38,87.9,1,3,36039,42.275253786,-74.12254938
38,55,1,3,36047,40.64998848,-73.94552323
38,74.6,1,3,36051,42.730888241,-77.77494905
38,66.3,1,3,36053,42.917094731,-75.66751651
38,75.4,1,3,36055,43.146685071,-77.69235625
38,55.5,1,3,36059,40.752838211,-73.5930196
38,69.9,1,3,36061,40.801579023,-73.95223203
38,96.1,1,3,36063,43.197306749,-78.74422092
38,57.2,1,3,36065,43.244380512,-75.4352164
38,64,1,3,36067,43.011472177,-76.19142166
38,72.8,1,3,36069,42.856124693,-77.29830905
38,88.1,1,3,36071,41.399954145,-74.31120545
38,77.4,1,3,36073,43.250481797,-78.22970203
38,65,1,3,36075,43.42964346,-76.14139873
38,77.3,1,3,36079,41.427339478,-73.7503361
38,55.4,1,3,36081,40.713938492,-73.81759236
38,76,1,3,36083,42.705538154,-73.50904365
38,54.1,1,3,36085,40.577765388,-74.14839594
38,85.1,1,3,36087,41.151164897,-74.02974274
38,76.8,1,3,36091,43.104840514,-73.86650919
38,85.3,1,3,36093,42.816166988,-74.06233637
38,85.4,1,3,36095,42.588548049,-74.43989439
38,53.7,1,3,36103,40.871544161,-72.8418763
38,75.8,1,3,36105,41.719415364,-74.77122396
38,88,1,3,36111,41.888530333,-74.26178241
38,76.5,1,3,36117,43.157542833,-77.02421482
38,69.5,1,3,36119,41.166426712,-73.75552747
38,95.5,1,3,36121,42.709160385,-78.21988338
38,68.5,2,3,36001,42.598468396,-73.97088386
38,48.8,2,3,36005,40.864155803,-73.85945622
38,20.6,2,3,36007,42.159556354,-75.81942407
38,69,2,3,36009,42.251285357,-78.67543697
38,63.4,2,3,36011,42.917028851,-76.55304007
38,74.2,2,3,36013,42.232743916,-79.36512332
38,56.9,2,3,36021,42.247017019,-73.63157623
38,59.8,2,3,36023,42.597306511,-76.06996539
38,53.4,2,3,36027,41.766868496,-73.74218827
38,75.5,2,3,36029,42.756487616,-78.72528565
38,72.3,2,3,36037,43.004424506,-78.1944188
38,57.2,2,3,36039,42.275253786,-74.12254938
38,42.5,2,3,36047,40.64998848,-73.94552323
38,67.3,2,3,36051,42.730888241,-77.77494905
38,96.9,2,3,36053,42.917094731,-75.66751651
38,67.5,2,3,36055,43.146685071,-77.69235625
38,51.3,2,3,36059,40.752838211,-73.5930196
38,46.5,2,3,36061,40.801579023,-73.95223203
38,80.8,2,3,36063,43.197306749,-78.74422092
38,113,2,3,36065,43.244380512,-75.4352164
38,73.1,2,3,36067,43.011472177,-76.19142166
38,66.5,2,3,36069,42.856124693,-77.29830905
38,54,2,3,36071,41.399954145,-74.31120545
38,74.5,2,3,36073,43.250481797,-78.22970203
38,71.1,2,3,36075,43.42964346,-76.14139873
38,54.1,2,3,36079,41.427339478,-73.7503361
38,45.8,2,3,36081,40.713938492,-73.81759236
38,68.1,2,3,36083,42.705538154,-73.50904365
38,41,2,3,36085,40.577765388,-74.14839594
38,55.6,2,3,36087,41.151164897,-74.02974274
38,65.5,2,3,36091,43.104840514,-73.86650919
38,71.1,2,3,36093,42.816166988,-74.06233637
38,72.2,2,3,36095,42.588548049,-74.43989439
38,56.8,2,3,36103,40.871544161,-72.8418763
38,77.9,2,3,36105,41.719415364,-74.77122396
38,53.5,2,3,36111,41.888530333,-74.26178241
38,66,2,3,36117,43.157542833,-77.02421482
38,50.7,2,3,36119,41.166426712,-73.75552747
38,69.2,2,3,36121,42.709160385,-78.21988338
38,29.4,1,4,36001,42.598468396,-73.97088386
38,47.1,1,4,36005,40.864155803,-73.85945622
38,90.4,1,4,36009,42.251285357,-78.67543697
38,83.3,1,4,36013,42.232743916,-79.36512332
38,55,1,4,36027,41.766868496,-73.74218827
38,96.1,1,4,36029,42.756487616,-78.72528565
38,80.3,1,4,36037,43.004424506,-78.1944188
38,42.7,1,4,36047,40.64998848,-73.94552323
38,64,1,4,36051,42.730888241,-77.77494905
38,61.1,1,4,36055,43.146685071,-77.69235625
38,37.3,1,4,36059,40.752838211,-73.5930196
38,44,1,4,36061,40.801579023,-73.95223203
38,101.7,1,4,36063,43.197306749,-78.74422092
38,47.1,1,4,36065,43.244380512,-75.4352164
38,102.2,1,4,36067,43.011472177,-76.19142166
38,60,1,4,36069,42.856124693,-77.29830905
38,40.8,1,4,36071,41.399954145,-74.31120545
38,70,1,4,36073,43.250481797,-78.22970203
38,42.5,1,4,36079,41.427339478,-73.7503361
38,30.5,1,4,36081,40.713938492,-73.81759236
38,23.4,1,4,36085,40.577765388,-74.14839594
38,47.9,1,4,36087,41.151164897,-74.02974274
38,64,1,4,36093,42.816166988,-74.06233637
38,46.4,1,4,36103,40.871544161,-72.8418763
38,37.9,1,4,36105,41.719415364,-74.77122396
38,40.1,1,4,36111,41.888530333,-74.26178241
38,61.7,1,4,36117,43.157542833,-77.02421482
38,42.9,1,4,36119,41.166426712,-73.75552747
38,12,2,4,36001,42.598468396,-73.97088386
38,41.6,2,4,36005,40.864155803,-73.85945622
38,45.2,2,4,36013,42.232743916,-79.36512332
38,33.8,2,4,36027,41.766868496,-73.74218827
38,39.6,2,4,36029,42.756487616,-78.72528565
38,56,2,4,36037,43.004424506,-78.1944188
38,35,2,4,36047,40.64998848,-73.94552323
38,61.2,2,4,36051,42.730888241,-77.77494905
38,59.4,2,4,36055,43.146685071,-77.69235625
38,39.9,2,4,36059,40.752838211,-73.5930196
38,36.3,2,4,36061,40.801579023,-73.95223203
38,1.5,2,4,36065,43.244380512,-75.4352164
38,52.9,2,4,36067,43.011472177,-76.19142166
38,59.9,2,4,36069,42.856124693,-77.29830905
38,42.9,2,4,36071,41.399954145,-74.31120545
38,64.4,2,4,36073,43.250481797,-78.22970203
38,39.4,2,4,36079,41.427339478,-73.7503361
38,35.4,2,4,36081,40.713938492,-73.81759236
38,37.5,2,4,36085,40.577765388,-74.14839594
38,40.6,2,4,36087,41.151164897,-74.02974274
38,98.7,2,4,36093,42.816166988,-74.06233637
38,57,2,4,36103,40.871544161,-72.8418763
38,42.7,2,4,36105,41.719415364,-74.77122396
38,39.5,2,4,36111,41.888530333,-74.26178241
38,61.4,2,4,36117,43.157542833,-77.02421482
38,40.8,2,4,36119,41.166426712,-73.75552747
38,52.2,1,2,36001,42.598468396,-73.97088386
38,38.6,1,2,36005,40.864155803,-73.85945622
38,37.6,1,2,36027,41.766868496,-73.74218827
38,104.9,1,2,36029,42.756487616,-78.72528565
38,98.7,1,2,36037,43.004424506,-78.1944188
38,35.7,1,2,36047,40.64998848,-73.94552323
38,83.6,1,2,36055,43.146685071,-77.69235625
38,36.6,1,2,36059,40.752838211,-73.5930196
38,33.4,1,2,36061,40.801579023,-73.95223203
38,90.6,1,2,36065,43.244380512,-75.4352164
38,53.4,1,2,36067,43.011472177,-76.19142166
38,35.6,1,2,36071,41.399954145,-74.31120545
38,37.2,1,2,36079,41.427339478,-73.7503361
38,36.2,1,2,36081,40.713938492,-73.81759236
38,29.1,1,2,36085,40.577765388,-74.14839594
38,37.2,1,2,36087,41.151164897,-74.02974274
38,52.9,1,2,36091,43.104840514,-73.86650919
38,59.5,1,2,36093,42.816166988,-74.06233637
38,33.9,1,2,36103,40.871544161,-72.8418763
38,39.9,1,2,36119,41.166426712,-73.75552747
38,55.6,2,2,36001,42.598468396,-73.97088386
38,35.2,2,2,36005,40.864155803,-73.85945622
38,50,2,2,36027,41.766868496,-73.74218827
38,51.1,2,2,36029,42.756487616,-78.72528565
38,28.5,2,2,36047,40.64998848,-73.94552323
38,48.3,2,2,36055,43.146685071,-77.69235625
38,32.4,2,2,36059,40.752838211,-73.5930196
38,34.8,2,2,36061,40.801579023,-73.95223203
38,45.4,2,2,36065,43.244380512,-75.4352164
38,57,2,2,36067,43.011472177,-76.19142166
38,45.6,2,2,36071,41.399954145,-74.31120545
38,46.2,2,2,36079,41.427339478,-73.7503361
38,29.9,2,2,36081,40.713938492,-73.81759236
38,27.9,2,2,36085,40.577765388,-74.14839594
38,40.6,2,2,36087,41.151164897,-74.02974274
38,43.7,2,2,36091,43.104840514,-73.86650919
38,48.6,2,2,36093,42.816166988,-74.06233637
38,38.7,2,2,36103,40.871544161,-72.8418763
38,40,2,2,36119,41.166426712,-73.75552747
38,0,1,1,36081,40.713938492,-73.81759236
38,0,2,1,36047,40.64998848,-73.94552323
38,0,2,1,36081,40.713938492,-73.81759236
39,95.1,1,0,39001,38.841260923,-83.47508175
39,96.8,1,0,39003,40.769399171,-84.09841371
39,78.5,1,0,39005,40.844633916,-82.2667575
39,73.5,1,0,39007,41.708537038,-80.74933882
39,74.3,1,0,39009,39.330835875,-82.04178881
39,94.8,1,0,39011,40.560604519,-84.21135822
39,72.5,1,0,39013,40.009645405,-80.98588614
39,98.3,1,0,39015,38.92677172,-83.86631233
39,95.4,1,0,39017,39.436678016,-84.57040525
39,79.5,1,0,39019,40.576232348,-81.08511068
39,82.3,1,0,39021,40.134966235,-83.76603828
39,103.8,1,0,39023,39.9148462,-83.78249978
39,93.5,1,0,39025,39.04025537,-84.14809
39,91.2,1,0,39027,39.412662244,-83.80560923
39,77.9,1,0,39029,40.767344658,-80.77616235
39,77.6,1,0,39031,40.296858519,-81.91407416
39,79.4,1,0,39033,40.848712087,-82.9147948
39,73.4,1,0,39035,41.424180799,-81.65187826
39,102.3,1,0,39037,40.133762295,-84.61199564
39,81.2,1,0,39039,41.322379959,-84.4819452
39,68.8,1,0,39041,40.277974554,-83.00191978
39,74.3,1,0,39043,41.354863806,-82.60079271
39,81.2,1,0,39045,39.744927588,-82.62963406
39,85.7,1,0,39047,39.557202922,-83.45579533
39,87.3,1,0,39049,39.96473104,-83.00853603
39,86.5,1,0,39051,41.600349347,-84.12127247
39,99.8,1,0,39053,38.822218687,-82.3175628
39,68.6,1,0,39055,41.496229592,-81.17231259
39,95.6,1,0,39057,39.692014039,-83.88712433
39,71.6,1,0,39059,40.045605923,-81.49004227
39,94.2,1,0,39061,39.191508005,-84.53715828
39,73.5,1,0,39063,40.996694528,-83.65974138
39,88.2,1,0,39065,40.657258868,-83.65467921
39,74.9,1,0,39067,40.289327462,-81.08464212
39,73,1,0,39069,41.331471148,-84.05958997
39,79.3,1,0,39071,39.18049952,-83.59892392
39,68.3,1,0,39073,39.491909716,-82.47519749
39,78.2,1,0,39075,40.561333759,-81.92427291
39,80.6,1,0,39077,41.142756824,-82.59217139
39,90.4,1,0,39079,39.014345725,-82.61937402
39,73.3,1,0,39081,40.383239168,-80.76014073
39,73.4,1,0,39083,40.397735449,-82.4156596
39,70.4,1,0,39085,41.692935582,-81.2321257
39,94.4,1,0,39087,38.594363735,-82.54037355
39,78.4,1,0,39089,40.08677263,-82.47968831
39,88.5,1,0,39091,40.385222787,-83.7613308
39,74.2,1,0,39093,41.296685847,-82.14719124
39,92.2,1,0,39095,41.61755847,-83.64907274
39,87.2,1,0,39097,39.890912354,-83.40082292
39,77.8,1,0,39099,41.012509688,-80.77543967
39,70.5,1,0,39101,40.587819875,-83.16017412
39,75.5,1,0,39103,41.115679132,-81.8923471
39,89.2,1,0,39105,39.080466999,-82.02611845
39,85.2,1,0,39107,40.539708551,-84.61828055
39,110.4,1,0,39109,40.051317714,-84.22357091
39,65.4,1,0,39111,39.723394717,-81.08379737
39,113,1,0,39113,39.754112523,-84.28651196
39,74.3,1,0,39115,39.620028401,-81.85217447
39,66.6,1,0,39117,40.52440093,-82.79048518
39,75.7,1,0,39119,39.961044415,-81.94206868
39,72.7,1,0,39121,39.760232509,-81.45286727
39,88.6,1,0,39123,41.532652769,-83.16571695
39,84,1,0,39125,41.114910236,-84.56933636
39,72.2,1,0,39127,39.734557191,-82.23432317
39,89,1,0,39129,39.633341349,-83.021804
39,81.8,1,0,39131,39.072847184,-83.06532625
39,70.9,1,0,39133,41.163954404,-81.19110696
39,101.6,1,0,39135,39.740465967,-84.6437546
39,67,1,0,39137,41.018437894,-84.12122743
39,79.4,1,0,39139,40.773953722,-82.53207327
39,90,1,0,39141,39.331402334,-83.05850487
39,76.6,1,0,39143,41.353301557,-83.14006527
39,89.6,1,0,39145,38.80063433,-82.99813486
39,73.7,1,0,39147,41.119444227,-83.12378997
39,94.4,1,0,39149,40.327730153,-84.20120127
39,77.6,1,0,39151,40.810629872,-81.35867631
39,78.3,1,0,39153,41.12446856,-81.52113272
39,76.6,1,0,39155,41.313476496,-80.76261042
39,81,1,0,39157,40.435189613,-81.4689414
39,83.9,1,0,39159,40.297096356,-83.36780447
39,88.7,1,0,39161,40.854752563,-84.57562351
39,88.4,1,0,39163,39.246257915,-82.48329263
39,97.1,1,0,39165,39.425742559,-84.16388632
39,75,1,0,39167,39.453471449,-81.5003037
39,80.1,1,0,39169,40.828472417,-81.88278037
39,62.8,1,0,39171,41.561071579,-84.57604718
39,79.5,1,0,39173,41.359430555,-83.61611537
39,73.6,1,0,39175,40.839394247,-83.29774647
39,90.7,2,0,39001,38.841260923,-83.47508175
39,70.7,2,0,39003,40.769399171,-84.09841371
39,74.8,2,0,39005,40.844633916,-82.2667575
39,67.9,2,0,39007,41.708537038,-80.74933882
39,75.9,2,0,39009,39.330835875,-82.04178881
39,74.5,2,0,39011,40.560604519,-84.21135822
39,69.6,2,0,39013,40.009645405,-80.98588614
39,99.5,2,0,39015,38.92677172,-83.86631233
39,100,2,0,39017,39.436678016,-84.57040525
39,76.8,2,0,39019,40.576232348,-81.08511068
39,109.1,2,0,39021,40.134966235,-83.76603828
39,119.3,2,0,39023,39.9148462,-83.78249978
39,96.6,2,0,39025,39.04025537,-84.14809
39,101.2,2,0,39027,39.412662244,-83.80560923
39,74.2,2,0,39029,40.767344658,-80.77616235
39,69.9,2,0,39031,40.296858519,-81.91407416
39,77.6,2,0,39033,40.848712087,-82.9147948
39,68.8,2,0,39035,41.424180799,-81.65187826
39,89.4,2,0,39037,40.133762295,-84.61199564
39,75.4,2,0,39039,41.322379959,-84.4819452
39,65.5,2,0,39041,40.277974554,-83.00191978
39,80.4,2,0,39043,41.354863806,-82.60079271
39,70,2,0,39045,39.744927588,-82.62963406
39,86.5,2,0,39047,39.557202922,-83.45579533
39,85.5,2,0,39049,39.96473104,-83.00853603
39,76.6,2,0,39051,41.600349347,-84.12127247
39,97.8,2,0,39053,38.822218687,-82.3175628
39,69.4,2,0,39055,41.496229592,-81.17231259
39,100.5,2,0,39057,39.692014039,-83.88712433
39,64.8,2,0,39059,40.045605923,-81.49004227
39,91.1,2,0,39061,39.191508005,-84.53715828
39,70.8,2,0,39063,40.996694528,-83.65974138
39,71.6,2,0,39065,40.657258868,-83.65467921
39,67.3,2,0,39067,40.289327462,-81.08464212
39,78.4,2,0,39069,41.331471148,-84.05958997
39,87,2,0,39071,39.18049952,-83.59892392
39,63.7,2,0,39073,39.491909716,-82.47519749
39,75.4,2,0,39075,40.561333759,-81.92427291
39,79.3,2,0,39077,41.142756824,-82.59217139
39,91.9,2,0,39079,39.014345725,-82.61937402
39,72.4,2,0,39081,40.383239168,-80.76014073
39,68.1,2,0,39083,40.397735449,-82.4156596
39,68,2,0,39085,41.692935582,-81.2321257
39,97.6,2,0,39087,38.594363735,-82.54037355
39,72.3,2,0,39089,40.08677263,-82.47968831
39,82,2,0,39091,40.385222787,-83.7613308
39,76.3,2,0,39093,41.296685847,-82.14719124
39,88.8,2,0,39095,41.61755847,-83.64907274
39,75.3,2,0,39097,39.890912354,-83.40082292
39,72.6,2,0,39099,41.012509688,-80.77543967
39,66.1,2,0,39101,40.587819875,-83.16017412
39,65.1,2,0,39103,41.115679132,-81.8923471
39,84.4,2,0,39105,39.080466999,-82.02611845
39,70.5,2,0,39107,40.539708551,-84.61828055
39,104.8,2,0,39109,40.051317714,-84.22357091
39,70,2,0,39111,39.723394717,-81.08379737
39,119.6,2,0,39113,39.754112523,-84.28651196
39,70.1,2,0,39115,39.620028401,-81.85217447
39,67.9,2,0,39117,40.52440093,-82.79048518
39,68.7,2,0,39119,39.961044415,-81.94206868
39,68.5,2,0,39121,39.760232509,-81.45286727
39,85.5,2,0,39123,41.532652769,-83.16571695
39,76.4,2,0,39125,41.114910236,-84.56933636
39,66.8,2,0,39127,39.734557191,-82.23432317
39,76.3,2,0,39129,39.633341349,-83.021804
39,80.2,2,0,39131,39.072847184,-83.06532625
39,70.9,2,0,39133,41.163954404,-81.19110696
39,109.1,2,0,39135,39.740465967,-84.6437546
39,73.1,2,0,39137,41.018437894,-84.12122743
39,78.6,2,0,39139,40.773953722,-82.53207327
39,76.2,2,0,39141,39.331402334,-83.05850487
39,79,2,0,39143,41.353301557,-83.14006527
39,84.7,2,0,39145,38.80063433,-82.99813486
39,80.6,2,0,39147,41.119444227,-83.12378997
39,88.4,2,0,39149,40.327730153,-84.20120127
39,73.1,2,0,39151,40.810629872,-81.35867631
39,70.4,2,0,39153,41.12446856,-81.52113272
39,68.9,2,0,39155,41.313476496,-80.76261042
39,77.2,2,0,39157,40.435189613,-81.4689414
39,70.1,2,0,39159,40.297096356,-83.36780447
39,73.6,2,0,39161,40.854752563,-84.57562351
39,78,2,0,39163,39.246257915,-82.48329263
39,105.5,2,0,39165,39.425742559,-84.16388632
39,77.7,2,0,39167,39.453471449,-81.5003037
39,69.3,2,0,39169,40.828472417,-81.88278037
39,68.5,2,0,39171,41.561071579,-84.57604718
39,81.3,2,0,39173,41.359430555,-83.61611537
39,74.3,2,0,39175,40.839394247,-83.29774647
39,97.8,1,5,39001,38.841260923,-83.47508175
39,92.3,1,5,39003,40.769399171,-84.09841371
39,77.4,1,5,39005,40.844633916,-82.2667575
39,72.7,1,5,39007,41.708537038,-80.74933882
39,74.3,1,5,39009,39.330835875,-82.04178881
39,92.8,1,5,39011,40.560604519,-84.21135822
39,70.6,1,5,39013,40.009645405,-80.98588614
39,100.7,1,5,39015,38.92677172,-83.86631233
39,94.6,1,5,39017,39.436678016,-84.57040525
39,77.9,1,5,39019,40.576232348,-81.08511068
39,79.7,1,5,39021,40.134966235,-83.76603828
39,102.1,1,5,39023,39.9148462,-83.78249978
39,90.4,1,5,39025,39.04025537,-84.14809
39,92.3,1,5,39027,39.412662244,-83.80560923
39,75.9,1,5,39029,40.767344658,-80.77616235
39,77.7,1,5,39031,40.296858519,-81.91407416
39,79.3,1,5,39033,40.848712087,-82.9147948
39,69.4,1,5,39035,41.424180799,-81.65187826
39,101.4,1,5,39037,40.133762295,-84.61199564
39,80.7,1,5,39039,41.322379959,-84.4819452
39,69.8,1,5,39041,40.277974554,-83.00191978
39,71.2,1,5,39043,41.354863806,-82.60079271
39,79.7,1,5,39045,39.744927588,-82.62963406
39,83.1,1,5,39047,39.557202922,-83.45579533
39,82.8,1,5,39049,39.96473104,-83.00853603
39,82.9,1,5,39051,41.600349347,-84.12127247
39,100,1,5,39053,38.822218687,-82.3175628
39,68,1,5,39055,41.496229592,-81.17231259
39,96,1,5,39057,39.692014039,-83.88712433
39,71.7,1,5,39059,40.045605923,-81.49004227
39,88.5,1,5,39061,39.191508005,-84.53715828
39,73,1,5,39063,40.996694528,-83.65974138
39,86.1,1,5,39065,40.657258868,-83.65467921
39,72.2,1,5,39067,40.289327462,-81.08464212
39,69.3,1,5,39069,41.331471148,-84.05958997
39,78,1,5,39071,39.18049952,-83.59892392
39,66.2,1,5,39073,39.491909716,-82.47519749
39,77.2,1,5,39075,40.561333759,-81.92427291
39,79,1,5,39077,41.142756824,-82.59217139
39,92.5,1,5,39079,39.014345725,-82.61937402
39,71.6,1,5,39081,40.383239168,-80.76014073
39,72.7,1,5,39083,40.397735449,-82.4156596
39,67.7,1,5,39085,41.692935582,-81.2321257
39,92.2,1,5,39087,38.594363735,-82.54037355
39,77.6,1,5,39089,40.08677263,-82.47968831
39,86.8,1,5,39091,40.385222787,-83.7613308
39,71.1,1,5,39093,41.296685847,-82.14719124
39,91.1,1,5,39095,41.61755847,-83.64907274
39,83.9,1,5,39097,39.890912354,-83.40082292
39,75.7,1,5,39099,41.012509688,-80.77543967
39,69.3,1,5,39101,40.587819875,-83.16017412
39,72.5,1,5,39103,41.115679132,-81.8923471
39,89.7,1,5,39105,39.080466999,-82.02611845
39,84.7,1,5,39107,40.539708551,-84.61828055
39,107.8,1,5,39109,40.051317714,-84.22357091
39,65.8,1,5,39111,39.723394717,-81.08379737
39,100.9,1,5,39113,39.754112523,-84.28651196
39,74.1,1,5,39115,39.620028401,-81.85217447
39,67,1,5,39117,40.52440093,-82.79048518
39,76.1,1,5,39119,39.961044415,-81.94206868
39,72.7,1,5,39121,39.760232509,-81.45286727
39,88.1,1,5,39123,41.532652769,-83.16571695
39,82.7,1,5,39125,41.114910236,-84.56933636
39,71.9,1,5,39127,39.734557191,-82.23432317
39,88.2,1,5,39129,39.633341349,-83.021804
39,83,1,5,39131,39.072847184,-83.06532625
39,70.1,1,5,39133,41.163954404,-81.19110696
39,100.7,1,5,39135,39.740465967,-84.6437546
39,64.6,1,5,39137,41.018437894,-84.12122743
39,78,1,5,39139,40.773953722,-82.53207327
39,95,1,5,39141,39.331402334,-83.05850487
39,76.7,1,5,39143,41.353301557,-83.14006527
39,90.2,1,5,39145,38.80063433,-82.99813486
39,75.5,1,5,39147,41.119444227,-83.12378997
39,93.9,1,5,39149,40.327730153,-84.20120127
39,75.9,1,5,39151,40.810629872,-81.35867631
39,75.2,1,5,39153,41.12446856,-81.52113272
39,73.3,1,5,39155,41.313476496,-80.76261042
39,80.2,1,5,39157,40.435189613,-81.4689414
39,79.5,1,5,39159,40.297096356,-83.36780447
39,86,1,5,39161,40.854752563,-84.57562351
39,90.3,1,5,39163,39.246257915,-82.48329263
39,96.4,1,5,39165,39.425742559,-84.16388632
39,75,1,5,39167,39.453471449,-81.5003037
39,78.3,1,5,39169,40.828472417,-81.88278037
39,62,1,5,39171,41.561071579,-84.57604718
39,78.6,1,5,39173,41.359430555,-83.61611537
39,73.5,1,5,39175,40.839394247,-83.29774647
39,90.3,2,5,39001,38.841260923,-83.47508175
39,70.1,2,5,39003,40.769399171,-84.09841371
39,74.9,2,5,39005,40.844633916,-82.2667575
39,67.7,2,5,39007,41.708537038,-80.74933882
39,76.3,2,5,39009,39.330835875,-82.04178881
39,73.8,2,5,39011,40.560604519,-84.21135822
39,69.5,2,5,39013,40.009645405,-80.98588614
39,100.4,2,5,39015,38.92677172,-83.86631233
39,98,2,5,39017,39.436678016,-84.57040525
39,76.2,2,5,39019,40.576232348,-81.08511068
39,109,2,5,39021,40.134966235,-83.76603828
39,116.5,2,5,39023,39.9148462,-83.78249978
39,99,2,5,39025,39.04025537,-84.14809
39,104,2,5,39027,39.412662244,-83.80560923
39,73.7,2,5,39029,40.767344658,-80.77616235
39,70.1,2,5,39031,40.296858519,-81.91407416
39,78.1,2,5,39033,40.848712087,-82.9147948
39,67.1,2,5,39035,41.424180799,-81.65187826
39,89.5,2,5,39037,40.133762295,-84.61199564
39,73.1,2,5,39039,41.322379959,-84.4819452
39,69.3,2,5,39041,40.277974554,-83.00191978
39,78.1,2,5,39043,41.354863806,-82.60079271
39,70.9,2,5,39045,39.744927588,-82.62963406
39,88.6,2,5,39047,39.557202922,-83.45579533
39,81.2,2,5,39049,39.96473104,-83.00853603
39,75.1,2,5,39051,41.600349347,-84.12127247
39,99.1,2,5,39053,38.822218687,-82.3175628
39,68.5,2,5,39055,41.496229592,-81.17231259
39,105.7,2,5,39057,39.692014039,-83.88712433
39,64.7,2,5,39059,40.045605923,-81.49004227
39,85.1,2,5,39061,39.191508005,-84.53715828
39,70.6,2,5,39063,40.996694528,-83.65974138
39,71.1,2,5,39065,40.657258868,-83.65467921
39,66.6,2,5,39067,40.289327462,-81.08464212
39,78.9,2,5,39069,41.331471148,-84.05958997
39,86.9,2,5,39071,39.18049952,-83.59892392
39,64.2,2,5,39073,39.491909716,-82.47519749
39,75.3,2,5,39075,40.561333759,-81.92427291
39,77.8,2,5,39077,41.142756824,-82.59217139
39,93.5,2,5,39079,39.014345725,-82.61937402
39,71.3,2,5,39081,40.383239168,-80.76014073
39,69.2,2,5,39083,40.397735449,-82.4156596
39,66.4,2,5,39085,41.692935582,-81.2321257
39,99.1,2,5,39087,38.594363735,-82.54037355
39,72.2,2,5,39089,40.08677263,-82.47968831
39,81.6,2,5,39091,40.385222787,-83.7613308
39,74.7,2,5,39093,41.296685847,-82.14719124
39,83,2,5,39095,41.61755847,-83.64907274
39,74,2,5,39097,39.890912354,-83.40082292
39,72.3,2,5,39099,41.012509688,-80.77543967
39,66.7,2,5,39101,40.587819875,-83.16017412
39,63.5,2,5,39103,41.115679132,-81.8923471
39,85.5,2,5,39105,39.080466999,-82.02611845
39,70.1,2,5,39107,40.539708551,-84.61828055
39,106.1,2,5,39109,40.051317714,-84.22357091
39,69.7,2,5,39111,39.723394717,-81.08379737
39,119,2,5,39113,39.754112523,-84.28651196
39,69.5,2,5,39115,39.620028401,-81.85217447
39,69,2,5,39117,40.52440093,-82.79048518
39,68.8,2,5,39119,39.961044415,-81.94206868
39,67.6,2,5,39121,39.760232509,-81.45286727
39,82.2,2,5,39123,41.532652769,-83.16571695
39,74,2,5,39125,41.114910236,-84.56933636
39,67.2,2,5,39127,39.734557191,-82.23432317
39,74.9,2,5,39129,39.633341349,-83.021804
39,80.1,2,5,39131,39.072847184,-83.06532625
39,70.2,2,5,39133,41.163954404,-81.19110696
39,108.1,2,5,39135,39.740465967,-84.6437546
39,73.1,2,5,39137,41.018437894,-84.12122743
39,79.8,2,5,39139,40.773953722,-82.53207327
39,75.7,2,5,39141,39.331402334,-83.05850487
39,78.2,2,5,39143,41.353301557,-83.14006527
39,84.5,2,5,39145,38.80063433,-82.99813486
39,81.3,2,5,39147,41.119444227,-83.12378997
39,89.4,2,5,39149,40.327730153,-84.20120127
39,72.6,2,5,39151,40.810629872,-81.35867631
39,69.7,2,5,39153,41.12446856,-81.52113272
39,68.7,2,5,39155,41.313476496,-80.76261042
39,76.6,2,5,39157,40.435189613,-81.4689414
39,70.6,2,5,39159,40.297096356,-83.36780447
39,71.1,2,5,39161,40.854752563,-84.57562351
39,78.1,2,5,39163,39.246257915,-82.48329263
39,108.1,2,5,39165,39.425742559,-84.16388632
39,77.5,2,5,39167,39.453471449,-81.5003037
39,68.7,2,5,39169,40.828472417,-81.88278037
39,68.9,2,5,39171,41.561071579,-84.57604718
39,78.7,2,5,39173,41.359430555,-83.61611537
39,74.4,2,5,39175,40.839394247,-83.29774647
39,138.7,1,3,39003,40.769399171,-84.09841371
39,112.7,1,3,39005,40.844633916,-82.2667575
39,97.2,1,3,39007,41.708537038,-80.74933882
39,130.5,1,3,39017,39.436678016,-84.57040525
39,181,1,3,39019,40.576232348,-81.08511068
39,146.1,1,3,39023,39.9148462,-83.78249978
39,117.5,1,3,39025,39.04025537,-84.14809
39,125.6,1,3,39029,40.767344658,-80.77616235
39,91.5,1,3,39035,41.424180799,-81.65187826
39,143.5,1,3,39037,40.133762295,-84.61199564
39,105.2,1,3,39039,41.322379959,-84.4819452
39,108.2,1,3,39041,40.277974554,-83.00191978
39,123.8,1,3,39043,41.354863806,-82.60079271
39,107.3,1,3,39045,39.744927588,-82.62963406
39,107.5,1,3,39049,39.96473104,-83.00853603
39,95.2,1,3,39051,41.600349347,-84.12127247
39,91.4,1,3,39055,41.496229592,-81.17231259
39,132,1,3,39057,39.692014039,-83.88712433
39,123.8,1,3,39061,39.191508005,-84.53715828
39,144.4,1,3,39065,40.657258868,-83.65467921
39,101.1,1,3,39075,40.561333759,-81.92427291
39,116.3,1,3,39077,41.142756824,-82.59217139
39,88.7,1,3,39085,41.692935582,-81.2321257
39,110.1,1,3,39089,40.08677263,-82.47968831
39,93.4,1,3,39093,41.296685847,-82.14719124
39,99.5,1,3,39095,41.61755847,-83.64907274
39,111.1,1,3,39097,39.890912354,-83.40082292
39,101,1,3,39099,41.012509688,-80.77543967
39,130.6,1,3,39101,40.587819875,-83.16017412
39,93.8,1,3,39103,41.115679132,-81.8923471
39,143.1,1,3,39109,40.051317714,-84.22357091
39,141.9,1,3,39113,39.754112523,-84.28651196
39,102.3,1,3,39123,41.532652769,-83.16571695
39,100.5,1,3,39125,41.114910236,-84.56933636
39,93.9,1,3,39129,39.633341349,-83.021804
39,90,1,3,39133,41.163954404,-81.19110696
39,143,1,3,39135,39.740465967,-84.6437546
39,106.7,1,3,39139,40.773953722,-82.53207327
39,3,1,3,39141,39.331402334,-83.05850487
39,100,1,3,39151,40.810629872,-81.35867631
39,98.5,1,3,39153,41.12446856,-81.52113272
39,121.1,1,3,39155,41.313476496,-80.76261042
39,80.8,1,3,39157,40.435189613,-81.4689414
39,110.3,1,3,39159,40.297096356,-83.36780447
39,117.5,1,3,39161,40.854752563,-84.57562351
39,118,1,3,39165,39.425742559,-84.16388632
39,106.5,1,3,39169,40.828472417,-81.88278037
39,101.1,1,3,39173,41.359430555,-83.61611537
39,94.7,2,3,39003,40.769399171,-84.09841371
39,115.2,2,3,39005,40.844633916,-82.2667575
39,82.3,2,3,39007,41.708537038,-80.74933882
39,122.4,2,3,39017,39.436678016,-84.57040525
39,103.7,2,3,39019,40.576232348,-81.08511068
39,120.7,2,3,39021,40.134966235,-83.76603828
39,124.2,2,3,39023,39.9148462,-83.78249978
39,111.4,2,3,39025,39.04025537,-84.14809
39,93.4,2,3,39029,40.767344658,-80.77616235
39,73.7,2,3,39035,41.424180799,-81.65187826
39,123.4,2,3,39037,40.133762295,-84.61199564
39,96.6,2,3,39039,41.322379959,-84.4819452
39,103.2,2,3,39041,40.277974554,-83.00191978
39,147.9,2,3,39043,41.354863806,-82.60079271
39,107.7,2,3,39045,39.744927588,-82.62963406
39,110.1,2,3,39049,39.96473104,-83.00853603
39,119.4,2,3,39051,41.600349347,-84.12127247
39,73.3,2,3,39055,41.496229592,-81.17231259
39,124.5,2,3,39057,39.692014039,-83.88712433
39,114.7,2,3,39061,39.191508005,-84.53715828
39,117,2,3,39069,41.331471148,-84.05958997
39,91.6,2,3,39075,40.561333759,-81.92427291
39,130,2,3,39077,41.142756824,-82.59217139
39,72.9,2,3,39085,41.692935582,-81.2321257
39,102.9,2,3,39089,40.08677263,-82.47968831
39,105.5,2,3,39093,41.296685847,-82.14719124
39,113.8,2,3,39095,41.61755847,-83.64907274
39,111.1,2,3,39097,39.890912354,-83.40082292
39,83.7,2,3,39099,41.012509688,-80.77543967
39,76.9,2,3,39103,41.115679132,-81.8923471
39,128.7,2,3,39109,40.051317714,-84.22357091
39,130.9,2,3,39113,39.754112523,-84.28651196
39,118.1,2,3,39123,41.532652769,-83.16571695
39,102.4,2,3,39125,41.114910236,-84.56933636
39,108.8,2,3,39129,39.633341349,-83.021804
39,75.8,2,3,39133,41.163954404,-81.19110696
39,133.1,2,3,39135,39.740465967,-84.6437546
39,63.6,2,3,39139,40.773953722,-82.53207327
39,84.1,2,3,39151,40.810629872,-81.35867631
39,75.1,2,3,39153,41.12446856,-81.52113272
39,81.1,2,3,39155,41.313476496,-80.76261042
39,96.4,2,3,39157,40.435189613,-81.4689414
39,107.7,2,3,39159,40.297096356,-83.36780447
39,104,2,3,39161,40.854752563,-84.57562351
39,119.7,2,3,39165,39.425742559,-84.16388632
39,81.5,2,3,39169,40.828472417,-81.88278037
39,116.2,2,3,39173,41.359430555,-83.61611537
39,5.2,1,4,39017,39.436678016,-84.57040525
39,39.3,1,4,39035,41.424180799,-81.65187826
39,41.6,1,4,39049,39.96473104,-83.00853603
39,2.6,1,4,39061,39.191508005,-84.53715828
39,36,1,4,39085,41.692935582,-81.2321257
39,72.6,1,4,39093,41.296685847,-82.14719124
39,71.9,1,4,39095,41.61755847,-83.64907274
39,39.5,1,4,39099,41.012509688,-80.77543967
39,43,1,4,39103,41.115679132,-81.8923471
39,59.2,1,4,39113,39.754112523,-84.28651196
39,38.2,1,4,39133,41.163954404,-81.19110696
39,55.6,1,4,39153,41.12446856,-81.52113272
39,38,2,4,39017,39.436678016,-84.57040525
39,51,2,4,39035,41.424180799,-81.65187826
39,27.5,2,4,39049,39.96473104,-83.00853603
39,51.5,2,4,39055,41.496229592,-81.17231259
39,41.9,2,4,39061,39.191508005,-84.53715828
39,58.9,2,4,39085,41.692935582,-81.2321257
39,53.6,2,4,39093,41.296685847,-82.14719124
39,69.2,2,4,39095,41.61755847,-83.64907274
39,43.1,2,4,39099,41.012509688,-80.77543967
39,50.6,2,4,39103,41.115679132,-81.8923471
39,27,2,4,39113,39.754112523,-84.28651196
39,48.8,2,4,39133,41.163954404,-81.19110696
39,48.9,2,4,39153,41.12446856,-81.52113272
39,93.2,1,2,39017,39.436678016,-84.57040525
39,73.4,1,2,39035,41.424180799,-81.65187826
39,73.4,1,2,39041,40.277974554,-83.00191978
39,84.8,1,2,39045,39.744927588,-82.62963406
39,88.7,1,2,39049,39.96473104,-83.00853603
39,74,1,2,39055,41.496229592,-81.17231259
39,93.1,1,2,39061,39.191508005,-84.53715828
39,82,1,2,39089,40.08677263,-82.47968831
39,82.9,1,2,39095,41.61755847,-83.64907274
39,40,1,2,39097,39.890912354,-83.40082292
39,73,1,2,39103,41.115679132,-81.8923471
39,95.4,1,2,39113,39.754112523,-84.28651196
39,82.6,1,2,39129,39.633341349,-83.021804
39,73,1,2,39133,41.163954404,-81.19110696
39,78.6,1,2,39153,41.12446856,-81.52113272
39,87.2,1,2,39165,39.425742559,-84.16388632
39,50.8,2,2,39017,39.436678016,-84.57040525
39,76.1,2,2,39035,41.424180799,-81.65187826
39,33.5,2,2,39041,40.277974554,-83.00191978
39,31.8,2,2,39049,39.96473104,-83.00853603
39,82.7,2,2,39055,41.496229592,-81.17231259
39,8.5,2,2,39057,39.692014039,-83.88712433
39,44,2,2,39061,39.191508005,-84.53715828
39,64.4,2,2,39085,41.692935582,-81.2321257
39,65.6,2,2,39093,41.296685847,-82.14719124
39,52.8,2,2,39095,41.61755847,-83.64907274
39,84.1,2,2,39103,41.115679132,-81.8923471
39,46.2,2,2,39113,39.754112523,-84.28651196
39,78.2,2,2,39133,41.163954404,-81.19110696
39,104.8,2,2,39153,41.12446856,-81.52113272
39,45.1,2,2,39165,39.425742559,-84.16388632
40,68.9,1,0,40001,35.891869418,-94.65478044
40,80.1,1,0,40003,36.733313566,-98.32015602
40,59.7,1,0,40005,34.380445048,-96.03761111
40,63.3,1,0,40007,36.744191916,-100.4794286
40,61,1,0,40009,35.270199491,-99.67851107
40,78.4,1,0,40011,35.876339151,-98.43150491
40,62.2,1,0,40013,33.969158504,-96.25666377
40,111.1,1,0,40015,35.176883093,-98.37100382
40,75.1,1,0,40017,35.544773866,-97.98007495
40,67.7,1,0,40019,34.255691266,-97.28068983
40,75.5,1,0,40021,35.913733829,-94.99993695
40,72.1,1,0,40023,34.032025007,-95.55437044
40,78.2,1,0,40025,36.743035445,-102.5161209
40,80.3,1,0,40027,35.20965055,-97.32584862
40,67.8,1,0,40029,34.593936105,-96.29427669
40,62.4,1,0,40031,34.664930722,-98.4727764
40,92.2,1,0,40033,34.285963194,-98.37278979
40,72.5,1,0,40035,36.766400561,-95.21040735
40,80.7,1,0,40037,35.908811308,-96.36843953
40,110.8,1,0,40039,35.641822695,-98.999308
40,71.2,1,0,40041,36.413301036,-94.80317196
40,87.2,1,0,40043,35.990201797,-99.00899428
40,51,1,0,40045,36.223580662,-99.75226491
40,82.2,1,0,40047,36.380966073,-97.7792041
40,83.6,1,0,40049,34.713617661,-97.30608426
40,86,1,0,40051,35.019867723,-97.88218547
40,82.8,1,0,40053,36.79457337,-97.78487531
40,75.1,1,0,40055,34.935575385,-99.55844755
40,63.8,1,0,40057,34.742432787,-99.84206415
40,67.6,1,0,40059,36.786857859,-99.66258196
40,79.8,1,0,40061,35.234062703,-95.11298716
40,71.7,1,0,40063,35.053489156,-96.24708093
40,78.3,1,0,40065,34.583634655,-99.40768873
40,97.2,1,0,40067,34.113948061,-97.83280533
40,60.5,1,0,40069,34.326242626,-96.65708616
40,81.9,1,0,40071,36.820072743,-97.14448017
40,77.6,1,0,40073,35.949419178,-97.94034148
40,91.2,1,0,40075,34.917844558,-98.98002613
40,70.9,1,0,40077,34.88292646,-95.24848437
40,85.9,1,0,40079,34.904978193,-94.69819526
40,79.2,1,0,40081,35.707929211,-96.87860266
40,77,1,0,40083,35.922318409,-97.44187086
40,81.6,1,0,40085,33.951897647,-97.23955803
40,80.2,1,0,40087,35.016406799,-97.44670121
40,82.1,1,0,40089,34.117196272,-94.76393241
40,73.4,1,0,40091,35.382326922,-95.66289862
40,81.6,1,0,40093,36.313820205,-98.53213173
40,58.8,1,0,40095,34.033673492,-96.76318375
40,64.4,1,0,40097,36.307244146,-95.23260265
40,65.3,1,0,40099,34.489818981,-97.0620597
40,91.1,1,0,40101,35.621371847,-95.37603811
40,76.5,1,0,40103,36.393208005,-97.22587536
40,77.5,1,0,40105,36.801199072,-95.61979189
40,77.4,1,0,40107,35.470454052,-96.31729927
40,78.9,1,0,40109,35.554657842,-97.40562311
40,77.1,1,0,40111,35.653024834,-95.95932114
40,83.8,1,0,40113,36.633552626,-96.40292748
40,73.9,1,0,40115,36.838533328,-94.81425606
40,81.5,1,0,40117,36.322336633,-96.69802095
40,75,1,0,40119,36.083168461,-96.97593527
40,68.4,1,0,40121,34.928942312,-95.74550637
40,82.5,1,0,40123,34.735750596,-96.67837171
40,81.1,1,0,40125,35.212440746,-96.94582761
40,73.7,1,0,40127,34.420502064,-95.3731306
40,61,1,0,40129,35.690064308,-99.69439692
40,68.7,1,0,40131,36.377709036,-95.6049902
40,81.9,1,0,40133,35.173292561,-96.61387389
40,86.9,1,0,40135,35.503891304,-94.75193665
40,101.9,1,0,40137,34.489830922,-97.84966392
40,66.5,1,0,40139,36.742836417,-101.4906082
40,76.2,1,0,40141,34.368337049,-98.91863213
40,83.2,1,0,40143,36.128625564,-95.94426957
40,70.7,1,0,40145,35.96664171,-95.5238813
40,80,1,0,40147,36.719945817,-95.90988946
40,89.2,1,0,40149,35.292448864,-98.98628074
40,79.8,1,0,40151,36.765827901,-98.85912943
40,80.6,1,0,40153,36.422771034,-99.25974404
40,53.8,2,0,40001,35.891869418,-94.65478044
40,94.3,2,0,40003,36.733313566,-98.32015602
40,68.5,2,0,40005,34.380445048,-96.03761111
40,76.1,2,0,40007,36.744191916,-100.4794286
40,77.7,2,0,40009,35.270199491,-99.67851107
40,73.5,2,0,40011,35.876339151,-98.43150491
40,84.8,2,0,40013,33.969158504,-96.25666377
40,69.7,2,0,40015,35.176883093,-98.37100382
40,76.4,2,0,40017,35.544773866,-97.98007495
40,75.8,2,0,40019,34.255691266,-97.28068983
40,79.9,2,0,40021,35.913733829,-94.99993695
40,79.8,2,0,40023,34.032025007,-95.55437044
40,49.4,2,0,40025,36.743035445,-102.5161209
40,69.5,2,0,40027,35.20965055,-97.32584862
40,67.3,2,0,40029,34.593936105,-96.29427669
40,69.2,2,0,40031,34.664930722,-98.4727764
40,76.3,2,0,40033,34.285963194,-98.37278979
40,70.3,2,0,40035,36.766400561,-95.21040735
40,81.9,2,0,40037,35.908811308,-96.36843953
40,81,2,0,40039,35.641822695,-98.999308
40,67.8,2,0,40041,36.413301036,-94.80317196
40,81.9,2,0,40043,35.990201797,-99.00899428
40,85.3,2,0,40045,36.223580662,-99.75226491
40,87.7,2,0,40047,36.380966073,-97.7792041
40,79.2,2,0,40049,34.713617661,-97.30608426
40,70.4,2,0,40051,35.019867723,-97.88218547
40,95.4,2,0,40053,36.79457337,-97.78487531
40,71.9,2,0,40055,34.935575385,-99.55844755
40,76.7,2,0,40057,34.742432787,-99.84206415
40,65.2,2,0,40059,36.786857859,-99.66258196
40,95.3,2,0,40061,35.234062703,-95.11298716
40,72.7,2,0,40063,35.053489156,-96.24708093
40,60.2,2,0,40065,34.583634655,-99.40768873
40,83.9,2,0,40067,34.113948061,-97.83280533
40,66.6,2,0,40069,34.326242626,-96.65708616
40,94.3,2,0,40071,36.820072743,-97.14448017
40,80.8,2,0,40073,35.949419178,-97.94034148
40,70.2,2,0,40075,34.917844558,-98.98002613
40,88.7,2,0,40077,34.88292646,-95.24848437
40,89.9,2,0,40079,34.904978193,-94.69819526
40,82.5,2,0,40081,35.707929211,-96.87860266
40,79.9,2,0,40083,35.922318409,-97.44187086
40,88,2,0,40085,33.951897647,-97.23955803
40,80.4,2,0,40087,35.016406799,-97.44670121
40,94.6,2,0,40089,34.117196272,-94.76393241
40,87.6,2,0,40091,35.382326922,-95.66289862
40,90.3,2,0,40093,36.313820205,-98.53213173
40,79.9,2,0,40095,34.033673492,-96.76318375
40,70.3,2,0,40097,36.307244146,-95.23260265
40,77.1,2,0,40099,34.489818981,-97.0620597
40,86.9,2,0,40101,35.621371847,-95.37603811
40,81,2,0,40103,36.393208005,-97.22587536
40,68.5,2,0,40105,36.801199072,-95.61979189
40,83.5,2,0,40107,35.470454052,-96.31729927
40,81.9,2,0,40109,35.554657842,-97.40562311
40,83.7,2,0,40111,35.653024834,-95.95932114
40,79.7,2,0,40113,36.633552626,-96.40292748
40,87,2,0,40115,36.838533328,-94.81425606
40,81.1,2,0,40117,36.322336633,-96.69802095
40,75.9,2,0,40119,36.083168461,-96.97593527
40,78.6,2,0,40121,34.928942312,-95.74550637
40,78.7,2,0,40123,34.735750596,-96.67837171
40,97.6,2,0,40125,35.212440746,-96.94582761
40,84.9,2,0,40127,34.420502064,-95.3731306
40,83.9,2,0,40129,35.690064308,-99.69439692
40,78.7,2,0,40131,36.377709036,-95.6049902
40,86.3,2,0,40133,35.173292561,-96.61387389
40,90.3,2,0,40135,35.503891304,-94.75193665
40,75.4,2,0,40137,34.489830922,-97.84966392
40,65.4,2,0,40139,36.742836417,-101.4906082
40,69.5,2,0,40141,34.368337049,-98.91863213
40,79.5,2,0,40143,36.128625564,-95.94426957
40,80,2,0,40145,35.96664171,-95.5238813
40,78.8,2,0,40147,36.719945817,-95.90988946
40,80.8,2,0,40149,35.292448864,-98.98628074
40,76.5,2,0,40151,36.765827901,-98.85912943
40,69,2,0,40153,36.422771034,-99.25974404
40,60.2,1,5,40001,35.891869418,-94.65478044
40,86.5,1,5,40003,36.733313566,-98.32015602
40,56.4,1,5,40005,34.380445048,-96.03761111
40,63.3,1,5,40007,36.744191916,-100.4794286
40,68,1,5,40009,35.270199491,-99.67851107
40,81.7,1,5,40011,35.876339151,-98.43150491
40,63.3,1,5,40013,33.969158504,-96.25666377
40,100,1,5,40015,35.176883093,-98.37100382
40,79.2,1,5,40017,35.544773866,-97.98007495
40,71.6,1,5,40019,34.255691266,-97.28068983
40,73.8,1,5,40021,35.913733829,-94.99993695
40,67.7,1,5,40023,34.032025007,-95.55437044
40,85.8,1,5,40025,36.743035445,-102.5161209
40,79.7,1,5,40027,35.20965055,-97.32584862
40,69.3,1,5,40029,34.593936105,-96.29427669
40,59.5,1,5,40031,34.664930722,-98.4727764
40,96,1,5,40033,34.285963194,-98.37278979
40,70.2,1,5,40035,36.766400561,-95.21040735
40,76.8,1,5,40037,35.908811308,-96.36843953
40,97.7,1,5,40039,35.641822695,-98.999308
40,69.7,1,5,40041,36.413301036,-94.80317196
40,86.7,1,5,40043,35.990201797,-99.00899428
40,54,1,5,40045,36.223580662,-99.75226491
40,83,1,5,40047,36.380966073,-97.7792041
40,85.5,1,5,40049,34.713617661,-97.30608426
40,79.7,1,5,40051,35.019867723,-97.88218547
40,84.2,1,5,40053,36.79457337,-97.78487531
40,73.7,1,5,40055,34.935575385,-99.55844755
40,58.3,1,5,40057,34.742432787,-99.84206415
40,70,1,5,40059,36.786857859,-99.66258196
40,77.5,1,5,40061,35.234062703,-95.11298716
40,72.3,1,5,40063,35.053489156,-96.24708093
40,82.2,1,5,40065,34.583634655,-99.40768873
40,101.4,1,5,40067,34.113948061,-97.83280533
40,64,1,5,40069,34.326242626,-96.65708616
40,82.3,1,5,40071,36.820072743,-97.14448017
40,77,1,5,40073,35.949419178,-97.94034148
40,94.4,1,5,40075,34.917844558,-98.98002613
40,66,1,5,40077,34.88292646,-95.24848437
40,87.1,1,5,40079,34.904978193,-94.69819526
40,77.1,1,5,40081,35.707929211,-96.87860266
40,75.3,1,5,40083,35.922318409,-97.44187086
40,80,1,5,40085,33.951897647,-97.23955803
40,80.4,1,5,40087,35.016406799,-97.44670121
40,74.3,1,5,40089,34.117196272,-94.76393241
40,73.1,1,5,40091,35.382326922,-95.66289862
40,85.3,1,5,40093,36.313820205,-98.53213173
40,64.8,1,5,40095,34.033673492,-96.76318375
40,60.9,1,5,40097,36.307244146,-95.23260265
40,70,1,5,40099,34.489818981,-97.0620597
40,85,1,5,40101,35.621371847,-95.37603811
40,76.9,1,5,40103,36.393208005,-97.22587536
40,85.4,1,5,40105,36.801199072,-95.61979189
40,73.1,1,5,40107,35.470454052,-96.31729927
40,78.4,1,5,40109,35.554657842,-97.40562311
40,73.4,1,5,40111,35.653024834,-95.95932114
40,82.1,1,5,40113,36.633552626,-96.40292748
40,73.2,1,5,40115,36.838533328,-94.81425606
40,78.6,1,5,40117,36.322336633,-96.69802095
40,70.4,1,5,40119,36.083168461,-96.97593527
40,71.2,1,5,40121,34.928942312,-95.74550637
40,82.9,1,5,40123,34.735750596,-96.67837171
40,80.8,1,5,40125,35.212440746,-96.94582761
40,68.6,1,5,40127,34.420502064,-95.3731306
40,65.4,1,5,40129,35.690064308,-99.69439692
40,65,1,5,40131,36.377709036,-95.6049902
40,82.7,1,5,40133,35.173292561,-96.61387389
40,89.2,1,5,40135,35.503891304,-94.75193665
40,101.8,1,5,40137,34.489830922,-97.84966392
40,71.3,1,5,40139,36.742836417,-101.4906082
40,83,1,5,40141,34.368337049,-98.91863213
40,80.3,1,5,40143,36.128625564,-95.94426957
40,68,1,5,40145,35.96664171,-95.5238813
40,77.2,1,5,40147,36.719945817,-95.90988946
40,84.9,1,5,40149,35.292448864,-98.98628074
40,84.6,1,5,40151,36.765827901,-98.85912943
40,84,1,5,40153,36.422771034,-99.25974404
40,48.3,2,5,40001,35.891869418,-94.65478044
40,95.1,2,5,40003,36.733313566,-98.32015602
40,69.9,2,5,40005,34.380445048,-96.03761111
40,84.4,2,5,40007,36.744191916,-100.4794286
40,76.6,2,5,40009,35.270199491,-99.67851107
40,73.6,2,5,40011,35.876339151,-98.43150491
40,84.4,2,5,40013,33.969158504,-96.25666377
40,69.2,2,5,40015,35.176883093,-98.37100382
40,72.5,2,5,40017,35.544773866,-97.98007495
40,75.8,2,5,40019,34.255691266,-97.28068983
40,76.4,2,5,40021,35.913733829,-94.99993695
40,73.9,2,5,40023,34.032025007,-95.55437044
40,49.5,2,5,40025,36.743035445,-102.5161209
40,67.3,2,5,40027,35.20965055,-97.32584862
40,69.9,2,5,40029,34.593936105,-96.29427669
40,72.6,2,5,40031,34.664930722,-98.4727764
40,77.1,2,5,40033,34.285963194,-98.37278979
40,68.7,2,5,40035,36.766400561,-95.21040735
40,77.3,2,5,40037,35.908811308,-96.36843953
40,86.9,2,5,40039,35.641822695,-98.999308
40,65,2,5,40041,36.413301036,-94.80317196
40,87.3,2,5,40043,35.990201797,-99.00899428
40,88.5,2,5,40045,36.223580662,-99.75226491
40,89.7,2,5,40047,36.380966073,-97.7792041
40,79.5,2,5,40049,34.713617661,-97.30608426
40,70.3,2,5,40051,35.019867723,-97.88218547
40,98.6,2,5,40053,36.79457337,-97.78487531
40,75.7,2,5,40055,34.935575385,-99.55844755
40,77.9,2,5,40057,34.742432787,-99.84206415
40,64.7,2,5,40059,36.786857859,-99.66258196
40,95.2,2,5,40061,35.234062703,-95.11298716
40,73.8,2,5,40063,35.053489156,-96.24708093
40,66.7,2,5,40065,34.583634655,-99.40768873
40,89.2,2,5,40067,34.113948061,-97.83280533
40,66.1,2,5,40069,34.326242626,-96.65708616
40,97.1,2,5,40071,36.820072743,-97.14448017
40,77.7,2,5,40073,35.949419178,-97.94034148
40,70.3,2,5,40075,34.917844558,-98.98002613
40,91.8,2,5,40077,34.88292646,-95.24848437
40,89.2,2,5,40079,34.904978193,-94.69819526
40,82.4,2,5,40081,35.707929211,-96.87860266
40,77.2,2,5,40083,35.922318409,-97.44187086
40,90.9,2,5,40085,33.951897647,-97.23955803
40,81.6,2,5,40087,35.016406799,-97.44670121
40,92.8,2,5,40089,34.117196272,-94.76393241
40,83.5,2,5,40091,35.382326922,-95.66289862
40,90.5,2,5,40093,36.313820205,-98.53213173
40,84.4,2,5,40095,34.033673492,-96.76318375
40,67.8,2,5,40097,36.307244146,-95.23260265
40,78.1,2,5,40099,34.489818981,-97.0620597
40,82.2,2,5,40101,35.621371847,-95.37603811
40,85.3,2,5,40103,36.393208005,-97.22587536
40,68.9,2,5,40105,36.801199072,-95.61979189
40,87.3,2,5,40107,35.470454052,-96.31729927
40,79.3,2,5,40109,35.554657842,-97.40562311
40,78,2,5,40111,35.653024834,-95.95932114
40,80.2,2,5,40113,36.633552626,-96.40292748
40,83.6,2,5,40115,36.838533328,-94.81425606
40,77.9,2,5,40117,36.322336633,-96.69802095
40,78.4,2,5,40119,36.083168461,-96.97593527
40,74.4,2,5,40121,34.928942312,-95.74550637
40,93.4,2,5,40123,34.735750596,-96.67837171
40,91.4,2,5,40125,35.212440746,-96.94582761
40,83.1,2,5,40127,34.420502064,-95.3731306
40,89,2,5,40129,35.690064308,-99.69439692
40,73.9,2,5,40131,36.377709036,-95.6049902
40,89.4,2,5,40133,35.173292561,-96.61387389
40,90.1,2,5,40135,35.503891304,-94.75193665
40,79,2,5,40137,34.489830922,-97.84966392
40,68.7,2,5,40139,36.742836417,-101.4906082
40,74.8,2,5,40141,34.368337049,-98.91863213
40,76.3,2,5,40143,36.128625564,-95.94426957
40,75.5,2,5,40145,35.96664171,-95.5238813
40,75.5,2,5,40147,36.719945817,-95.90988946
40,85.7,2,5,40149,35.292448864,-98.98628074
40,76.2,2,5,40151,36.765827901,-98.85912943
40,66.7,2,5,40153,36.422771034,-99.25974404
40,200.8,1,3,40013,33.969158504,-96.25666377
40,78.5,1,3,40017,35.544773866,-97.98007495
40,74.9,1,3,40027,35.20965055,-97.32584862
40,78.3,1,3,40031,34.664930722,-98.4727764
40,120.3,1,3,40033,34.285963194,-98.37278979
40,149.8,1,3,40037,35.908811308,-96.36843953
40,82.5,1,3,40073,35.949419178,-97.94034148
40,107.7,1,3,40081,35.707929211,-96.87860266
40,89.1,1,3,40083,35.922318409,-97.44187086
40,147.7,1,3,40089,34.117196272,-94.76393241
40,102.7,1,3,40101,35.621371847,-95.37603811
40,86.6,1,3,40109,35.554657842,-97.40562311
40,142.8,1,3,40111,35.653024834,-95.95932114
40,140.2,1,3,40113,36.633552626,-96.40292748
40,140.8,1,3,40117,36.322336633,-96.69802095
40,93.9,1,3,40125,35.212440746,-96.94582761
40,145.2,1,3,40131,36.377709036,-95.6049902
40,117.1,1,3,40141,34.368337049,-98.91863213
40,139.5,1,3,40143,36.128625564,-95.94426957
40,143.1,1,3,40145,35.96664171,-95.5238813
40,141.2,1,3,40147,36.719945817,-95.90988946
40,121.3,2,3,40013,33.969158504,-96.25666377
40,104.1,2,3,40017,35.544773866,-97.98007495
40,147.8,2,3,40023,34.032025007,-95.55437044
40,104.7,2,3,40027,35.20965055,-97.32584862
40,71.3,2,3,40031,34.664930722,-98.4727764
40,114.6,2,3,40037,35.908811308,-96.36843953
40,100.2,2,3,40073,35.949419178,-97.94034148
40,99.5,2,3,40081,35.707929211,-96.87860266
40,99.8,2,3,40083,35.922318409,-97.44187086
40,123.3,2,3,40089,34.117196272,-94.76393241
40,147.4,2,3,40091,35.382326922,-95.66289862
40,143.4,2,3,40101,35.621371847,-95.37603811
40,105.8,2,3,40109,35.554657842,-97.40562311
40,119.9,2,3,40111,35.653024834,-95.95932114
40,105.3,2,3,40113,36.633552626,-96.40292748
40,104.7,2,3,40117,36.322336633,-96.69802095
40,104,2,3,40125,35.212440746,-96.94582761
40,111.2,2,3,40131,36.377709036,-95.6049902
40,127.8,2,3,40135,35.503891304,-94.75193665
40,89.5,2,3,40141,34.368337049,-98.91863213
40,110.8,2,3,40143,36.128625564,-95.94426957
40,119.2,2,3,40145,35.96664171,-95.5238813
40,103.2,2,3,40147,36.719945817,-95.90988946
40,45.3,1,4,40017,35.544773866,-97.98007495
40,47.6,1,4,40027,35.20965055,-97.32584862
40,40.1,1,4,40031,34.664930722,-98.4727764
40,44.4,1,4,40073,35.949419178,-97.94034148
40,44.8,1,4,40083,35.922318409,-97.44187086
40,47.6,1,4,40109,35.554657842,-97.40562311
40,43.2,1,4,40125,35.212440746,-96.94582761
40,90.2,1,4,40139,36.742836417,-101.4906082
40,11.2,1,4,40143,36.128625564,-95.94426957
40,69,2,4,40017,35.544773866,-97.98007495
40,74.4,2,4,40027,35.20965055,-97.32584862
40,40.5,2,4,40031,34.664930722,-98.4727764
40,67.6,2,4,40073,35.949419178,-97.94034148
40,69.2,2,4,40081,35.707929211,-96.87860266
40,63.9,2,4,40083,35.922318409,-97.44187086
40,73,2,4,40109,35.554657842,-97.40562311
40,70.7,2,4,40125,35.212440746,-96.94582761
40,59.4,2,4,40143,36.128625564,-95.94426957
40,44.3,1,2,40027,35.20965055,-97.32584862
40,76.4,1,2,40109,35.554657842,-97.40562311
40,45.5,1,2,40143,36.128625564,-95.94426957
40,33.7,2,2,40027,35.20965055,-97.32584862
40,49.1,2,2,40109,35.554657842,-97.40562311
40,151.3,2,2,40143,36.128625564,-95.94426957
40,83.6,1,1,40001,35.891869418,-94.65478044
40,57.9,1,1,40017,35.544773866,-97.98007495
40,99,1,1,40021,35.913733829,-94.99993695
40,77.5,1,1,40027,35.20965055,-97.32584862
40,88.8,1,1,40035,36.766400561,-95.21040735
40,129.3,1,1,40037,35.908811308,-96.36843953
40,103.7,1,1,40041,36.413301036,-94.80317196
40,250.1,1,1,40051,35.019867723,-97.88218547
40,75.5,1,1,40061,35.234062703,-95.11298716
40,96.6,1,1,40081,35.707929211,-96.87860266
40,86.7,1,1,40083,35.922318409,-97.44187086
40,95.1,1,1,40091,35.382326922,-95.66289862
40,97,1,1,40097,36.307244146,-95.23260265
40,86.8,1,1,40101,35.621371847,-95.37603811
40,95,1,1,40107,35.470454052,-96.31729927
40,76.8,1,1,40109,35.554657842,-97.40562311
40,131.6,1,1,40111,35.653024834,-95.95932114
40,124.7,1,1,40113,36.633552626,-96.40292748
40,133.6,1,1,40117,36.322336633,-96.69802095
40,78.9,1,1,40125,35.212440746,-96.94582761
40,117.8,1,1,40131,36.377709036,-95.6049902
40,71.2,1,1,40135,35.503891304,-94.75193665
40,117.9,1,1,40143,36.128625564,-95.94426957
40,118.4,1,1,40145,35.96664171,-95.5238813
40,113.8,1,1,40147,36.719945817,-95.90988946
40,93.4,2,1,40001,35.891869418,-94.65478044
40,64,2,1,40015,35.176883093,-98.37100382
40,75.6,2,1,40017,35.544773866,-97.98007495
40,98.8,2,1,40021,35.913733829,-94.99993695
40,94.8,2,1,40027,35.20965055,-97.32584862
40,51.6,2,1,40031,34.664930722,-98.4727764
40,80.1,2,1,40035,36.766400561,-95.21040735
40,87.4,2,1,40037,35.908811308,-96.36843953
40,104.8,2,1,40041,36.413301036,-94.80317196
40,74.8,2,1,40051,35.019867723,-97.88218547
40,95.5,2,1,40061,35.234062703,-95.11298716
40,80.2,2,1,40073,35.949419178,-97.94034148
40,84.1,2,1,40079,34.904978193,-94.69819526
40,79.8,2,1,40081,35.707929211,-96.87860266
40,74.1,2,1,40083,35.922318409,-97.44187086
40,91.8,2,1,40087,35.016406799,-97.44670121
40,85.6,2,1,40091,35.382326922,-95.66289862
40,90.6,2,1,40097,36.307244146,-95.23260265
40,103.8,2,1,40101,35.621371847,-95.37603811
40,89.9,2,1,40107,35.470454052,-96.31729927
40,92.7,2,1,40109,35.554657842,-97.40562311
40,115.8,2,1,40111,35.653024834,-95.95932114
40,58.8,2,1,40113,36.633552626,-96.40292748
40,74.6,2,1,40117,36.322336633,-96.69802095
40,76.5,2,1,40121,34.928942312,-95.74550637
40,84,2,1,40125,35.212440746,-96.94582761
40,93.7,2,1,40127,34.420502064,-95.3731306
40,93.2,2,1,40131,36.377709036,-95.6049902
40,96,2,1,40135,35.503891304,-94.75193665
40,134.2,2,1,40143,36.128625564,-95.94426957
40,109.3,2,1,40145,35.96664171,-95.5238813
40,98.4,2,1,40147,36.719945817,-95.90988946
41,54.7,1,0,41001,44.702061146,-117.6785684
41,73.4,1,0,41003,44.483239655,-123.4289793
41,78.1,1,0,41005,45.180700409,-122.2180422
41,67.9,1,0,41007,45.977019916,-123.6553273
41,79.5,1,0,41009,45.938140635,-123.088767
41,76.5,1,0,41011,43.171117538,-124.0635186
41,88.5,1,0,41013,44.135856139,-120.3556947
41,76.7,1,0,41015,42.457739336,-124.1581934
41,70.2,1,0,41017,43.908032097,-121.2262918
41,76,1,0,41019,43.274756346,-123.1668559
41,85.1,1,0,41021,45.373695094,-120.2106922
41,75.9,1,0,41023,44.484468544,-119.0080699
41,71.1,1,0,41025,43.059896606,-118.9630179
41,83.3,1,0,41027,45.514227143,-121.6505896
41,76.5,1,0,41029,42.428901429,-122.7228502
41,78.2,1,0,41031,44.623774092,-121.1735159
41,75.9,1,0,41033,42.361225162,-123.5522824
41,75.3,1,0,41035,42.680895547,-121.6467401
41,71.7,1,0,41037,42.786630841,-120.3835378
41,74.4,1,0,41039,43.931407522,-122.8493383
41,73.9,1,0,41041,44.63531723,-123.8711581
41,74.7,1,0,41043,44.482206445,-122.5319303
41,61.7,1,0,41045,43.189190588,-117.6179729
41,78.3,1,0,41047,44.899295064,-122.589712
41,71.4,1,0,41049,45.410733207,-119.5835636
41,83.8,1,0,41051,45.540931383,-122.4143239
41,76.7,1,0,41053,44.895805114,-123.4131952
41,90.6,1,0,41055,45.39906222,-120.6883755
41,70.9,1,0,41057,45.454532911,-123.7104416
41,69.1,1,0,41059,45.587639354,-118.7359181
41,68.2,1,0,41061,45.299758665,-118.0066734
41,71.8,1,0,41063,45.578116133,-117.1846517
41,80.7,1,0,41065,45.155992537,-121.1682588
41,71.5,1,0,41067,45.552126953,-123.0986823
41,92.2,1,0,41069,44.719151811,-120.0262524
41,75.4,1,0,41071,45.225505376,-123.3086536
41,65.6,2,0,41001,44.702061146,-117.6785684
41,78,2,0,41003,44.483239655,-123.4289793
41,76.3,2,0,41005,45.180700409,-122.2180422
41,69.1,2,0,41007,45.977019916,-123.6553273
41,74.2,2,0,41009,45.938140635,-123.088767
41,73.9,2,0,41011,43.171117538,-124.0635186
41,141.3,2,0,41013,44.135856139,-120.3556947
41,76,2,0,41015,42.457739336,-124.1581934
41,67.6,2,0,41017,43.908032097,-121.2262918
41,78.7,2,0,41019,43.274756346,-123.1668559
41,74.9,2,0,41021,45.373695094,-120.2106922
41,67.5,2,0,41023,44.484468544,-119.0080699
41,73.7,2,0,41025,43.059896606,-118.9630179
41,79.1,2,0,41027,45.514227143,-121.6505896
41,75.1,2,0,41029,42.428901429,-122.7228502
41,86.4,2,0,41031,44.623774092,-121.1735159
41,72.8,2,0,41033,42.361225162,-123.5522824
41,77.5,2,0,41035,42.680895547,-121.6467401
41,76.3,2,0,41037,42.786630841,-120.3835378
41,79.2,2,0,41039,43.931407522,-122.8493383
41,77.1,2,0,41041,44.63531723,-123.8711581
41,76,2,0,41043,44.482206445,-122.5319303
41,69.2,2,0,41045,43.189190588,-117.6179729
41,75.7,2,0,41047,44.899295064,-122.589712
41,67.8,2,0,41049,45.410733207,-119.5835636
41,77.3,2,0,41051,45.540931383,-122.4143239
41,73.6,2,0,41053,44.895805114,-123.4131952
41,68.6,2,0,41055,45.39906222,-120.6883755
41,69.5,2,0,41057,45.454532911,-123.7104416
41,63.5,2,0,41059,45.587639354,-118.7359181
41,59.7,2,0,41061,45.299758665,-118.0066734
41,58.7,2,0,41063,45.578116133,-117.1846517
41,75,2,0,41065,45.155992537,-121.1682588
41,74.3,2,0,41067,45.552126953,-123.0986823
41,103.3,2,0,41069,44.719151811,-120.0262524
41,73.1,2,0,41071,45.225505376,-123.3086536
41,55.5,1,5,41001,44.702061146,-117.6785684
41,73.9,1,5,41003,44.483239655,-123.4289793
41,78,1,5,41005,45.180700409,-122.2180422
41,69.2,1,5,41007,45.977019916,-123.6553273
41,78,1,5,41009,45.938140635,-123.088767
41,77.9,1,5,41011,43.171117538,-124.0635186
41,95.5,1,5,41013,44.135856139,-120.3556947
41,77.3,1,5,41015,42.457739336,-124.1581934
41,68.3,1,5,41017,43.908032097,-121.2262918
41,76.4,1,5,41019,43.274756346,-123.1668559
41,91.4,1,5,41021,45.373695094,-120.2106922
41,81,1,5,41023,44.484468544,-119.0080699
41,71.9,1,5,41025,43.059896606,-118.9630179
41,79.7,1,5,41027,45.514227143,-121.6505896
41,77.4,1,5,41029,42.428901429,-122.7228502
41,76.3,1,5,41031,44.623774092,-121.1735159
41,76.4,1,5,41033,42.361225162,-123.5522824
41,75.5,1,5,41035,42.680895547,-121.6467401
41,72,1,5,41037,42.786630841,-120.3835378
41,74.9,1,5,41039,43.931407522,-122.8493383
41,74.4,1,5,41041,44.63531723,-123.8711581
41,73.2,1,5,41043,44.482206445,-122.5319303
41,64.3,1,5,41045,43.189190588,-117.6179729
41,77.6,1,5,41047,44.899295064,-122.589712
41,76,1,5,41049,45.410733207,-119.5835636
41,78,1,5,41051,45.540931383,-122.4143239
41,76.4,1,5,41053,44.895805114,-123.4131952
41,95.5,1,5,41055,45.39906222,-120.6883755
41,72.4,1,5,41057,45.454532911,-123.7104416
41,72.4,1,5,41059,45.587639354,-118.7359181
41,70.5,1,5,41061,45.299758665,-118.0066734
41,72.1,1,5,41063,45.578116133,-117.1846517
41,79.7,1,5,41065,45.155992537,-121.1682588
41,76.3,1,5,41067,45.552126953,-123.0986823
41,97.9,1,5,41069,44.719151811,-120.0262524
41,75.8,1,5,41071,45.225505376,-123.3086536
41,67.6,2,5,41001,44.702061146,-117.6785684
41,79.1,2,5,41003,44.483239655,-123.4289793
41,74.9,2,5,41005,45.180700409,-122.2180422
41,70,2,5,41007,45.977019916,-123.6553273
41,75,2,5,41009,45.938140635,-123.088767
41,75.8,2,5,41011,43.171117538,-124.0635186
41,140.1,2,5,41013,44.135856139,-120.3556947
41,78.1,2,5,41015,42.457739336,-124.1581934
41,67.8,2,5,41017,43.908032097,-121.2262918
41,80.7,2,5,41019,43.274756346,-123.1668559
41,74.5,2,5,41021,45.373695094,-120.2106922
41,69.3,2,5,41023,44.484468544,-119.0080699
41,75.4,2,5,41025,43.059896606,-118.9630179
41,76.2,2,5,41027,45.514227143,-121.6505896
41,76.6,2,5,41029,42.428901429,-122.7228502
41,79.2,2,5,41031,44.623774092,-121.1735159
41,74.5,2,5,41033,42.361225162,-123.5522824
41,80.2,2,5,41035,42.680895547,-121.6467401
41,77.8,2,5,41037,42.786630841,-120.3835378
41,80.6,2,5,41039,43.931407522,-122.8493383
41,78.8,2,5,41041,44.63531723,-123.8711581
41,75.5,2,5,41043,44.482206445,-122.5319303
41,71.7,2,5,41045,43.189190588,-117.6179729
41,75.3,2,5,41047,44.899295064,-122.589712
41,64.7,2,5,41049,45.410733207,-119.5835636
41,74.6,2,5,41051,45.540931383,-122.4143239
41,74.3,2,5,41053,44.895805114,-123.4131952
41,70.9,2,5,41055,45.39906222,-120.6883755
41,70.8,2,5,41057,45.454532911,-123.7104416
41,63.8,2,5,41059,45.587639354,-118.7359181
41,59,2,5,41061,45.299758665,-118.0066734
41,59.4,2,5,41063,45.578116133,-117.1846517
41,74.4,2,5,41065,45.155992537,-121.1682588
41,74.5,2,5,41067,45.552126953,-123.0986823
41,101.8,2,5,41069,44.719151811,-120.0262524
41,73.4,2,5,41071,45.225505376,-123.3086536
41,75.1,1,3,41005,45.180700409,-122.2180422
41,101.3,1,3,41009,45.938140635,-123.088767
41,124.1,1,3,41027,45.514227143,-121.6505896
41,130.2,1,3,41051,45.540931383,-122.4143239
41,50.4,1,3,41067,45.552126953,-123.0986823
41,125,2,3,41005,45.180700409,-122.2180422
41,123.9,2,3,41009,45.938140635,-123.088767
41,144.3,2,3,41027,45.514227143,-121.6505896
41,126.5,2,3,41051,45.540931383,-122.4143239
41,129.8,2,3,41067,45.552126953,-123.0986823
41,74.9,1,4,41005,45.180700409,-122.2180422
41,53.4,1,4,41009,45.938140635,-123.088767
41,107.5,1,4,41017,43.908032097,-121.2262918
41,68.5,1,4,41025,43.059896606,-118.9630179
41,97.1,1,4,41027,45.514227143,-121.6505896
41,47.4,1,4,41029,42.428901429,-122.7228502
41,93.2,1,4,41031,44.623774092,-121.1735159
41,57.7,1,4,41035,42.680895547,-121.6467401
41,71.3,1,4,41037,42.786630841,-120.3835378
41,50.7,1,4,41039,43.931407522,-122.8493383
41,78.7,1,4,41043,44.482206445,-122.5319303
41,23.7,1,4,41045,43.189190588,-117.6179729
41,81.3,1,4,41047,44.899295064,-122.589712
41,90.1,1,4,41051,45.540931383,-122.4143239
41,75,1,4,41053,44.895805114,-123.4131952
41,44.7,1,4,41059,45.587639354,-118.7359181
41,88.1,1,4,41065,45.155992537,-121.1682588
41,34.7,1,4,41067,45.552126953,-123.0986823
41,64.4,1,4,41071,45.225505376,-123.3086536
41,62.4,2,4,41005,45.180700409,-122.2180422
41,64.6,2,4,41009,45.938140635,-123.088767
41,49.8,2,4,41017,43.908032097,-121.2262918
41,57.8,2,4,41027,45.514227143,-121.6505896
41,28.8,2,4,41029,42.428901429,-122.7228502
41,42,2,4,41039,43.931407522,-122.8493383
41,56.1,2,4,41043,44.482206445,-122.5319303
41,43.2,2,4,41045,43.189190588,-117.6179729
41,65.2,2,4,41047,44.899295064,-122.589712
41,164.7,2,4,41049,45.410733207,-119.5835636
41,65.2,2,4,41051,45.540931383,-122.4143239
41,61.9,2,4,41053,44.895805114,-123.4131952
41,113.8,2,4,41059,45.587639354,-118.7359181
41,63.9,2,4,41065,45.155992537,-121.1682588
41,68.1,2,4,41067,45.552126953,-123.0986823
41,57.8,2,4,41071,45.225505376,-123.3086536
41,75.5,1,2,41005,45.180700409,-122.2180422
41,77.3,1,2,41009,45.938140635,-123.088767
41,103.3,1,2,41027,45.514227143,-121.6505896
41,115.9,1,2,41039,43.931407522,-122.8493383
41,152,1,2,41047,44.899295064,-122.589712
41,104.6,1,2,41051,45.540931383,-122.4143239
41,60.3,1,2,41057,45.454532911,-123.7104416
41,73.7,1,2,41067,45.552126953,-123.0986823
41,72.4,1,2,41071,45.225505376,-123.3086536
41,92.5,2,2,41005,45.180700409,-122.2180422
41,70.9,2,2,41007,45.977019916,-123.6553273
41,82.2,2,2,41009,45.938140635,-123.088767
41,99.4,2,2,41027,45.514227143,-121.6505896
41,88.1,2,2,41037,42.786630841,-120.3835378
41,45.4,2,2,41039,43.931407522,-122.8493383
41,70.5,2,2,41043,44.482206445,-122.5319303
41,104.7,2,2,41047,44.899295064,-122.589712
41,83.8,2,2,41051,45.540931383,-122.4143239
41,70.7,2,2,41057,45.454532911,-123.7104416
41,114,2,2,41065,45.155992537,-121.1682588
41,86,2,2,41067,45.552126953,-123.0986823
41,85,2,2,41071,45.225505376,-123.3086536
41,96.4,1,1,41051,45.540931383,-122.4143239
41,41.9,2,1,41051,45.540931383,-122.4143239
42,59.5,1,0,42001,39.872000298,-77.22253692
42,67.4,1,0,42003,40.467287419,-79.98642291
42,68.1,1,0,42005,40.815030374,-79.47340362
42,69.9,1,0,42007,40.683427463,-80.35128703
42,66,1,0,42009,40.007293,-78.49142729
42,75.9,1,0,42011,40.419302964,-75.93112197
42,57.4,1,0,42013,40.485480028,-78.34934125
42,51.9,1,0,42015,41.791103191,-76.51858929
42,68.6,1,0,42017,40.33490641,-75.11329638
42,67.2,1,0,42019,40.910768462,-79.91734151
42,66.8,1,0,42021,40.491204848,-78.71919667
42,48.9,1,0,42023,41.43874015,-78.20943869
42,57.6,1,0,42025,40.919278104,-75.71143343
42,52,1,0,42027,40.919249264,-77.82528045
42,76.1,1,0,42029,39.974765343,-75.75660938
42,70.7,1,0,42031,41.192727984,-79.42506971
42,54.5,1,0,42033,41.000367087,-78.47584267
42,49.6,1,0,42035,41.23279675,-77.64312857
42,64.7,1,0,42037,41.049036041,-76.4103551
42,73,1,0,42039,41.685413823,-80.11342554
42,57.7,1,0,42041,40.16750946,-77.26895851
42,55.7,1,0,42043,40.419656919,-76.77991224
42,83.6,1,0,42045,39.916466986,-75.40663919
42,58.3,1,0,42047,41.428132714,-78.64973088
42,73.6,1,0,42049,41.994081022,-80.04097692
42,68.1,1,0,42051,39.919372946,-79.6521301
42,63.3,1,0,42053,41.513517003,-79.23804578
42,63.6,1,0,42055,39.92777178,-77.72427262
42,71.4,1,0,42057,39.924787587,-78.11512241
42,73.4,1,0,42059,39.854726694,-80.22965135
42,58.9,1,0,42061,40.416032238,-77.98304139
42,69.4,1,0,42063,40.65288818,-79.09357825
42,69.6,1,0,42065,41.13132722,-79.00126129
42,60.3,1,0,42067,40.534249722,-77.40606718
42,57.7,1,0,42069,41.439018866,-75.61255073
42,69,1,0,42071,40.045809039,-76.25171054
42,72.8,1,0,42073,40.993189232,-80.33775411
42,62.4,1,0,42075,40.367506261,-76.46214416
42,64.7,1,0,42077,40.614551613,-75.60136197
42,63.4,1,0,42079,41.178282344,-75.99234897
42,55.1,1,0,42081,41.344521509,-77.06973421
42,55.9,1,0,42083,41.810307761,-78.57147476
42,66.3,1,0,42085,41.302321268,-80.26030707
42,51.4,1,0,42087,40.612676665,-77.62031533
42,52.2,1,0,42089,41.060826748,-75.34120973
42,80.1,1,0,42091,40.209794436,-75.37289469
42,59.5,1,0,42093,41.027933098,-76.66502677
42,57.5,1,0,42095,40.754498522,-75.31301346
42,57.6,1,0,42097,40.851425479,-76.71219981
42,56.1,1,0,42099,40.404068446,-77.25937014
42,83.1,1,0,42101,40.004332352,-75.14061439
42,49.7,1,0,42103,41.332480371,-75.0330919
42,58.6,1,0,42105,41.744140063,-77.89907228
42,66.9,1,0,42107,40.707423349,-76.22366
42,56.6,1,0,42109,40.771055801,-77.07285966
42,69.4,1,0,42111,39.971384045,-79.03125311
42,63.3,1,0,42113,41.44802141,-76.51512371
42,54.4,1,0,42115,41.820489909,-75.80286585
42,64.1,1,0,42117,41.773266011,-77.25818395
42,52.8,1,0,42119,40.964651523,-77.06446543
42,68.1,1,0,42121,41.40335321,-79.76309093
42,66.9,1,0,42123,41.81669338,-79.27881577
42,69.3,1,0,42125,40.191025417,-80.2520184
42,55.8,1,0,42127,41.649611191,-75.30553231
42,69.5,1,0,42129,40.310244755,-79.47157997
42,60.6,1,0,42131,41.518847286,-76.01848349
42,82.5,1,0,42133,39.921827239,-76.72606781
42,58.2,2,0,42001,39.872000298,-77.22253692
42,63.9,2,0,42003,40.467287419,-79.98642291
42,63.6,2,0,42005,40.815030374,-79.47340362
42,67.6,2,0,42007,40.683427463,-80.35128703
42,82.5,2,0,42009,40.007293,-78.49142729
42,81.4,2,0,42011,40.419302964,-75.93112197
42,66.9,2,0,42013,40.485480028,-78.34934125
42,56.1,2,0,42015,41.791103191,-76.51858929
42,60.5,2,0,42017,40.33490641,-75.11329638
42,66,2,0,42019,40.910768462,-79.91734151
42,60.1,2,0,42021,40.491204848,-78.71919667
42,61.5,2,0,42023,41.43874015,-78.20943869
42,60.2,2,0,42025,40.919278104,-75.71143343
42,62.2,2,0,42027,40.919249264,-77.82528045
42,67.8,2,0,42029,39.974765343,-75.75660938
42,70.2,2,0,42031,41.192727984,-79.42506971
42,63.3,2,0,42033,41.000367087,-78.47584267
42,60.3,2,0,42035,41.23279675,-77.64312857
42,62.6,2,0,42037,41.049036041,-76.4103551
42,67.5,2,0,42039,41.685413823,-80.11342554
42,70.2,2,0,42041,40.16750946,-77.26895851
42,64.4,2,0,42043,40.419656919,-76.77991224
42,79.8,2,0,42045,39.916466986,-75.40663919
42,65.1,2,0,42047,41.428132714,-78.64973088
42,64.9,2,0,42049,41.994081022,-80.04097692
42,61.8,2,0,42051,39.919372946,-79.6521301
42,65.6,2,0,42053,41.513517003,-79.23804578
42,59,2,0,42055,39.92777178,-77.72427262
42,80.8,2,0,42057,39.924787587,-78.11512241
42,69.5,2,0,42059,39.854726694,-80.22965135
42,66.4,2,0,42061,40.416032238,-77.98304139
42,62.4,2,0,42063,40.65288818,-79.09357825
42,69.2,2,0,42065,41.13132722,-79.00126129
42,58.8,2,0,42067,40.534249722,-77.40606718
42,61.4,2,0,42069,41.439018866,-75.61255073
42,78.6,2,0,42071,40.045809039,-76.25171054
42,70.5,2,0,42073,40.993189232,-80.33775411
42,75.2,2,0,42075,40.367506261,-76.46214416
42,58.2,2,0,42077,40.614551613,-75.60136197
42,63.3,2,0,42079,41.178282344,-75.99234897
42,60.2,2,0,42081,41.344521509,-77.06973421
42,58.5,2,0,42083,41.810307761,-78.57147476
42,69.4,2,0,42085,41.302321268,-80.26030707
42,60,2,0,42087,40.612676665,-77.62031533
42,56.4,2,0,42089,41.060826748,-75.34120973
42,86.6,2,0,42091,40.209794436,-75.37289469
42,61.2,2,0,42093,41.027933098,-76.66502677
42,49.8,2,0,42095,40.754498522,-75.31301346
42,61,2,0,42097,40.851425479,-76.71219981
42,61,2,0,42099,40.404068446,-77.25937014
42,78.5,2,0,42101,40.004332352,-75.14061439
42,51.5,2,0,42103,41.332480371,-75.0330919
42,60.9,2,0,42105,41.744140063,-77.89907228
42,68.5,2,0,42107,40.707423349,-76.22366
42,58.1,2,0,42109,40.771055801,-77.07285966
42,59.3,2,0,42111,39.971384045,-79.03125311
42,60.8,2,0,42113,41.44802141,-76.51512371
42,58,2,0,42115,41.820489909,-75.80286585
42,71.4,2,0,42117,41.773266011,-77.25818395
42,58.4,2,0,42119,40.964651523,-77.06446543
42,69.3,2,0,42121,41.40335321,-79.76309093
42,63.4,2,0,42123,41.81669338,-79.27881577
42,68.1,2,0,42125,40.191025417,-80.2520184
42,58,2,0,42127,41.649611191,-75.30553231
42,60.8,2,0,42129,40.310244755,-79.47157997
42,61.7,2,0,42131,41.518847286,-76.01848349
42,81.3,2,0,42133,39.921827239,-76.72606781
42,57.7,1,5,42001,39.872000298,-77.22253692
42,63.1,1,5,42003,40.467287419,-79.98642291
42,66.4,1,5,42005,40.815030374,-79.47340362
42,67.1,1,5,42007,40.683427463,-80.35128703
42,66.6,1,5,42009,40.007293,-78.49142729
42,73.8,1,5,42011,40.419302964,-75.93112197
42,58.4,1,5,42013,40.485480028,-78.34934125
42,51.3,1,5,42015,41.791103191,-76.51858929
42,69.1,1,5,42017,40.33490641,-75.11329638
42,65.1,1,5,42019,40.910768462,-79.91734151
42,67.1,1,5,42021,40.491204848,-78.71919667
42,48.4,1,5,42023,41.43874015,-78.20943869
42,57.2,1,5,42025,40.919278104,-75.71143343
42,51.2,1,5,42027,40.919249264,-77.82528045
42,75.4,1,5,42029,39.974765343,-75.75660938
42,71.3,1,5,42031,41.192727984,-79.42506971
42,55.5,1,5,42033,41.000367087,-78.47584267
42,49.4,1,5,42035,41.23279675,-77.64312857
42,64.9,1,5,42037,41.049036041,-76.4103551
42,72.8,1,5,42039,41.685413823,-80.11342554
42,58.4,1,5,42041,40.16750946,-77.26895851
42,54.6,1,5,42043,40.419656919,-76.77991224
42,79.6,1,5,42045,39.916466986,-75.40663919
42,59.6,1,5,42047,41.428132714,-78.64973088
42,74.4,1,5,42049,41.994081022,-80.04097692
42,69.3,1,5,42051,39.919372946,-79.6521301
42,63,1,5,42053,41.513517003,-79.23804578
42,62,1,5,42055,39.92777178,-77.72427262
42,70.2,1,5,42057,39.924787587,-78.11512241
42,71.3,1,5,42059,39.854726694,-80.22965135
42,59.1,1,5,42061,40.416032238,-77.98304139
42,69.5,1,5,42063,40.65288818,-79.09357825
42,68.8,1,5,42065,41.13132722,-79.00126129
42,59.8,1,5,42067,40.534249722,-77.40606718
42,57,1,5,42069,41.439018866,-75.61255073
42,68.6,1,5,42071,40.045809039,-76.25171054
42,71.7,1,5,42073,40.993189232,-80.33775411
42,59.2,1,5,42075,40.367506261,-76.46214416
42,64.9,1,5,42077,40.614551613,-75.60136197
42,63,1,5,42079,41.178282344,-75.99234897
42,55.2,1,5,42081,41.344521509,-77.06973421
42,55.6,1,5,42083,41.810307761,-78.57147476
42,66.9,1,5,42085,41.302321268,-80.26030707
42,51.8,1,5,42087,40.612676665,-77.62031533
42,52.6,1,5,42089,41.060826748,-75.34120973
42,76.5,1,5,42091,40.209794436,-75.37289469
42,59.9,1,5,42093,41.027933098,-76.66502677
42,57.1,1,5,42095,40.754498522,-75.31301346
42,57.4,1,5,42097,40.851425479,-76.71219981
42,55.6,1,5,42099,40.404068446,-77.25937014
42,72.3,1,5,42101,40.004332352,-75.14061439
42,49.3,1,5,42103,41.332480371,-75.0330919
42,58.5,1,5,42105,41.744140063,-77.89907228
42,66,1,5,42107,40.707423349,-76.22366
42,57.1,1,5,42109,40.771055801,-77.07285966
42,69.4,1,5,42111,39.971384045,-79.03125311
42,63.3,1,5,42113,41.44802141,-76.51512371
42,52.2,1,5,42115,41.820489909,-75.80286585
42,64.8,1,5,42117,41.773266011,-77.25818395
42,52.8,1,5,42119,40.964651523,-77.06446543
42,68.8,1,5,42121,41.40335321,-79.76309093
42,67,1,5,42123,41.81669338,-79.27881577
42,68.1,1,5,42125,40.191025417,-80.2520184
42,54.9,1,5,42127,41.649611191,-75.30553231
42,68.4,1,5,42129,40.310244755,-79.47157997
42,59.3,1,5,42131,41.518847286,-76.01848349
42,80.3,1,5,42133,39.921827239,-76.72606781
42,58.1,2,5,42001,39.872000298,-77.22253692
42,60.6,2,5,42003,40.467287419,-79.98642291
42,61.6,2,5,42005,40.815030374,-79.47340362
42,68.3,2,5,42007,40.683427463,-80.35128703
42,77.4,2,5,42009,40.007293,-78.49142729
42,80.9,2,5,42011,40.419302964,-75.93112197
42,65.1,2,5,42013,40.485480028,-78.34934125
42,56.3,2,5,42015,41.791103191,-76.51858929
42,60.3,2,5,42017,40.33490641,-75.11329638
42,65,2,5,42019,40.910768462,-79.91734151
42,58.4,2,5,42021,40.491204848,-78.71919667
42,61.4,2,5,42023,41.43874015,-78.20943869
42,58.9,2,5,42025,40.919278104,-75.71143343
42,62.2,2,5,42027,40.919249264,-77.82528045
42,66.2,2,5,42029,39.974765343,-75.75660938
42,70.3,2,5,42031,41.192727984,-79.42506971
42,62.7,2,5,42033,41.000367087,-78.47584267
42,59.3,2,5,42035,41.23279675,-77.64312857
42,61.9,2,5,42037,41.049036041,-76.4103551
42,67.2,2,5,42039,41.685413823,-80.11342554
42,70.7,2,5,42041,40.16750946,-77.26895851
42,60.5,2,5,42043,40.419656919,-76.77991224
42,75.6,2,5,42045,39.916466986,-75.40663919
42,65.4,2,5,42047,41.428132714,-78.64973088
42,64.5,2,5,42049,41.994081022,-80.04097692
42,61.2,2,5,42051,39.919372946,-79.6521301
42,66.5,2,5,42053,41.513517003,-79.23804578
42,57.7,2,5,42055,39.92777178,-77.72427262
42,78.7,2,5,42057,39.924787587,-78.11512241
42,69.7,2,5,42059,39.854726694,-80.22965135
42,65.2,2,5,42061,40.416032238,-77.98304139
42,62.2,2,5,42063,40.65288818,-79.09357825
42,68.9,2,5,42065,41.13132722,-79.00126129
42,58.6,2,5,42067,40.534249722,-77.40606718
42,60.6,2,5,42069,41.439018866,-75.61255073
42,76.7,2,5,42071,40.045809039,-76.25171054
42,70,2,5,42073,40.993189232,-80.33775411
42,71.6,2,5,42075,40.367506261,-76.46214416
42,58.8,2,5,42077,40.614551613,-75.60136197
42,62.5,2,5,42079,41.178282344,-75.99234897
42,58.5,2,5,42081,41.344521509,-77.06973421
42,59.7,2,5,42083,41.810307761,-78.57147476
42,69.1,2,5,42085,41.302321268,-80.26030707
42,60.8,2,5,42087,40.612676665,-77.62031533
42,54.4,2,5,42089,41.060826748,-75.34120973
42,84.8,2,5,42091,40.209794436,-75.37289469
42,59.7,2,5,42093,41.027933098,-76.66502677
42,49.5,2,5,42095,40.754498522,-75.31301346
42,59.3,2,5,42097,40.851425479,-76.71219981
42,59.3,2,5,42099,40.404068446,-77.25937014
42,68.6,2,5,42101,40.004332352,-75.14061439
42,50.3,2,5,42103,41.332480371,-75.0330919
42,60.5,2,5,42105,41.744140063,-77.89907228
42,68.4,2,5,42107,40.707423349,-76.22366
42,58.6,2,5,42109,40.771055801,-77.07285966
42,57.7,2,5,42111,39.971384045,-79.03125311
42,59.8,2,5,42113,41.44802141,-76.51512371
42,57.9,2,5,42115,41.820489909,-75.80286585
42,72.1,2,5,42117,41.773266011,-77.25818395
42,57.8,2,5,42119,40.964651523,-77.06446543
42,69.5,2,5,42121,41.40335321,-79.76309093
42,63.6,2,5,42123,41.81669338,-79.27881577
42,68.4,2,5,42125,40.191025417,-80.2520184
42,57.2,2,5,42127,41.649611191,-75.30553231
42,57.9,2,5,42129,40.310244755,-79.47157997
42,61.1,2,5,42131,41.518847286,-76.01848349
42,79.9,2,5,42133,39.921827239,-76.72606781
42,141.1,1,3,42001,39.872000298,-77.22253692
42,112.8,1,3,42003,40.467287419,-79.98642291
42,108.4,1,3,42005,40.815030374,-79.47340362
42,118.8,1,3,42007,40.683427463,-80.35128703
42,147.3,1,3,42011,40.419302964,-75.93112197
42,102.3,1,3,42017,40.33490641,-75.11329638
42,111.3,1,3,42019,40.910768462,-79.91734151
42,65.3,1,3,42025,40.919278104,-75.71143343
42,16,1,3,42027,40.919249264,-77.82528045
42,111.3,1,3,42029,39.974765343,-75.75660938
42,100.5,1,3,42039,41.685413823,-80.11342554
42,76.2,1,3,42041,40.16750946,-77.26895851
42,71.3,1,3,42043,40.419656919,-76.77991224
42,111.3,1,3,42045,39.916466986,-75.40663919
42,79,1,3,42049,41.994081022,-80.04097692
42,88.9,1,3,42051,39.919372946,-79.6521301
42,169.6,1,3,42055,39.92777178,-77.72427262
42,70.8,1,3,42071,40.045809039,-76.25171054
42,116.5,1,3,42073,40.993189232,-80.33775411
42,103.6,1,3,42075,40.367506261,-76.46214416
42,92.5,1,3,42077,40.614551613,-75.60136197
42,50,1,3,42079,41.178282344,-75.99234897
42,105,1,3,42085,41.302321268,-80.26030707
42,80.4,1,3,42089,41.060826748,-75.34120973
42,111.4,1,3,42091,40.209794436,-75.37289469
42,78.8,1,3,42095,40.754498522,-75.31301346
42,57.9,1,3,42097,40.851425479,-76.71219981
42,76.2,1,3,42099,40.404068446,-77.25937014
42,110.2,1,3,42101,40.004332352,-75.14061439
42,75,1,3,42103,41.332480371,-75.0330919
42,38.4,1,3,42107,40.707423349,-76.22366
42,112.8,1,3,42125,40.191025417,-80.2520184
42,70.9,1,3,42127,41.649611191,-75.30553231
42,108.8,1,3,42129,40.310244755,-79.47157997
42,133.5,1,3,42133,39.921827239,-76.72606781
42,109.6,2,3,42001,39.872000298,-77.22253692
42,94.3,2,3,42003,40.467287419,-79.98642291
42,93,2,3,42005,40.815030374,-79.47340362
42,92.2,2,3,42007,40.683427463,-80.35128703
42,99.9,2,3,42011,40.419302964,-75.93112197
42,91.4,2,3,42017,40.33490641,-75.11329638
42,93.2,2,3,42019,40.910768462,-79.91734151
42,80.9,2,3,42025,40.919278104,-75.71143343
42,102.3,2,3,42029,39.974765343,-75.75660938
42,85.9,2,3,42039,41.685413823,-80.11342554
42,87.9,2,3,42041,40.16750946,-77.26895851
42,78,2,3,42043,40.419656919,-76.77991224
42,96.6,2,3,42045,39.916466986,-75.40663919
42,102.1,2,3,42049,41.994081022,-80.04097692
42,71.4,2,3,42055,39.92777178,-77.72427262
42,86.2,2,3,42069,41.439018866,-75.61255073
42,109.9,2,3,42071,40.045809039,-76.25171054
42,86.3,2,3,42073,40.993189232,-80.33775411
42,83.3,2,3,42075,40.367506261,-76.46214416
42,93,2,3,42077,40.614551613,-75.60136197
42,86.7,2,3,42079,41.178282344,-75.99234897
42,79.2,2,3,42085,41.302321268,-80.26030707
42,76.8,2,3,42089,41.060826748,-75.34120973
42,96.1,2,3,42091,40.209794436,-75.37289469
42,73.7,2,3,42095,40.754498522,-75.31301346
42,78.3,2,3,42097,40.851425479,-76.71219981
42,75.6,2,3,42099,40.404068446,-77.25937014
42,94.2,2,3,42101,40.004332352,-75.14061439
42,96.6,2,3,42103,41.332480371,-75.0330919
42,77.9,2,3,42107,40.707423349,-76.22366
42,149,2,3,42111,39.971384045,-79.03125311
42,93.3,2,3,42125,40.191025417,-80.2520184
42,77.2,2,3,42127,41.649611191,-75.30553231
42,88.1,2,3,42129,40.310244755,-79.47157997
42,109.4,2,3,42133,39.921827239,-76.72606781
42,17.2,1,4,42003,40.467287419,-79.98642291
42,70.9,1,4,42011,40.419302964,-75.93112197
42,59.3,1,4,42017,40.33490641,-75.11329638
42,77.1,1,4,42025,40.919278104,-75.71143343
42,79,1,4,42029,39.974765343,-75.75660938
42,75.4,1,4,42041,40.16750946,-77.26895851
42,74.1,1,4,42043,40.419656919,-76.77991224
42,102.1,1,4,42045,39.916466986,-75.40663919
42,15.7,1,4,42049,41.994081022,-80.04097692
42,43,1,4,42069,41.439018866,-75.61255073
42,72.9,1,4,42071,40.045809039,-76.25171054
42,87.5,1,4,42075,40.367506261,-76.46214416
42,52.1,1,4,42077,40.614551613,-75.60136197
42,54.8,1,4,42079,41.178282344,-75.99234897
42,27.8,1,4,42089,41.060826748,-75.34120973
42,56,1,4,42091,40.209794436,-75.37289469
42,49.4,1,4,42095,40.754498522,-75.31301346
42,79.5,1,4,42101,40.004332352,-75.14061439
42,98.4,1,4,42107,40.707423349,-76.22366
42,69.6,1,4,42133,39.921827239,-76.72606781
42,49.4,2,4,42003,40.467287419,-79.98642291
42,78.8,2,4,42011,40.419302964,-75.93112197
42,56,2,4,42017,40.33490641,-75.11329638
42,51.6,2,4,42025,40.919278104,-75.71143343
42,93.1,2,4,42029,39.974765343,-75.75660938
42,62.9,2,4,42041,40.16750946,-77.26895851
42,80.9,2,4,42043,40.419656919,-76.77991224
42,56.9,2,4,42045,39.916466986,-75.40663919
42,58.4,2,4,42049,41.994081022,-80.04097692
42,60.5,2,4,42069,41.439018866,-75.61255073
42,87,2,4,42071,40.045809039,-76.25171054
42,82.9,2,4,42075,40.367506261,-76.46214416
42,56.3,2,4,42077,40.614551613,-75.60136197
42,58.3,2,4,42079,41.178282344,-75.99234897
42,54.6,2,4,42089,41.060826748,-75.34120973
42,65.5,2,4,42091,40.209794436,-75.37289469
42,53.5,2,4,42095,40.754498522,-75.31301346
42,58,2,4,42101,40.004332352,-75.14061439
42,51.9,2,4,42103,41.332480371,-75.0330919
42,62.2,2,4,42107,40.707423349,-76.22366
42,65.8,2,4,42127,41.649611191,-75.30553231
42,74.3,2,4,42133,39.921827239,-76.72606781
42,78.4,1,2,42003,40.467287419,-79.98642291
42,53.5,1,2,42011,40.419302964,-75.93112197
42,45.5,1,2,42017,40.33490641,-75.11329638
42,57.1,1,2,42029,39.974765343,-75.75660938
42,27.2,1,2,42041,40.16750946,-77.26895851
42,49,1,2,42043,40.419656919,-76.77991224
42,52.4,1,2,42045,39.916466986,-75.40663919
42,60.7,1,2,42071,40.045809039,-76.25171054
42,47.1,1,2,42077,40.614551613,-75.60136197
42,49.6,1,2,42091,40.209794436,-75.37289469
42,47.7,1,2,42095,40.754498522,-75.31301346
42,50.5,1,2,42101,40.004332352,-75.14061439
42,55.2,1,2,42133,39.921827239,-76.72606781
42,53.3,2,2,42003,40.467287419,-79.98642291
42,76.8,2,2,42011,40.419302964,-75.93112197
42,58.8,2,2,42017,40.33490641,-75.11329638
42,70,2,2,42029,39.974765343,-75.75660938
42,56,2,2,42041,40.16750946,-77.26895851
42,164.8,2,2,42043,40.419656919,-76.77991224
42,57.1,2,2,42045,39.916466986,-75.40663919
42,101.3,2,2,42071,40.045809039,-76.25171054
42,138.2,2,2,42075,40.367506261,-76.46214416
42,71.1,2,2,42077,40.614551613,-75.60136197
42,60.1,2,2,42091,40.209794436,-75.37289469
42,62.2,2,2,42095,40.754498522,-75.31301346
42,52.1,2,2,42101,40.004332352,-75.14061439
42,114.3,2,2,42107,40.707423349,-76.22366
42,39.2,2,2,42133,39.921827239,-76.72606781
43,59.1,1,0,72001,18.179497597,-66.75100222
43,45.9,1,0,72003,18.35950819,-67.17542454
43,46,1,0,72005,18.453308158,-67.11976362
43,47.5,1,0,72007,18.253055578,-66.12404686
43,69.1,1,0,72009,18.128461076,-66.2638255
43,49.9,1,0,72011,18.286706267,-67.12124538
43,42.9,1,0,72013,18.407787778,-66.67875123
43,69,1,0,72015,17.996454136,-66.05707863
43,48.3,1,0,72017,18.445495882,-66.56287676
43,70.5,1,0,72019,18.200439573,-66.31024043
43,47.1,1,0,72021,18.348848418,-66.16968277
43,51.3,1,0,72023,18.044278723,-67.1530756
43,43.2,1,0,72025,18.214140711,-66.05087207
43,44.1,1,0,72027,18.416567033,-66.85921939
43,52.8,1,0,72029,18.33092317,-65.88745363
43,50.8,1,0,72031,18.371252328,-65.95663387
43,49,1,0,72033,18.441319135,-66.13821569
43,38.6,1,0,72035,18.104703307,-66.14993858
43,50.5,1,0,72037,18.253186293,-65.66609457
43,47.1,1,0,72039,18.289664658,-66.51973307
43,40.2,1,0,72041,18.174116217,-66.16211155
43,76.7,1,0,72043,18.095387705,-66.36007717
43,53.1,1,0,72045,18.224163306,-66.22178241
43,66.6,1,0,72047,18.305331691,-66.32798102
43,37,1,0,72049,18.315076492,-65.28948795
43,48.1,1,0,72051,18.433263771,-66.28095169
43,37.1,1,0,72053,18.320068335,-65.66742474
43,46.2,1,0,72054,18.374151344,-66.56413417
43,68.9,1,0,72055,17.983439827,-66.92383886
43,82,1,0,72057,18.005315256,-66.13621866
43,53.2,1,0,72059,18.039255524,-66.79239113
43,50.4,1,0,72061,18.345930179,-66.1153203
43,43.5,1,0,72063,18.264177843,-65.9748708
43,46.2,1,0,72065,18.40936235,-66.7962288
43,50.5,1,0,72067,18.134009734,-67.10881582
43,47.6,1,0,72069,18.144741448,-65.8051911
43,43.9,1,0,72071,18.447144271,-67.00528453
43,67.7,1,0,72073,18.215172493,-66.5880968
43,71,1,0,72075,18.049298007,-66.49735749
43,45.4,1,0,72077,18.222673969,-65.90761229
43,56.2,1,0,72079,18.01011887,-67.04055947
43,52,1,0,72081,18.267249305,-66.86195298
43,52.5,1,0,72083,18.23702558,-66.98444757
43,44.4,1,0,72085,18.186219504,-65.87002954
43,57.4,1,0,72087,18.421603668,-65.90214211
43,48.2,1,0,72089,18.341648086,-65.72250999
43,56.8,1,0,72091,18.420215999,-66.49287802
43,58.6,1,0,72093,18.172139995,-66.94285973
43,56.9,1,0,72095,18.016172694,-65.92450337
43,49.9,1,0,72097,18.205986955,-67.11236239
43,44.4,1,0,72099,18.373741137,-67.08053405
43,63.2,1,0,72101,18.31942291,-66.42045718
43,50.9,1,0,72103,18.229786816,-65.75098567
43,49.8,1,0,72105,18.289296918,-66.25199621
43,71.2,1,0,72107,18.215913835,-66.43582229
43,45.8,1,0,72109,18.037453244,-66.01792051
43,59.7,1,0,72111,18.06096589,-66.72175039
43,66.1,1,0,72113,18.060905503,-66.61606469
43,44.2,1,0,72115,18.441331289,-66.92651396
43,41.3,1,0,72117,18.336055019,-67.23055735
43,50.7,1,0,72119,18.345322468,-65.81098094
43,69.1,1,0,72121,18.083714289,-66.94198531
43,65.5,1,0,72123,18.009396999,-66.25640227
43,50.2,1,0,72125,18.10653201,-67.03950737
43,47.8,1,0,72127,18.390692298,-66.05856273
43,37.9,1,0,72129,18.146143378,-65.97634075
43,45.3,1,0,72131,18.3272607,-66.96827624
43,72.9,1,0,72133,17.994189663,-66.38648
43,49.6,1,0,72135,18.360585256,-66.25140021
43,49.4,1,0,72137,18.433065292,-66.21139201
43,48.4,1,0,72139,18.335250482,-66.00177624
43,56,1,0,72141,18.271768672,-66.70266834
43,59.2,1,0,72143,18.413082669,-66.33907449
43,61.6,1,0,72145,18.428571678,-66.40167908
43,37,1,0,72147,18.120278155,-65.44988957
43,77.1,1,0,72149,18.124550802,-66.47066052
43,48.4,1,0,72151,18.06907771,-65.89152245
43,62.7,1,0,72153,18.081204295,-66.85710154
43,45.9,2,0,72001,18.179497597,-66.75100222
43,37.8,2,0,72003,18.35950819,-67.17542454
43,49.9,2,0,72005,18.453308158,-67.11976362
43,38.3,2,0,72007,18.253055578,-66.12404686
43,37.7,2,0,72009,18.128461076,-66.2638255
43,34.9,2,0,72011,18.286706267,-67.12124538
43,36.8,2,0,72013,18.407787778,-66.67875123
43,58.1,2,0,72015,17.996454136,-66.05707863
43,42.2,2,0,72017,18.445495882,-66.56287676
43,40.5,2,0,72019,18.200439573,-66.31024043
43,39.9,2,0,72021,18.348848418,-66.16968277
43,37,2,0,72023,18.044278723,-67.1530756
43,35.7,2,0,72025,18.214140711,-66.05087207
43,32.6,2,0,72027,18.416567033,-66.85921939
43,37.4,2,0,72029,18.33092317,-65.88745363
43,37.6,2,0,72031,18.371252328,-65.95663387
43,41.8,2,0,72033,18.441319135,-66.13821569
43,38.4,2,0,72035,18.104703307,-66.14993858
43,36.6,2,0,72037,18.253186293,-65.66609457
43,43.2,2,0,72039,18.289664658,-66.51973307
43,33.3,2,0,72041,18.174116217,-66.16211155
43,41.9,2,0,72043,18.095387705,-66.36007717
43,40.8,2,0,72045,18.224163306,-66.22178241
43,47.6,2,0,72047,18.305331691,-66.32798102
43,43.4,2,0,72049,18.315076492,-65.28948795
43,40.5,2,0,72051,18.433263771,-66.28095169
43,43.8,2,0,72053,18.320068335,-65.66742474
43,41.9,2,0,72054,18.374151344,-66.56413417
43,44.4,2,0,72055,17.983439827,-66.92383886
43,50.4,2,0,72057,18.005315256,-66.13621866
43,44.8,2,0,72059,18.039255524,-66.79239113
43,39.6,2,0,72061,18.345930179,-66.1153203
43,34.9,2,0,72063,18.264177843,-65.9748708
43,33.8,2,0,72065,18.40936235,-66.7962288
43,38.6,2,0,72067,18.134009734,-67.10881582
43,31.2,2,0,72069,18.144741448,-65.8051911
43,28.6,2,0,72071,18.447144271,-67.00528453
43,45.5,2,0,72073,18.215172493,-66.5880968
43,47.3,2,0,72075,18.049298007,-66.49735749
43,37.7,2,0,72077,18.222673969,-65.90761229
43,36.1,2,0,72079,18.01011887,-67.04055947
43,37.9,2,0,72081,18.267249305,-66.86195298
43,36.4,2,0,72083,18.23702558,-66.98444757
43,34.1,2,0,72085,18.186219504,-65.87002954
43,37.8,2,0,72087,18.421603668,-65.90214211
43,38.2,2,0,72089,18.341648086,-65.72250999
43,54.1,2,0,72091,18.420215999,-66.49287802
43,41,2,0,72093,18.172139995,-66.94285973
43,24.9,2,0,72095,18.016172694,-65.92450337
43,37.7,2,0,72097,18.205986955,-67.11236239
43,34.1,2,0,72099,18.373741137,-67.08053405
43,55.9,2,0,72101,18.31942291,-66.42045718
43,32.7,2,0,72103,18.229786816,-65.75098567
43,42,2,0,72105,18.289296918,-66.25199621
43,44.3,2,0,72107,18.215913835,-66.43582229
43,37.4,2,0,72109,18.037453244,-66.01792051
43,49.3,2,0,72111,18.06096589,-66.72175039
43,47.7,2,0,72113,18.060905503,-66.61606469
43,29.3,2,0,72115,18.441331289,-66.92651396
43,30,2,0,72117,18.336055019,-67.23055735
43,36.3,2,0,72119,18.345322468,-65.81098094
43,42.7,2,0,72121,18.083714289,-66.94198531
43,44,2,0,72123,18.009396999,-66.25640227
43,39.2,2,0,72125,18.10653201,-67.03950737
43,35.9,2,0,72127,18.390692298,-66.05856273
43,32.8,2,0,72129,18.146143378,-65.97634075
43,30.8,2,0,72131,18.3272607,-66.96827624
43,43.6,2,0,72133,17.994189663,-66.38648
43,43.1,2,0,72135,18.360585256,-66.25140021
43,43,2,0,72137,18.433065292,-66.21139201
43,36.3,2,0,72139,18.335250482,-66.00177624
43,42.3,2,0,72141,18.271768672,-66.70266834
43,44.9,2,0,72143,18.413082669,-66.33907449
43,52.6,2,0,72145,18.428571678,-66.40167908
43,43.4,2,0,72147,18.120278155,-65.44988957
43,43.6,2,0,72149,18.124550802,-66.47066052
43,33.8,2,0,72151,18.06907771,-65.89152245
43,45.3,2,0,72153,18.081204295,-66.85710154
44,62.3,1,0,44001,41.727059796,-71.29648681
44,62.6,1,0,44003,41.670807046,-71.59415587
44,53.7,1,0,44005,41.566113851,-71.16548802
44,65.1,1,0,44007,41.867080612,-71.57837161
44,58.4,1,0,44009,41.479630751,-71.63121678
44,46.4,2,0,44001,41.727059796,-71.29648681
44,50.5,2,0,44003,41.670807046,-71.59415587
44,44.4,2,0,44005,41.566113851,-71.16548802
44,48.6,2,0,44007,41.867080612,-71.57837161
44,53.7,2,0,44009,41.479630751,-71.63121678
44,64.2,1,5,44001,41.727059796,-71.29648681
44,62.5,1,5,44003,41.670807046,-71.59415587
44,53.2,1,5,44005,41.566113851,-71.16548802
44,68.7,1,5,44007,41.867080612,-71.57837161
44,57.4,1,5,44009,41.479630751,-71.63121678
44,46.3,2,5,44001,41.727059796,-71.29648681
44,51.2,2,5,44003,41.670807046,-71.59415587
44,44.1,2,5,44005,41.566113851,-71.16548802
44,48.8,2,5,44007,41.867080612,-71.57837161
44,54.7,2,5,44009,41.479630751,-71.63121678
44,76.5,1,3,44001,41.727059796,-71.29648681
44,73.8,1,3,44003,41.670807046,-71.59415587
44,83.8,1,3,44007,41.867080612,-71.57837161
44,60.3,2,3,44001,41.727059796,-71.29648681
44,59.3,2,3,44003,41.670807046,-71.59415587
44,59.7,2,3,44007,41.867080612,-71.57837161
44,38.8,1,4,44001,41.727059796,-71.29648681
44,39.5,1,4,44003,41.670807046,-71.59415587
44,36.6,1,4,44007,41.867080612,-71.57837161
44,35.3,2,4,44001,41.727059796,-71.29648681
44,37.5,2,4,44003,41.670807046,-71.59415587
44,37,2,4,44007,41.867080612,-71.57837161
44,43.5,1,2,44007,41.867080612,-71.57837161
44,46.7,2,2,44007,41.867080612,-71.57837161
45,78,1,0,45001,34.220588859,-82.45762898
45,87,1,0,45003,33.543859272,-81.63429653
45,125.5,1,0,45005,32.983437467,-81.35243946
45,76.6,1,0,45007,34.514489593,-82.63831392
45,113.2,1,0,45009,33.214161699,-81.04992558
45,100.2,1,0,45011,33.263520088,-81.4291466
45,49.2,1,0,45013,32.390024278,-80.73196956
45,82.5,1,0,45015,33.202826362,-79.94713797
45,83.8,1,0,45017,33.669804241,-80.76809499
45,86.6,1,0,45019,32.695155825,-80.16711064
45,98.6,1,0,45021,35.047083404,-81.6170656
45,100,1,0,45023,34.686443462,-81.15973709
45,122.1,1,0,45025,34.639894714,-80.15919892
45,93.5,1,0,45027,33.668787409,-80.21397987
45,126.7,1,0,45029,32.871219711,-80.66976318
45,174.3,1,0,45031,34.332886134,-79.95930806
45,142.5,1,0,45033,34.389147873,-79.37725056
45,92.1,1,0,45035,33.083318136,-80.40633154
45,68.7,1,0,45037,33.772728667,-81.96663239
45,83.6,1,0,45039,34.389812665,-81.11599446
45,183.3,1,0,45041,34.023773224,-79.70412743
45,92.3,1,0,45043,33.443553104,-79.33517558
45,77.3,1,0,45045,34.890220999,-82.36931006
45,71.5,1,0,45047,34.151023786,-82.12279446
45,97.6,1,0,45049,32.775255714,-81.13728364
45,87,1,0,45051,33.922290702,-78.9966639
45,78.6,1,0,45053,32.437836742,-81.02983469
45,87.9,1,0,45055,34.337893987,-80.58868988
45,79.1,1,0,45057,34.686448798,-80.70455835
45,122,1,0,45059,34.477679001,-81.99891141
45,150.3,1,0,45061,34.16242898,-80.25185105
45,78.9,1,0,45063,33.899577293,-81.26664417
45,61.7,1,0,45065,33.895440734,-82.30730091
45,114,1,0,45067,34.077904254,-79.36264816
45,119.1,1,0,45069,34.601481159,-79.6775027
45,77.7,1,0,45071,34.284102432,-81.59384111
45,79.8,1,0,45073,34.751955269,-83.06353718
45,95.4,1,0,45075,33.438622296,-80.79758745
45,75.9,1,0,45077,34.88303059,-82.72382165
45,77.2,1,0,45079,34.016852762,-80.89788422
45,76.8,1,0,45081,34.002591349,-81.72316579
45,101.7,1,0,45083,34.928929915,-81.98483877
45,108.1,1,0,45085,33.918677157,-80.38045835
45,109,1,0,45087,34.684143734,-81.61654429
45,135.5,1,0,45089,33.619849885,-79.72353563
45,99,1,0,45091,34.971785629,-81.18584956
45,75.3,2,0,45001,34.220588859,-82.45762898
45,76.1,2,0,45003,33.543859272,-81.63429653
45,86.9,2,0,45005,32.983437467,-81.35243946
45,76.9,2,0,45007,34.514489593,-82.63831392
45,89,2,0,45009,33.214161699,-81.04992558
45,76.4,2,0,45011,33.263520088,-81.4291466
45,53.3,2,0,45013,32.390024278,-80.73196956
45,80.2,2,0,45015,33.202826362,-79.94713797
45,66.7,2,0,45017,33.669804241,-80.76809499
45,74,2,0,45019,32.695155825,-80.16711064
45,84.8,2,0,45021,35.047083404,-81.6170656
45,79.6,2,0,45023,34.686443462,-81.15973709
45,96.9,2,0,45025,34.639894714,-80.15919892
45,121.9,2,0,45027,33.668787409,-80.21397987
45,79.5,2,0,45029,32.871219711,-80.66976318
45,155.1,2,0,45031,34.332886134,-79.95930806
45,124.3,2,0,45033,34.389147873,-79.37725056
45,82.5,2,0,45035,33.083318136,-80.40633154
45,75.9,2,0,45037,33.772728667,-81.96663239
45,61.6,2,0,45039,34.389812665,-81.11599446
45,146.5,2,0,45041,34.023773224,-79.70412743
45,91.1,2,0,45043,33.443553104,-79.33517558
45,75.9,2,0,45045,34.890220999,-82.36931006
45,80.3,2,0,45047,34.151023786,-82.12279446
45,71.5,2,0,45049,32.775255714,-81.13728364
45,93.7,2,0,45051,33.922290702,-78.9966639
45,68.3,2,0,45053,32.437836742,-81.02983469
45,70.7,2,0,45055,34.337893987,-80.58868988
45,67.5,2,0,45057,34.686448798,-80.70455835
45,77.9,2,0,45059,34.477679001,-81.99891141
45,123.9,2,0,45061,34.16242898,-80.25185105
45,69.5,2,0,45063,33.899577293,-81.26664417
45,75.5,2,0,45065,33.895440734,-82.30730091
45,124.6,2,0,45067,34.077904254,-79.36264816
45,110.7,2,0,45069,34.601481159,-79.6775027
45,70,2,0,45071,34.284102432,-81.59384111
45,81.4,2,0,45073,34.751955269,-83.06353718
45,81.6,2,0,45075,33.438622296,-80.79758745
45,76.4,2,0,45077,34.88303059,-82.72382165
45,60.4,2,0,45079,34.016852762,-80.89788422
45,73.4,2,0,45081,34.002591349,-81.72316579
45,82.6,2,0,45083,34.928929915,-81.98483877
45,90.7,2,0,45085,33.918677157,-80.38045835
45,82.5,2,0,45087,34.684143734,-81.61654429
45,116.1,2,0,45089,33.619849885,-79.72353563
45,77.6,2,0,45091,34.971785629,-81.18584956
45,73.6,1,5,45001,34.220588859,-82.45762898
45,75.4,1,5,45003,33.543859272,-81.63429653
45,94.8,1,5,45005,32.983437467,-81.35243946
45,74.1,1,5,45007,34.514489593,-82.63831392
45,84.1,1,5,45009,33.214161699,-81.04992558
45,75.8,1,5,45011,33.263520088,-81.4291466
45,42.6,1,5,45013,32.390024278,-80.73196956
45,70.8,1,5,45015,33.202826362,-79.94713797
45,68.2,1,5,45017,33.669804241,-80.76809499
45,66.1,1,5,45019,32.695155825,-80.16711064
45,95.5,1,5,45021,35.047083404,-81.6170656
45,92,1,5,45023,34.686443462,-81.15973709
45,121.4,1,5,45025,34.639894714,-80.15919892
45,68.9,1,5,45027,33.668787409,-80.21397987
45,92.4,1,5,45029,32.871219711,-80.66976318
45,168.1,1,5,45031,34.332886134,-79.95930806
45,123.1,1,5,45033,34.389147873,-79.37725056
45,73.1,1,5,45035,33.083318136,-80.40633154
45,63,1,5,45037,33.772728667,-81.96663239
45,66.6,1,5,45039,34.389812665,-81.11599446
45,172.1,1,5,45041,34.023773224,-79.70412743
45,77.6,1,5,45043,33.443553104,-79.33517558
45,75,1,5,45045,34.890220999,-82.36931006
45,64.9,1,5,45047,34.151023786,-82.12279446
45,62.3,1,5,45049,32.775255714,-81.13728364
45,81,1,5,45051,33.922290702,-78.9966639
45,74.4,1,5,45053,32.437836742,-81.02983469
45,74.3,1,5,45055,34.337893987,-80.58868988
45,73.2,1,5,45057,34.686448798,-80.70455835
45,99.3,1,5,45059,34.477679001,-81.99891141
45,161.4,1,5,45061,34.16242898,-80.25185105
45,69.7,1,5,45063,33.899577293,-81.26664417
45,57,1,5,45065,33.895440734,-82.30730091
45,97.7,1,5,45067,34.077904254,-79.36264816
45,117,1,5,45069,34.601481159,-79.6775027
45,72.4,1,5,45071,34.284102432,-81.59384111
45,75.1,1,5,45073,34.751955269,-83.06353718
45,75.7,1,5,45075,33.438622296,-80.79758745
45,72.9,1,5,45077,34.88303059,-82.72382165
45,59.1,1,5,45079,34.016852762,-80.89788422
45,71.7,1,5,45081,34.002591349,-81.72316579
45,92.9,1,5,45083,34.928929915,-81.98483877
45,108.3,1,5,45085,33.918677157,-80.38045835
45,98.3,1,5,45087,34.684143734,-81.61654429
45,133.4,1,5,45089,33.619849885,-79.72353563
45,95.8,1,5,45091,34.971785629,-81.18584956
45,71.8,2,5,45001,34.220588859,-82.45762898
45,73.4,2,5,45003,33.543859272,-81.63429653
45,84.9,2,5,45005,32.983437467,-81.35243946
45,74.5,2,5,45007,34.514489593,-82.63831392
45,90,2,5,45009,33.214161699,-81.04992558
45,74,2,5,45011,33.263520088,-81.4291466
45,43.3,2,5,45013,32.390024278,-80.73196956
45,73.4,2,5,45015,33.202826362,-79.94713797
45,68.3,2,5,45017,33.669804241,-80.76809499
45,65.7,2,5,45019,32.695155825,-80.16711064
45,76.2,2,5,45021,35.047083404,-81.6170656
45,71.6,2,5,45023,34.686443462,-81.15973709
45,96.6,2,5,45025,34.639894714,-80.15919892
45,119.7,2,5,45027,33.668787409,-80.21397987
45,75.7,2,5,45029,32.871219711,-80.66976318
45,148,2,5,45031,34.332886134,-79.95930806
45,101.9,2,5,45033,34.389147873,-79.37725056
45,79.3,2,5,45035,33.083318136,-80.40633154
45,73.1,2,5,45037,33.772728667,-81.96663239
45,59.7,2,5,45039,34.389812665,-81.11599446
45,136.7,2,5,45041,34.023773224,-79.70412743
45,87.2,2,5,45043,33.443553104,-79.33517558
45,73.1,2,5,45045,34.890220999,-82.36931006
45,76.9,2,5,45047,34.151023786,-82.12279446
45,65.4,2,5,45049,32.775255714,-81.13728364
45,87.7,2,5,45051,33.922290702,-78.9966639
45,59.1,2,5,45053,32.437836742,-81.02983469
45,61.1,2,5,45055,34.337893987,-80.58868988
45,64,2,5,45057,34.686448798,-80.70455835
45,73.8,2,5,45059,34.477679001,-81.99891141
45,107.3,2,5,45061,34.16242898,-80.25185105
45,70.4,2,5,45063,33.899577293,-81.26664417
45,75.9,2,5,45065,33.895440734,-82.30730091
45,102.9,2,5,45067,34.077904254,-79.36264816
45,115.8,2,5,45069,34.601481159,-79.6775027
45,68.3,2,5,45071,34.284102432,-81.59384111
45,81.4,2,5,45073,34.751955269,-83.06353718
45,83.5,2,5,45075,33.438622296,-80.79758745
45,73.8,2,5,45077,34.88303059,-82.72382165
45,61.9,2,5,45079,34.016852762,-80.89788422
45,70.5,2,5,45081,34.002591349,-81.72316579
45,78,2,5,45083,34.928929915,-81.98483877
45,87.9,2,5,45085,33.918677157,-80.38045835
45,76.7,2,5,45087,34.684143734,-81.61654429
45,94.6,2,5,45089,33.619849885,-79.72353563
45,71.4,2,5,45091,34.971785629,-81.18584956
45,112.6,1,3,45001,34.220588859,-82.45762898
45,144.3,1,3,45003,33.543859272,-81.63429653
45,186.3,1,3,45005,32.983437467,-81.35243946
45,110.1,1,3,45007,34.514489593,-82.63831392
45,160,1,3,45009,33.214161699,-81.04992558
45,155.2,1,3,45011,33.263520088,-81.4291466
45,103.8,1,3,45013,32.390024278,-80.73196956
45,145.6,1,3,45015,33.202826362,-79.94713797
45,113.5,1,3,45017,33.669804241,-80.76809499
45,155.5,1,3,45019,32.695155825,-80.16711064
45,149.2,1,3,45021,35.047083404,-81.6170656
45,129.7,1,3,45023,34.686443462,-81.15973709
45,150.9,1,3,45025,34.639894714,-80.15919892
45,146.9,1,3,45027,33.668787409,-80.21397987
45,156.3,1,3,45029,32.871219711,-80.66976318
45,180.3,1,3,45031,34.332886134,-79.95930806
45,161.8,1,3,45033,34.389147873,-79.37725056
45,154.7,1,3,45035,33.083318136,-80.40633154
45,112,1,3,45037,33.772728667,-81.96663239
45,114.9,1,3,45039,34.389812665,-81.11599446
45,194.5,1,3,45041,34.023773224,-79.70412743
45,143.7,1,3,45043,33.443553104,-79.33517558
45,105,1,3,45045,34.890220999,-82.36931006
45,106.6,1,3,45047,34.151023786,-82.12279446
45,146.5,1,3,45049,32.775255714,-81.13728364
45,139.9,1,3,45051,33.922290702,-78.9966639
45,107.7,1,3,45053,32.437836742,-81.02983469
45,126.4,1,3,45055,34.337893987,-80.58868988
45,105.9,1,3,45057,34.686448798,-80.70455835
45,174.8,1,3,45059,34.477679001,-81.99891141
45,145.9,1,3,45061,34.16242898,-80.25185105
45,104.1,1,3,45063,33.899577293,-81.26664417
45,93.6,1,3,45065,33.895440734,-82.30730091
45,165.6,1,3,45067,34.077904254,-79.36264816
45,162.7,1,3,45069,34.601481159,-79.6775027
45,105.6,1,3,45071,34.284102432,-81.59384111
45,230.7,1,3,45073,34.751955269,-83.06353718
45,135.4,1,3,45075,33.438622296,-80.79758745
45,90,1,3,45077,34.88303059,-82.72382165
45,108.8,1,3,45079,34.016852762,-80.89788422
45,103.9,1,3,45081,34.002591349,-81.72316579
45,166.1,1,3,45083,34.928929915,-81.98483877
45,111.4,1,3,45085,33.918677157,-80.38045835
45,151.7,1,3,45087,34.684143734,-81.61654429
45,143.4,1,3,45089,33.619849885,-79.72353563
45,114.9,1,3,45091,34.971785629,-81.18584956
45,91.4,2,3,45001,34.220588859,-82.45762898
45,84,2,3,45003,33.543859272,-81.63429653
45,92.4,2,3,45005,32.983437467,-81.35243946
45,91,2,3,45007,34.514489593,-82.63831392
45,88,2,3,45009,33.214161699,-81.04992558
45,82.3,2,3,45011,33.263520088,-81.4291466
45,100.2,2,3,45013,32.390024278,-80.73196956
45,104,2,3,45015,33.202826362,-79.94713797
45,71,2,3,45017,33.669804241,-80.76809499
45,101.7,2,3,45019,32.695155825,-80.16711064
45,119.4,2,3,45021,35.047083404,-81.6170656
45,99.1,2,3,45023,34.686443462,-81.15973709
45,107.8,2,3,45025,34.639894714,-80.15919892
45,122.7,2,3,45027,33.668787409,-80.21397987
45,93.7,2,3,45029,32.871219711,-80.66976318
45,146,2,3,45031,34.332886134,-79.95930806
45,153.6,2,3,45033,34.389147873,-79.37725056
45,98.6,2,3,45035,33.083318136,-80.40633154
45,84,2,3,45037,33.772728667,-81.96663239
45,68.6,2,3,45039,34.389812665,-81.11599446
45,150.9,2,3,45041,34.023773224,-79.70412743
45,108,2,3,45043,33.443553104,-79.33517558
45,95.5,2,3,45045,34.890220999,-82.36931006
45,89.7,2,3,45047,34.151023786,-82.12279446
45,93.5,2,3,45049,32.775255714,-81.13728364
45,132.9,2,3,45051,33.922290702,-78.9966639
45,104.9,2,3,45053,32.437836742,-81.02983469
45,91.9,2,3,45055,34.337893987,-80.58868988
45,87.4,2,3,45057,34.686448798,-80.70455835
45,96.3,2,3,45059,34.477679001,-81.99891141
45,136.1,2,3,45061,34.16242898,-80.25185105
45,70.6,2,3,45063,33.899577293,-81.26664417
45,79.3,2,3,45065,33.895440734,-82.30730091
45,146.3,2,3,45067,34.077904254,-79.36264816
45,129.6,2,3,45069,34.601481159,-79.6775027
45,72,2,3,45071,34.284102432,-81.59384111
45,90.5,2,3,45073,34.751955269,-83.06353718
45,87.6,2,3,45075,33.438622296,-80.79758745
45,90.3,2,3,45077,34.88303059,-82.72382165
45,70.2,2,3,45079,34.016852762,-80.89788422
45,88.9,2,3,45081,34.002591349,-81.72316579
45,103,2,3,45083,34.928929915,-81.98483877
45,91.6,2,3,45085,33.918677157,-80.38045835
45,110.5,2,3,45087,34.684143734,-81.61654429
45,134.7,2,3,45089,33.619849885,-79.72353563
45,108,2,3,45091,34.971785629,-81.18584956
45,26.6,1,4,45003,33.543859272,-81.63429653
45,10.5,1,4,45013,32.390024278,-80.73196956
45,7.6,1,4,45015,33.202826362,-79.94713797
45,16.6,1,4,45019,32.695155825,-80.16711064
45,59.5,1,4,45035,33.083318136,-80.40633154
45,49,1,4,45045,34.890220999,-82.36931006
45,86.3,1,4,45051,33.922290702,-78.9966639
45,82,1,4,45057,34.686448798,-80.70455835
45,73.7,1,4,45063,33.899577293,-81.26664417
45,46.7,1,4,45079,34.016852762,-80.89788422
45,43.3,1,4,45083,34.928929915,-81.98483877
45,69.6,1,4,45091,34.971785629,-81.18584956
45,37.9,2,4,45003,33.543859272,-81.63429653
45,0,2,4,45013,32.390024278,-80.73196956
45,63.6,2,4,45015,33.202826362,-79.94713797
45,62.6,2,4,45019,32.695155825,-80.16711064
45,66.5,2,4,45035,33.083318136,-80.40633154
45,62.3,2,4,45045,34.890220999,-82.36931006
45,59.4,2,4,45051,33.922290702,-78.9966639
45,41.6,2,4,45063,33.899577293,-81.26664417
45,40.5,2,4,45079,34.016852762,-80.89788422
45,59.6,2,4,45083,34.928929915,-81.98483877
45,30.4,2,4,45091,34.971785629,-81.18584956
45,109.9,1,2,45019,32.695155825,-80.16711064
45,26,1,2,45045,34.890220999,-82.36931006
45,81.5,1,2,45057,34.686448798,-80.70455835
45,93.3,1,2,45079,34.016852762,-80.89788422
45,27.2,1,2,45083,34.928929915,-81.98483877
45,85.3,1,2,45091,34.971785629,-81.18584956
45,58.5,2,2,45015,33.202826362,-79.94713797
45,42.6,2,2,45019,32.695155825,-80.16711064
45,50,2,2,45045,34.890220999,-82.36931006
45,116.8,2,2,45051,33.922290702,-78.9966639
45,31.7,2,2,45063,33.899577293,-81.26664417
45,50.6,2,2,45079,34.016852762,-80.89788422
45,56.8,2,2,45083,34.928929915,-81.98483877
45,49.5,2,2,45091,34.971785629,-81.18584956
45,114.2,1,1,45033,34.389147873,-79.37725056
45,108,1,1,45051,33.922290702,-78.9966639
45,108.4,1,1,45069,34.601481159,-79.6775027
45,84.5,2,1,45033,34.389147873,-79.37725056
45,85.3,2,1,45051,33.922290702,-78.9966639
45,73.8,2,1,45069,34.601481159,-79.6775027
46,71.2,1,0,46003,43.715689169,-98.56579867
46,68.8,1,0,46005,44.41415979,-98.28106923
46,71.3,1,0,46009,42.991584161,-97.88952248
46,57.5,1,0,46011,44.368310278,-96.79546788
46,79.8,1,0,46013,45.591128903,-98.35497099
46,61.2,1,0,46019,44.906297282,-103.5124529
46,83.7,1,0,46023,43.21020834,-98.59102467
46,76.1,1,0,46025,44.859332599,-97.73487515
46,62.2,1,0,46027,42.915677655,-96.98015975
46,80.1,1,0,46029,44.978363285,-97.19250326
46,46.5,1,0,46031,45.709006968,-101.2005122
46,53.3,1,0,46033,43.676300618,-103.4557082
46,88.1,1,0,46035,43.6706072,-98.14825414
46,82.5,1,0,46037,45.369819903,-97.60988641
46,65.2,1,0,46039,44.755986115,-96.67133399
46,89.5,1,0,46043,43.386985442,-98.37009872
46,72.1,1,0,46045,45.423695157,-99.21867977
46,49.6,1,0,46047,43.238893714,-103.5306089
46,81.7,1,0,46049,45.07147274,-99.14957973
46,76.9,1,0,46051,45.17229197,-96.77008708
46,71.9,1,0,46053,43.190051499,-99.1794482
46,48.5,1,0,46055,44.296348949,-101.5424147
46,59.4,1,0,46057,44.670960785,-97.19434569
46,84.9,1,0,46059,44.548561207,-99.00612211
46,88.9,1,0,46061,43.670597143,-97.78858436
46,79.5,1,0,46063,45.578243374,-103.5006571
46,70.3,1,0,46065,44.392716992,-99.99892134
46,74,1,0,46067,43.334505923,-97.7569128
46,79.6,1,0,46069,44.548317789,-99.48843909
46,48.3,1,0,46071,43.696048879,-101.633118
46,66.4,1,0,46073,44.065198909,-98.6344674
46,58.6,1,0,46077,44.368232562,-97.49434789
46,70.5,1,0,46079,44.0193341,-97.13283888
46,57,1,0,46081,44.362692361,-103.7939571
46,66.9,1,0,46083,43.280381282,-96.72283501
46,84.2,1,0,46085,43.901093042,-99.85134935
46,72,1,0,46087,43.670681371,-97.3700607
46,70.4,1,0,46089,45.768928866,-99.22640908
46,81.5,1,0,46091,45.758084946,-97.59922198
46,57.4,1,0,46093,44.571901981,-102.7178049
46,66.3,1,0,46097,44.019655463,-97.61485765
46,71.7,1,0,46099,43.673629124,-96.79231271
46,74.1,1,0,46101,44.021719967,-96.67431036
46,52.4,1,0,46102,43.331919669,-102.5557629
46,51.2,1,0,46103,44.006060961,-102.8311343
46,69.7,1,0,46105,45.490735831,-102.479568
46,88.9,1,0,46107,45.067475713,-99.96113961
46,86.2,1,0,46109,45.633960961,-96.95137959
46,79.3,1,0,46111,44.020706148,-98.09634671
46,82.4,1,0,46115,44.940796716,-98.35065033
46,46,1,0,46117,44.416342126,-100.7396705
46,61.2,1,0,46119,44.716783462,-100.1356997
46,83.4,1,0,46123,43.344281579,-99.88539671
46,69.2,1,0,46125,43.31228814,-97.14773144
46,68.1,1,0,46127,42.835556608,-96.65939821
46,73.9,1,0,46135,43.010417822,-97.39607749
46,64.6,1,0,46137,44.984460287,-101.6674165
46,66.8,2,0,46003,43.715689169,-98.56579867
46,65.5,2,0,46005,44.41415979,-98.28106923
46,52.6,2,0,46007,43.192699274,-101.6683913
46,49.2,2,0,46009,42.991584161,-97.88952248
46,83.3,2,0,46011,44.368310278,-96.79546788
46,58.2,2,0,46013,45.591128903,-98.35497099
46,74.4,2,0,46015,43.717234551,-99.08370383
46,87.9,2,0,46017,44.077103984,-99.20771681
46,50.1,2,0,46019,44.906297282,-103.5124529
46,98.9,2,0,46021,45.773965332,-100.0554171
46,50.9,2,0,46023,43.21020834,-98.59102467
46,53.1,2,0,46025,44.859332599,-97.73487515
46,40.3,2,0,46027,42.915677655,-96.98015975
46,46.3,2,0,46029,44.978363285,-97.19250326
46,64.8,2,0,46031,45.709006968,-101.2005122
46,72.1,2,0,46033,43.676300618,-103.4557082
46,74.8,2,0,46035,43.6706072,-98.14825414
46,56.1,2,0,46037,45.369819903,-97.60988641
46,54.6,2,0,46039,44.755986115,-96.67133399
46,65.5,2,0,46043,43.386985442,-98.37009872
46,60.8,2,0,46045,45.423695157,-99.21867977
46,75.8,2,0,46047,43.238893714,-103.5306089
46,58,2,0,46049,45.07147274,-99.14957973
46,62.3,2,0,46051,45.17229197,-96.77008708
46,68.2,2,0,46053,43.190051499,-99.1794482
46,54.9,2,0,46055,44.296348949,-101.5424147
46,63,2,0,46057,44.670960785,-97.19434569
46,69.5,2,0,46059,44.548561207,-99.00612211
46,81.5,2,0,46061,43.670597143,-97.78858436
46,60.1,2,0,46063,45.578243374,-103.5006571
46,65,2,0,46065,44.392716992,-99.99892134
46,64.8,2,0,46067,43.334505923,-97.7569128
46,64.8,2,0,46069,44.548317789,-99.48843909
46,58.9,2,0,46071,43.696048879,-101.633118
46,63.9,2,0,46073,44.065198909,-98.6344674
46,80.5,2,0,46077,44.368232562,-97.49434789
46,76.5,2,0,46079,44.0193341,-97.13283888
46,57.4,2,0,46081,44.362692361,-103.7939571
46,33.4,2,0,46083,43.280381282,-96.72283501
46,72.8,2,0,46085,43.901093042,-99.85134935
46,69.3,2,0,46087,43.670681371,-97.3700607
46,60,2,0,46089,45.768928866,-99.22640908
46,56.9,2,0,46091,45.758084946,-97.59922198
46,56.2,2,0,46093,44.571901981,-102.7178049
46,76.7,2,0,46095,43.584894506,-100.762219
46,76.2,2,0,46097,44.019655463,-97.61485765
46,63.9,2,0,46099,43.673629124,-96.79231271
46,71.9,2,0,46101,44.021719967,-96.67431036
46,49.6,2,0,46102,43.331919669,-102.5557629
46,57.9,2,0,46103,44.006060961,-102.8311343
46,39.2,2,0,46105,45.490735831,-102.479568
46,69.4,2,0,46109,45.633960961,-96.95137959
46,71.4,2,0,46111,44.020706148,-98.09634671
46,62.8,2,0,46115,44.940796716,-98.35065033
46,53.5,2,0,46117,44.416342126,-100.7396705
46,53.9,2,0,46121,43.190838768,-100.7227112
46,65.7,2,0,46123,43.344281579,-99.88539671
46,59.1,2,0,46125,43.31228814,-97.14773144
46,47.5,2,0,46127,42.835556608,-96.65939821
46,56.6,2,0,46129,45.435409533,-100.0365126
46,57.9,2,0,46135,43.010417822,-97.39607749
46,52.3,2,0,46137,44.984460287,-101.6674165
46,71.5,1,5,46003,43.715689169,-98.56579867
46,64.9,1,5,46005,44.41415979,-98.28106923
46,71.8,1,5,46009,42.991584161,-97.88952248
46,62.5,1,5,46011,44.368310278,-96.79546788
46,80.6,1,5,46013,45.591128903,-98.35497099
46,58.3,1,5,46019,44.906297282,-103.5124529
46,82.1,1,5,46023,43.21020834,-98.59102467
46,74.5,1,5,46025,44.859332599,-97.73487515
46,62.3,1,5,46027,42.915677655,-96.98015975
46,81.8,1,5,46029,44.978363285,-97.19250326
46,57.2,1,5,46033,43.676300618,-103.4557082
46,84.7,1,5,46035,43.6706072,-98.14825414
46,84.6,1,5,46037,45.369819903,-97.60988641
46,64.9,1,5,46039,44.755986115,-96.67133399
46,90.3,1,5,46043,43.386985442,-98.37009872
46,73.8,1,5,46045,45.423695157,-99.21867977
46,69.5,1,5,46047,43.238893714,-103.5306089
46,83.4,1,5,46049,45.07147274,-99.14957973
46,77.9,1,5,46051,45.17229197,-96.77008708
46,68.3,1,5,46053,43.190051499,-99.1794482
46,52.4,1,5,46055,44.296348949,-101.5424147
46,60.7,1,5,46057,44.670960785,-97.19434569
46,83.4,1,5,46059,44.548561207,-99.00612211
46,86.9,1,5,46061,43.670597143,-97.78858436
46,78.2,1,5,46063,45.578243374,-103.5006571
46,62.6,1,5,46065,44.392716992,-99.99892134
46,72.7,1,5,46067,43.334505923,-97.7569128
46,73,1,5,46069,44.548317789,-99.48843909
46,54.5,1,5,46071,43.696048879,-101.633118
46,63.1,1,5,46073,44.065198909,-98.6344674
46,56.7,1,5,46077,44.368232562,-97.49434789
46,66.3,1,5,46079,44.0193341,-97.13283888
46,56,1,5,46081,44.362692361,-103.7939571
46,64.5,1,5,46083,43.280381282,-96.72283501
46,63.8,1,5,46085,43.901093042,-99.85134935
46,69.1,1,5,46087,43.670681371,-97.3700607
46,70.7,1,5,46089,45.768928866,-99.22640908
46,83.8,1,5,46091,45.758084946,-97.59922198
46,55.5,1,5,46093,44.571901981,-102.7178049
46,63.3,1,5,46097,44.019655463,-97.61485765
46,66.9,1,5,46099,43.673629124,-96.79231271
46,68.1,1,5,46101,44.021719967,-96.67431036
46,57,1,5,46102,43.331919669,-102.5557629
46,52.1,1,5,46103,44.006060961,-102.8311343
46,61.8,1,5,46105,45.490735831,-102.479568
46,88.6,1,5,46109,45.633960961,-96.95137959
46,75.9,1,5,46111,44.020706148,-98.09634671
46,81.6,1,5,46115,44.940796716,-98.35065033
46,77.4,1,5,46123,43.344281579,-99.88539671
46,66.7,1,5,46125,43.31228814,-97.14773144
46,67.3,1,5,46127,42.835556608,-96.65939821
46,72.8,1,5,46135,43.010417822,-97.39607749
46,54.4,1,5,46137,44.984460287,-101.6674165
46,61.5,2,5,46003,43.715689169,-98.56579867
46,67,2,5,46005,44.41415979,-98.28106923
46,48.5,2,5,46009,42.991584161,-97.88952248
46,82.5,2,5,46011,44.368310278,-96.79546788
46,58.7,2,5,46013,45.591128903,-98.35497099
46,71.6,2,5,46015,43.717234551,-99.08370383
46,83.8,2,5,46017,44.077103984,-99.20771681
46,50.9,2,5,46019,44.906297282,-103.5124529
46,84.6,2,5,46021,45.773965332,-100.0554171
46,41.9,2,5,46023,43.21020834,-98.59102467
46,53,2,5,46025,44.859332599,-97.73487515
46,40.7,2,5,46027,42.915677655,-96.98015975
46,49.9,2,5,46029,44.978363285,-97.19250326
46,65.9,2,5,46033,43.676300618,-103.4557082
46,73.5,2,5,46035,43.6706072,-98.14825414
46,57,2,5,46037,45.369819903,-97.60988641
46,53.5,2,5,46039,44.755986115,-96.67133399
46,60.6,2,5,46043,43.386985442,-98.37009872
46,62.6,2,5,46045,45.423695157,-99.21867977
46,71.7,2,5,46047,43.238893714,-103.5306089
46,59.5,2,5,46049,45.07147274,-99.14957973
46,59.4,2,5,46051,45.17229197,-96.77008708
46,81.6,2,5,46053,43.190051499,-99.1794482
46,57.8,2,5,46055,44.296348949,-101.5424147
46,61,2,5,46057,44.670960785,-97.19434569
46,71.2,2,5,46059,44.548561207,-99.00612211
46,79.2,2,5,46061,43.670597143,-97.78858436
46,61.4,2,5,46063,45.578243374,-103.5006571
46,62.3,2,5,46065,44.392716992,-99.99892134
46,63.4,2,5,46067,43.334505923,-97.7569128
46,62.1,2,5,46069,44.548317789,-99.48843909
46,61.8,2,5,46071,43.696048879,-101.633118
46,65.7,2,5,46073,44.065198909,-98.6344674
46,81,2,5,46077,44.368232562,-97.49434789
46,77.8,2,5,46079,44.0193341,-97.13283888
46,58.8,2,5,46081,44.362692361,-103.7939571
46,34.5,2,5,46083,43.280381282,-96.72283501
46,70.8,2,5,46085,43.901093042,-99.85134935
46,66.7,2,5,46087,43.670681371,-97.3700607
46,61.8,2,5,46089,45.768928866,-99.22640908
46,57.9,2,5,46091,45.758084946,-97.59922198
46,57.9,2,5,46093,44.571901981,-102.7178049
46,77.8,2,5,46097,44.019655463,-97.61485765
46,62.1,2,5,46099,43.673629124,-96.79231271
46,70.1,2,5,46101,44.021719967,-96.67431036
46,62.3,2,5,46102,43.331919669,-102.5557629
46,59.6,2,5,46103,44.006060961,-102.8311343
46,52.5,2,5,46105,45.490735831,-102.479568
46,70.7,2,5,46109,45.633960961,-96.95137959
46,71.7,2,5,46111,44.020706148,-98.09634671
46,63.6,2,5,46115,44.940796716,-98.35065033
46,61.7,2,5,46117,44.416342126,-100.7396705
46,68.1,2,5,46123,43.344281579,-99.88539671
46,57.7,2,5,46125,43.31228814,-97.14773144
46,44.2,2,5,46127,42.835556608,-96.65939821
46,67.2,2,5,46129,45.435409533,-100.0365126
46,59.4,2,5,46135,43.010417822,-97.39607749
46,55.3,2,5,46137,44.984460287,-101.6674165
46,20.4,1,3,46099,43.673629124,-96.79231271
46,10.3,1,1,46102,43.331919669,-102.5557629
46,2.9,2,1,46102,43.331919669,-102.5557629
46,44.7,2,1,46103,44.006060961,-102.8311343
47,75.7,1,0,47001,36.119508807,-84.19759481
47,89.4,1,0,47003,35.521413965,-86.45365937
47,92.3,1,0,47005,36.07114046,-88.0676419
47,79.4,1,0,47007,35.604574294,-85.20134614
47,71.1,1,0,47009,35.688472013,-83.92200183
47,92.4,1,0,47011,35.158674612,-84.85396461
47,85.4,1,0,47013,36.403702587,-84.14666246
47,96,1,0,47015,35.814089652,-86.05976848
47,93.9,1,0,47017,35.976475422,-88.44851036
47,71.9,1,0,47019,36.29239747,-82.12659837
47,87.4,1,0,47021,36.264231853,-87.08458396
47,93.4,1,0,47023,35.426939563,-88.61349384
47,71.9,1,0,47025,36.485728916,-83.65991257
47,89.8,1,0,47027,36.554076107,-85.5435041
47,83.1,1,0,47029,35.925857042,-83.11857447
47,81.7,1,0,47031,35.497960107,-86.07110905
47,92.2,1,0,47033,35.817567185,-89.13921367
47,68.8,1,0,47035,35.953176987,-84.99493397
47,84.1,1,0,47037,36.169136394,-86.77796329
47,87.3,1,0,47039,35.606853445,-88.10482007
47,111.7,1,0,47041,35.985260085,-85.82881331
47,97.8,1,0,47043,36.154127174,-87.35481062
47,97.5,1,0,47045,36.060025781,-89.41323399
47,94.8,1,0,47047,35.200955747,-89.41542125
47,70.4,1,0,47049,36.379709737,-84.9258529
47,91.4,1,0,47051,35.161739773,-86.09071605
47,90.2,1,0,47053,36.000354743,-88.93148464
47,101.8,1,0,47055,35.211974755,-87.02984868
47,95.2,1,0,47057,36.274130888,-83.51127301
47,85.6,1,0,47059,36.175027598,-82.84324461
47,89.2,1,0,47061,35.395979867,-85.72240144
47,92.9,1,0,47063,36.220078227,-83.26482846
47,86.8,1,0,47065,35.18847618,-85.16149754
47,90.9,1,0,47067,36.521868914,-83.22536372
47,96.5,1,0,47069,35.211616776,-88.99432021
47,91.3,1,0,47071,35.204791782,-88.18615589
47,78,1,0,47073,36.441426891,-82.94492481
47,84.9,1,0,47075,35.587691903,-89.2840825
47,90,1,0,47077,35.6590198,-88.38375262
47,94.1,1,0,47079,36.332804239,-88.29787941
47,93.7,1,0,47081,35.809609573,-87.47143004
47,100.1,1,0,47083,36.290165791,-87.72116002
47,93.4,1,0,47085,36.047031483,-87.77365482
47,85.7,1,0,47087,36.361155215,-85.66885291
47,83.3,1,0,47089,36.052746156,-83.44035844
47,74,1,0,47091,36.451553526,-81.84962652
47,74.6,1,0,47093,35.996756194,-83.93129365
47,102.4,1,0,47095,36.335910066,-89.49435104
47,89.6,1,0,47097,35.762603463,-89.63110607
47,106.2,1,0,47099,35.224979734,-87.39502498
47,109.4,1,0,47101,35.535416344,-87.4897778
47,91.4,1,0,47103,35.148004085,-86.58189485
47,74.1,1,0,47105,35.738460335,-84.30620315
47,85,1,0,47107,35.427673553,-84.61302338
47,95.9,1,0,47109,35.182590311,-88.56488999
47,98.2,1,0,47111,36.535091593,-86.00055303
47,92,1,0,47113,35.613090938,-88.8353199
47,90.9,1,0,47115,35.136137248,-85.623512
47,70.9,1,0,47117,35.478580477,-86.75925577
47,111.4,1,0,47119,35.625740945,-87.06957711
47,87.8,1,0,47121,35.521440164,-84.80302039
47,69.6,1,0,47123,35.443911942,-84.24820407
47,102,1,0,47125,36.502946962,-87.37983557
47,94.9,1,0,47127,35.289688307,-86.35003198
47,82.2,1,0,47129,36.136555256,-84.64498244
47,89,1,0,47131,36.357676646,-89.14666934
47,73.7,1,0,47133,36.349965597,-85.28233562
47,86,1,0,47135,35.649960919,-87.85586922
47,68.7,1,0,47137,36.560050815,-85.06886853
47,83,1,0,47139,35.122021552,-84.51949438
47,74.9,1,0,47141,36.14643458,-85.49267689
47,77,1,0,47143,35.611093812,-84.92106425
47,74.6,1,0,47145,35.853368136,-84.51646228
47,91.4,1,0,47147,36.527201787,-86.86749881
47,71.9,1,0,47149,35.846387839,-86.40991495
47,65,1,0,47151,36.432529205,-84.49961953
47,91.8,1,0,47153,35.382773732,-85.41218861
47,72.7,1,0,47155,35.782555437,-83.5213729
47,105,1,0,47157,35.194595548,-89.89924352
47,106.5,1,0,47159,36.254923789,-85.95247756
47,97.4,1,0,47161,36.50418346,-87.83467061
47,76.4,1,0,47163,36.512526399,-82.30465627
47,82.8,1,0,47165,36.4683811,-86.45531392
47,97.8,1,0,47167,35.502248101,-89.73660581
47,94.1,1,0,47169,36.392304429,-86.15170192
47,66.1,1,0,47171,36.111849398,-82.42792749
47,75.7,1,0,47173,36.289484621,-83.8384971
47,94.6,1,0,47175,35.706612633,-85.44119086
47,105.1,1,0,47177,35.685987227,-85.77191434
47,74.4,1,0,47179,36.294594799,-82.50035067
47,92.7,1,0,47181,35.248983539,-87.78817185
47,94.9,1,0,47183,36.299267507,-88.7138182
47,91.8,1,0,47185,35.931384249,-85.45038507
47,72.3,1,0,47187,35.898946984,-86.89375862
47,74.7,1,0,47189,36.153449472,-86.28742874
47,74.4,2,0,47001,36.119508807,-84.19759481
47,78.1,2,0,47003,35.521413965,-86.45365937
47,97.6,2,0,47005,36.07114046,-88.0676419
47,81.7,2,0,47007,35.604574294,-85.20134614
47,67.2,2,0,47009,35.688472013,-83.92200183
47,89.4,2,0,47011,35.158674612,-84.85396461
47,89.3,2,0,47013,36.403702587,-84.14666246
47,81.8,2,0,47015,35.814089652,-86.05976848
47,93.1,2,0,47017,35.976475422,-88.44851036
47,68,2,0,47019,36.29239747,-82.12659837
47,96.8,2,0,47021,36.264231853,-87.08458396
47,85.7,2,0,47023,35.426939563,-88.61349384
47,94.8,2,0,47025,36.485728916,-83.65991257
47,98.6,2,0,47027,36.554076107,-85.5435041
47,74.9,2,0,47029,35.925857042,-83.11857447
47,79.1,2,0,47031,35.497960107,-86.07110905
47,82.7,2,0,47033,35.817567185,-89.13921367
47,76.5,2,0,47035,35.953176987,-84.99493397
47,81.8,2,0,47037,36.169136394,-86.77796329
47,97.5,2,0,47039,35.606853445,-88.10482007
47,88.5,2,0,47041,35.985260085,-85.82881331
47,94.2,2,0,47043,36.154127174,-87.35481062
47,75.3,2,0,47045,36.060025781,-89.41323399
47,86.5,2,0,47047,35.200955747,-89.41542125
47,75,2,0,47049,36.379709737,-84.9258529
47,83.1,2,0,47051,35.161739773,-86.09071605
47,84.7,2,0,47053,36.000354743,-88.93148464
47,93.2,2,0,47055,35.211974755,-87.02984868
47,73.7,2,0,47057,36.274130888,-83.51127301
47,74.6,2,0,47059,36.175027598,-82.84324461
47,78.1,2,0,47061,35.395979867,-85.72240144
47,78.3,2,0,47063,36.220078227,-83.26482846
47,86.6,2,0,47065,35.18847618,-85.16149754
47,86.7,2,0,47067,36.521868914,-83.22536372
47,87.6,2,0,47069,35.211616776,-88.99432021
47,93.3,2,0,47071,35.204791782,-88.18615589
47,74.3,2,0,47073,36.441426891,-82.94492481
47,88.5,2,0,47075,35.587691903,-89.2840825
47,91.6,2,0,47077,35.6590198,-88.38375262
47,94.2,2,0,47079,36.332804239,-88.29787941
47,88,2,0,47081,35.809609573,-87.47143004
47,98.9,2,0,47083,36.290165791,-87.72116002
47,92.5,2,0,47085,36.047031483,-87.77365482
47,94.5,2,0,47087,36.361155215,-85.66885291
47,71,2,0,47089,36.052746156,-83.44035844
47,65.2,2,0,47091,36.451553526,-81.84962652
47,70.2,2,0,47093,35.996756194,-83.93129365
47,76.6,2,0,47095,36.335910066,-89.49435104
47,83.3,2,0,47097,35.762603463,-89.63110607
47,88,2,0,47099,35.224979734,-87.39502498
47,83.2,2,0,47101,35.535416344,-87.4897778
47,84.9,2,0,47103,35.148004085,-86.58189485
47,60.2,2,0,47105,35.738460335,-84.30620315
47,92.1,2,0,47107,35.427673553,-84.61302338
47,92.5,2,0,47109,35.182590311,-88.56488999
47,91.6,2,0,47111,36.535091593,-86.00055303
47,90,2,0,47113,35.613090938,-88.8353199
47,88,2,0,47115,35.136137248,-85.623512
47,91.6,2,0,47117,35.478580477,-86.75925577
47,93.6,2,0,47119,35.625740945,-87.06957711
47,86.3,2,0,47121,35.521440164,-84.80302039
47,80.5,2,0,47123,35.443911942,-84.24820407
47,101.3,2,0,47125,36.502946962,-87.37983557
47,71,2,0,47127,35.289688307,-86.35003198
47,73.9,2,0,47129,36.136555256,-84.64498244
47,77.6,2,0,47131,36.357676646,-89.14666934
47,87.3,2,0,47133,36.349965597,-85.28233562
47,93.1,2,0,47135,35.649960919,-87.85586922
47,76.2,2,0,47137,36.560050815,-85.06886853
47,88,2,0,47139,35.122021552,-84.51949438
47,84.3,2,0,47141,36.14643458,-85.49267689
47,80.3,2,0,47143,35.611093812,-84.92106425
47,72.5,2,0,47145,35.853368136,-84.51646228
47,88.4,2,0,47147,36.527201787,-86.86749881
47,81.4,2,0,47149,35.846387839,-86.40991495
47,85.4,2,0,47151,36.432529205,-84.49961953
47,86.7,2,0,47153,35.382773732,-85.41218861
47,69.7,2,0,47155,35.782555437,-83.5213729
47,90.5,2,0,47157,35.194595548,-89.89924352
47,90.8,2,0,47159,36.254923789,-85.95247756
47,94.6,2,0,47161,36.50418346,-87.83467061
47,68.7,2,0,47163,36.512526399,-82.30465627
47,80.9,2,0,47165,36.4683811,-86.45531392
47,89.9,2,0,47167,35.502248101,-89.73660581
47,85.5,2,0,47169,36.392304429,-86.15170192
47,72.7,2,0,47171,36.111849398,-82.42792749
47,76.2,2,0,47173,36.289484621,-83.8384971
47,78.8,2,0,47175,35.706612633,-85.44119086
47,83.2,2,0,47177,35.685987227,-85.77191434
47,71.3,2,0,47179,36.294594799,-82.50035067
47,86,2,0,47181,35.248983539,-87.78817185
47,93,2,0,47183,36.299267507,-88.7138182
47,86.2,2,0,47185,35.931384249,-85.45038507
47,85.4,2,0,47187,35.898946984,-86.89375862
47,81.3,2,0,47189,36.153449472,-86.28742874
47,74.7,1,5,47001,36.119508807,-84.19759481
47,80,1,5,47003,35.521413965,-86.45365937
47,93.8,1,5,47005,36.07114046,-88.0676419
47,77.3,1,5,47007,35.604574294,-85.20134614
47,71.4,1,5,47009,35.688472013,-83.92200183
47,90.1,1,5,47011,35.158674612,-84.85396461
47,84.8,1,5,47013,36.403702587,-84.14666246
47,102.3,1,5,47015,35.814089652,-86.05976848
47,90.6,1,5,47017,35.976475422,-88.44851036
47,72.7,1,5,47019,36.29239747,-82.12659837
47,82.6,1,5,47021,36.264231853,-87.08458396
47,88.9,1,5,47023,35.426939563,-88.61349384
47,74.2,1,5,47025,36.485728916,-83.65991257
47,90.1,1,5,47027,36.554076107,-85.5435041
47,82.8,1,5,47029,35.925857042,-83.11857447
47,78.9,1,5,47031,35.497960107,-86.07110905
47,87.3,1,5,47033,35.817567185,-89.13921367
47,70.1,1,5,47035,35.953176987,-84.99493397
47,74.5,1,5,47037,36.169136394,-86.77796329
47,91.5,1,5,47039,35.606853445,-88.10482007
47,117.9,1,5,47041,35.985260085,-85.82881331
47,96,1,5,47043,36.154127174,-87.35481062
47,93.9,1,5,47045,36.060025781,-89.41323399
47,73.1,1,5,47047,35.200955747,-89.41542125
47,71.3,1,5,47049,36.379709737,-84.9258529
47,91.4,1,5,47051,35.161739773,-86.09071605
47,85.5,1,5,47053,36.000354743,-88.93148464
47,98.4,1,5,47055,35.211974755,-87.02984868
47,94.5,1,5,47057,36.274130888,-83.51127301
47,86.7,1,5,47059,36.175027598,-82.84324461
47,90.4,1,5,47061,35.395979867,-85.72240144
47,93.4,1,5,47063,36.220078227,-83.26482846
47,83.4,1,5,47065,35.18847618,-85.16149754
47,90.9,1,5,47067,36.521868914,-83.22536372
47,87.1,1,5,47069,35.211616776,-88.99432021
47,91.4,1,5,47071,35.204791782,-88.18615589
47,79.2,1,5,47073,36.441426891,-82.94492481
47,79,1,5,47075,35.587691903,-89.2840825
47,88.9,1,5,47077,35.6590198,-88.38375262
47,95.3,1,5,47079,36.332804239,-88.29787941
47,95.3,1,5,47081,35.809609573,-87.47143004
47,94.1,1,5,47083,36.290165791,-87.72116002
47,94.6,1,5,47085,36.047031483,-87.77365482
47,84.7,1,5,47087,36.361155215,-85.66885291
47,84.3,1,5,47089,36.052746156,-83.44035844
47,73.3,1,5,47091,36.451553526,-81.84962652
47,74.2,1,5,47093,35.996756194,-83.93129365
47,101.5,1,5,47095,36.335910066,-89.49435104
47,84.5,1,5,47097,35.762603463,-89.63110607
47,99.2,1,5,47099,35.224979734,-87.39502498
47,107.3,1,5,47101,35.535416344,-87.4897778
47,89.2,1,5,47103,35.148004085,-86.58189485
47,73.9,1,5,47105,35.738460335,-84.30620315
47,83.2,1,5,47107,35.427673553,-84.61302338
47,91.9,1,5,47109,35.182590311,-88.56488999
47,105.1,1,5,47111,36.535091593,-86.00055303
47,85.7,1,5,47113,35.613090938,-88.8353199
47,85.9,1,5,47115,35.136137248,-85.623512
47,71.8,1,5,47117,35.478580477,-86.75925577
47,102.6,1,5,47119,35.625740945,-87.06957711
47,84.2,1,5,47121,35.521440164,-84.80302039
47,73,1,5,47123,35.443911942,-84.24820407
47,97.3,1,5,47125,36.502946962,-87.37983557
47,91.3,1,5,47127,35.289688307,-86.35003198
47,82.3,1,5,47129,36.136555256,-84.64498244
47,84.6,1,5,47131,36.357676646,-89.14666934
47,74.4,1,5,47133,36.349965597,-85.28233562
47,88.9,1,5,47135,35.649960919,-87.85586922
47,67.7,1,5,47137,36.560050815,-85.06886853
47,81.4,1,5,47139,35.122021552,-84.51949438
47,76.7,1,5,47141,36.14643458,-85.49267689
47,77.5,1,5,47143,35.611093812,-84.92106425
47,75.1,1,5,47145,35.853368136,-84.51646228
47,82.5,1,5,47147,36.527201787,-86.86749881
47,69.1,1,5,47149,35.846387839,-86.40991495
47,59.2,1,5,47151,36.432529205,-84.49961953
47,87.3,1,5,47153,35.382773732,-85.41218861
47,72.2,1,5,47155,35.782555437,-83.5213729
47,71,1,5,47157,35.194595548,-89.89924352
47,109.6,1,5,47159,36.254923789,-85.95247756
47,88.3,1,5,47161,36.50418346,-87.83467061
47,76.9,1,5,47163,36.512526399,-82.30465627
47,72.4,1,5,47165,36.4683811,-86.45531392
47,74.1,1,5,47167,35.502248101,-89.73660581
47,104.2,1,5,47169,36.392304429,-86.15170192
47,67.6,1,5,47171,36.111849398,-82.42792749
47,75.5,1,5,47173,36.289484621,-83.8384971
47,98.6,1,5,47175,35.706612633,-85.44119086
47,111.5,1,5,47177,35.685987227,-85.77191434
47,74.7,1,5,47179,36.294594799,-82.50035067
47,93.7,1,5,47181,35.248983539,-87.78817185
47,93.1,1,5,47183,36.299267507,-88.7138182
47,95,1,5,47185,35.931384249,-85.45038507
47,71.5,1,5,47187,35.898946984,-86.89375862
47,67.6,1,5,47189,36.153449472,-86.28742874
47,76.3,2,5,47001,36.119508807,-84.19759481
47,78.4,2,5,47003,35.521413965,-86.45365937
47,97.8,2,5,47005,36.07114046,-88.0676419
47,78.1,2,5,47007,35.604574294,-85.20134614
47,66.3,2,5,47009,35.688472013,-83.92200183
47,89.7,2,5,47011,35.158674612,-84.85396461
47,91.6,2,5,47013,36.403702587,-84.14666246
47,82.3,2,5,47015,35.814089652,-86.05976848
47,94,2,5,47017,35.976475422,-88.44851036
47,69,2,5,47019,36.29239747,-82.12659837
47,94.1,2,5,47021,36.264231853,-87.08458396
47,86.9,2,5,47023,35.426939563,-88.61349384
47,96.5,2,5,47025,36.485728916,-83.65991257
47,98.6,2,5,47027,36.554076107,-85.5435041
47,76,2,5,47029,35.925857042,-83.11857447
47,79.4,2,5,47031,35.497960107,-86.07110905
47,78.5,2,5,47033,35.817567185,-89.13921367
47,77.1,2,5,47035,35.953176987,-84.99493397
47,81.8,2,5,47037,36.169136394,-86.77796329
47,97.6,2,5,47039,35.606853445,-88.10482007
47,88.3,2,5,47041,35.985260085,-85.82881331
47,94.6,2,5,47043,36.154127174,-87.35481062
47,72,2,5,47045,36.060025781,-89.41323399
47,74.5,2,5,47047,35.200955747,-89.41542125
47,75.5,2,5,47049,36.379709737,-84.9258529
47,79.9,2,5,47051,35.161739773,-86.09071605
47,83.3,2,5,47053,36.000354743,-88.93148464
47,94.4,2,5,47055,35.211974755,-87.02984868
47,75,2,5,47057,36.274130888,-83.51127301
47,74.9,2,5,47059,36.175027598,-82.84324461
47,78.6,2,5,47061,35.395979867,-85.72240144
47,78.6,2,5,47063,36.220078227,-83.26482846
47,84.7,2,5,47065,35.18847618,-85.16149754
47,88.4,2,5,47067,36.521868914,-83.22536372
47,85.9,2,5,47069,35.211616776,-88.99432021
47,90.9,2,5,47071,35.204791782,-88.18615589
47,74.7,2,5,47073,36.441426891,-82.94492481
47,81.9,2,5,47075,35.587691903,-89.2840825
47,93.7,2,5,47077,35.6590198,-88.38375262
47,92.5,2,5,47079,36.332804239,-88.29787941
47,90.3,2,5,47081,35.809609573,-87.47143004
47,94.2,2,5,47083,36.290165791,-87.72116002
47,92.9,2,5,47085,36.047031483,-87.77365482
47,94.1,2,5,47087,36.361155215,-85.66885291
47,70.5,2,5,47089,36.052746156,-83.44035844
47,66,2,5,47091,36.451553526,-81.84962652
47,68.8,2,5,47093,35.996756194,-83.93129365
47,74,2,5,47095,36.335910066,-89.49435104
47,70.9,2,5,47097,35.762603463,-89.63110607
47,87.6,2,5,47099,35.224979734,-87.39502498
47,84.6,2,5,47101,35.535416344,-87.4897778
47,81.8,2,5,47103,35.148004085,-86.58189485
47,58.8,2,5,47105,35.738460335,-84.30620315
47,95.5,2,5,47107,35.427673553,-84.61302338
47,90.9,2,5,47109,35.182590311,-88.56488999
47,86.6,2,5,47111,36.535091593,-86.00055303
47,88,2,5,47113,35.613090938,-88.8353199
47,85.8,2,5,47115,35.136137248,-85.623512
47,91.7,2,5,47117,35.478580477,-86.75925577
47,93.7,2,5,47119,35.625740945,-87.06957711
47,84.9,2,5,47121,35.521440164,-84.80302039
47,79.3,2,5,47123,35.443911942,-84.24820407
47,96.7,2,5,47125,36.502946962,-87.37983557
47,70.9,2,5,47127,35.289688307,-86.35003198
47,75.4,2,5,47129,36.136555256,-84.64498244
47,73.4,2,5,47131,36.357676646,-89.14666934
47,87.6,2,5,47133,36.349965597,-85.28233562
47,94.1,2,5,47135,35.649960919,-87.85586922
47,77.1,2,5,47137,36.560050815,-85.06886853
47,90.6,2,5,47139,35.122021552,-84.51949438
47,84.3,2,5,47141,36.14643458,-85.49267689
47,78.1,2,5,47143,35.611093812,-84.92106425
47,73.1,2,5,47145,35.853368136,-84.51646228
47,87.3,2,5,47147,36.527201787,-86.86749881
47,82,2,5,47149,35.846387839,-86.40991495
47,86.9,2,5,47151,36.432529205,-84.49961953
47,83.7,2,5,47153,35.382773732,-85.41218861
47,69.4,2,5,47155,35.782555437,-83.5213729
47,72.2,2,5,47157,35.194595548,-89.89924352
47,90.7,2,5,47159,36.254923789,-85.95247756
47,90.5,2,5,47161,36.50418346,-87.83467061
47,69.3,2,5,47163,36.512526399,-82.30465627
47,80.4,2,5,47165,36.4683811,-86.45531392
47,74.1,2,5,47167,35.502248101,-89.73660581
47,85.2,2,5,47169,36.392304429,-86.15170192
47,73.2,2,5,47171,36.111849398,-82.42792749
47,76.1,2,5,47173,36.289484621,-83.8384971
47,78.1,2,5,47175,35.706612633,-85.44119086
47,83,2,5,47177,35.685987227,-85.77191434
47,71.7,2,5,47179,36.294594799,-82.50035067
47,86.9,2,5,47181,35.248983539,-87.78817185
47,91.7,2,5,47183,36.299267507,-88.7138182
47,84.7,2,5,47185,35.931384249,-85.45038507
47,88.2,2,5,47187,35.898946984,-86.89375862
47,81,2,5,47189,36.153449472,-86.28742874
47,176.1,1,3,47001,36.119508807,-84.19759481
47,223.4,1,3,47003,35.521413965,-86.45365937
47,131.9,1,3,47007,35.604574294,-85.20134614
47,107.7,1,3,47009,35.688472013,-83.92200183
47,117.9,1,3,47011,35.158674612,-84.85396461
47,128.2,1,3,47015,35.814089652,-86.05976848
47,123.6,1,3,47017,35.976475422,-88.44851036
47,117.6,1,3,47021,36.264231853,-87.08458396
47,129.8,1,3,47023,35.426939563,-88.61349384
47,175.8,1,3,47031,35.497960107,-86.07110905
47,112,1,3,47033,35.817567185,-89.13921367
47,110.6,1,3,47037,36.169136394,-86.77796329
47,140.5,1,3,47043,36.154127174,-87.35481062
47,105.1,1,3,47045,36.060025781,-89.41323399
47,148,1,3,47047,35.200955747,-89.41542125
47,96.2,1,3,47051,35.161739773,-86.09071605
47,120.5,1,3,47053,36.000354743,-88.93148464
47,155.6,1,3,47055,35.211974755,-87.02984868
47,110.9,1,3,47057,36.274130888,-83.51127301
47,134.8,1,3,47065,35.18847618,-85.16149754
47,155.3,1,3,47069,35.211616776,-88.99432021
47,107,1,3,47075,35.587691903,-89.2840825
47,111.3,1,3,47077,35.6590198,-88.38375262
47,161.6,1,3,47083,36.290165791,-87.72116002
47,115.1,1,3,47089,36.052746156,-83.44035844
47,120.7,1,3,47093,35.996756194,-83.93129365
47,93,1,3,47097,35.762603463,-89.63110607
47,163.5,1,3,47099,35.224979734,-87.39502498
47,234.9,1,3,47103,35.148004085,-86.58189485
47,119.8,1,3,47105,35.738460335,-84.30620315
47,227.6,1,3,47111,36.535091593,-86.00055303
47,124.2,1,3,47113,35.613090938,-88.8353199
47,125,1,3,47115,35.136137248,-85.623512
47,137.6,1,3,47117,35.478580477,-86.75925577
47,153.3,1,3,47119,35.625740945,-87.06957711
47,123.3,1,3,47121,35.521440164,-84.80302039
47,153.8,1,3,47125,36.502946962,-87.37983557
47,111,1,3,47131,36.357676646,-89.14666934
47,130.3,1,3,47143,35.611093812,-84.92106425
47,117.1,1,3,47145,35.853368136,-84.51646228
47,133.7,1,3,47147,36.527201787,-86.86749881
47,115.3,1,3,47149,35.846387839,-86.40991495
47,134.4,1,3,47153,35.382773732,-85.41218861
47,119.7,1,3,47155,35.782555437,-83.5213729
47,154.7,1,3,47157,35.194595548,-89.89924352
47,160.8,1,3,47161,36.50418346,-87.83467061
47,219.1,1,3,47165,36.4683811,-86.45531392
47,151.3,1,3,47167,35.502248101,-89.73660581
47,159.7,1,3,47169,36.392304429,-86.15170192
47,116.2,1,3,47187,35.898946984,-86.89375862
47,147.3,1,3,47189,36.153449472,-86.28742874
47,100.9,2,3,47001,36.119508807,-84.19759481
47,65.6,2,3,47003,35.521413965,-86.45365937
47,107.9,2,3,47007,35.604574294,-85.20134614
47,111.9,2,3,47009,35.688472013,-83.92200183
47,104.6,2,3,47011,35.158674612,-84.85396461
47,70.8,2,3,47015,35.814089652,-86.05976848
47,87.2,2,3,47017,35.976475422,-88.44851036
47,98.8,2,3,47021,36.264231853,-87.08458396
47,84.5,2,3,47023,35.426939563,-88.61349384
47,68.2,2,3,47031,35.497960107,-86.07110905
47,100.9,2,3,47033,35.817567185,-89.13921367
47,84.7,2,3,47037,36.169136394,-86.77796329
47,128.4,2,3,47043,36.154127174,-87.35481062
47,87.4,2,3,47045,36.060025781,-89.41323399
47,108.7,2,3,47047,35.200955747,-89.41542125
47,116.4,2,3,47051,35.161739773,-86.09071605
47,89.5,2,3,47053,36.000354743,-88.93148464
47,98.9,2,3,47055,35.211974755,-87.02984868
47,111.1,2,3,47057,36.274130888,-83.51127301
47,110,2,3,47065,35.18847618,-85.16149754
47,96.4,2,3,47069,35.211616776,-88.99432021
47,155.3,2,3,47071,35.204791782,-88.18615589
47,107,2,3,47075,35.587691903,-89.2840825
47,83.4,2,3,47077,35.6590198,-88.38375262
47,169.8,2,3,47083,36.290165791,-87.72116002
47,108.9,2,3,47089,36.052746156,-83.44035844
47,99,2,3,47093,35.996756194,-83.93129365
47,107.6,2,3,47097,35.762603463,-89.63110607
47,113.2,2,3,47099,35.224979734,-87.39502498
47,111.8,2,3,47103,35.148004085,-86.58189485
47,99.9,2,3,47105,35.738460335,-84.30620315
47,98.4,2,3,47113,35.613090938,-88.8353199
47,107.2,2,3,47115,35.136137248,-85.623512
47,72.4,2,3,47117,35.478580477,-86.75925577
47,78.9,2,3,47119,35.625740945,-87.06957711
47,104.1,2,3,47121,35.521440164,-84.80302039
47,160.1,2,3,47125,36.502946962,-87.37983557
47,103.3,2,3,47131,36.357676646,-89.14666934
47,107.7,2,3,47143,35.611093812,-84.92106425
47,94.7,2,3,47145,35.853368136,-84.51646228
47,96.7,2,3,47147,36.527201787,-86.86749881
47,82.7,2,3,47149,35.846387839,-86.40991495
47,106.5,2,3,47155,35.782555437,-83.5213729
47,110.4,2,3,47157,35.194595548,-89.89924352
47,164.8,2,3,47161,36.50418346,-87.83467061
47,97.3,2,3,47165,36.4683811,-86.45531392
47,110.9,2,3,47167,35.502248101,-89.73660581
47,145.7,2,3,47169,36.392304429,-86.15170192
47,104.9,2,3,47183,36.299267507,-88.7138182
47,83,2,3,47187,35.898946984,-86.89375862
47,86.1,2,3,47189,36.153449472,-86.28742874
47,120.3,1,4,47037,36.169136394,-86.77796329
47,40.1,1,4,47065,35.18847618,-85.16149754
47,0.8,1,4,47093,35.996756194,-83.93129365
47,83.4,1,4,47125,36.502946962,-87.37983557
47,101.1,1,4,47149,35.846387839,-86.40991495
47,74.8,1,4,47157,35.194595548,-89.89924352
47,86.3,1,4,47165,36.4683811,-86.45531392
47,83.1,1,4,47187,35.898946984,-86.89375862
47,70.9,2,4,47037,36.169136394,-86.77796329
47,48.5,2,4,47065,35.18847618,-85.16149754
47,23.7,2,4,47093,35.996756194,-83.93129365
47,53.5,2,4,47125,36.502946962,-87.37983557
47,107.4,2,4,47149,35.846387839,-86.40991495
47,31.1,2,4,47157,35.194595548,-89.89924352
47,56.5,2,4,47165,36.4683811,-86.45531392
47,53.3,2,4,47187,35.898946984,-86.89375862
47,110.2,1,2,47037,36.169136394,-86.77796329
47,52.7,1,2,47065,35.18847618,-85.16149754
47,42,1,2,47093,35.996756194,-83.93129365
47,37.6,1,2,47149,35.846387839,-86.40991495
47,33.2,1,2,47157,35.194595548,-89.89924352
47,21.3,1,2,47187,35.898946984,-86.89375862
47,47,2,2,47037,36.169136394,-86.77796329
47,64.4,2,2,47065,35.18847618,-85.16149754
47,34.5,2,2,47093,35.996756194,-83.93129365
47,26.6,2,2,47125,36.502946962,-87.37983557
47,46.3,2,2,47149,35.846387839,-86.40991495
47,30.9,2,2,47157,35.194595548,-89.89924352
47,18.4,2,2,47187,35.898946984,-86.89375862
48,118,1,0,48001,31.818802738,-95.6528787
48,90.3,1,0,48003,32.302817314,-102.6321814
48,130.8,1,0,48005,31.258519117,-94.6156135
48,73.4,1,0,48007,28.234713056,-96.8711903
48,113,1,0,48009,33.615845446,-98.68506457
48,79.1,1,0,48011,34.965850951,-101.3574186
48,89.6,1,0,48013,28.888626695,-98.53040425
48,70.3,1,0,48015,29.887052088,-96.28358685
48,50.4,1,0,48017,34.067474141,-102.8200397
48,87.1,1,0,48019,29.755371552,-99.26042835
48,68.2,1,0,48021,30.104655052,-97.31956624
48,116.1,1,0,48023,33.614830286,-99.21047316
48,84.6,1,0,48025,28.410063526,-97.74119458
48,66.1,1,0,48027,31.045597981,-97.48227324
48,88.7,1,0,48029,29.452563869,-98.52530495
48,69.2,1,0,48031,30.273740811,-98.40025681
48,70.3,1,0,48033,32.739024724,-101.4326916
48,89.3,1,0,48035,31.90683192,-97.63468402
48,98.6,1,0,48037,33.448911882,-94.41605131
48,81.5,1,0,48039,29.19471028,-95.45960701
48,72.5,1,0,48041,30.668342771,-96.3017134
48,52.7,1,0,48043,29.81526532,-103.2512524
48,84.4,1,0,48045,34.530523861,-101.2084249
48,70.1,1,0,48047,27.036500741,-98.22794913
48,82.5,1,0,48049,31.776792754,-98.99962727
48,70.8,1,0,48051,30.500191338,-96.62188309
48,67,1,0,48053,30.796715991,-98.18252208
48,71.3,1,0,48055,29.840874237,-97.63039017
48,73.4,1,0,48057,28.471118945,-96.64448356
48,88,1,0,48059,32.302830086,-99.37225322
48,57.9,1,0,48061,26.132760093,-97.5467908
48,80.3,1,0,48063,32.982093076,-94.97861911
48,76,1,0,48065,35.403425475,-101.3557841
48,98.9,1,0,48067,33.080422128,-94.34343693
48,53,1,0,48069,34.529499155,-102.2571403
48,83.2,1,0,48071,29.744393244,-94.60956515
48,72.9,1,0,48073,31.84195472,-95.16797805
48,47.6,1,0,48075,34.530045574,-100.2083752
48,117.3,1,0,48077,33.783725163,-98.20532654
48,56,1,0,48079,33.602048232,-102.8176225
48,85.7,1,0,48081,31.892479913,-100.5268402
48,87.3,1,0,48083,31.776851647,-99.45117593
48,64.7,1,0,48085,33.191737499,-96.56487279
48,71,1,0,48087,34.963903028,-100.2692816
48,70.5,1,0,48089,29.621498901,-96.53496734
48,73.1,1,0,48091,29.811697729,-98.28802167
48,74.1,1,0,48093,31.951389607,-98.55951411
48,77.8,1,0,48095,31.328696227,-99.86404372
48,82.4,1,0,48097,33.642320666,-97.20597948
48,76.7,1,0,48099,31.395224874,-97.80009739
48,86.9,1,0,48103,31.431421148,-102.5111012
48,58.9,1,0,48105,30.726169291,-101.409916
48,88.3,1,0,48107,33.613441546,-101.3044187
48,65.1,1,0,48109,31.456130089,-104.5175943
48,69.2,1,0,48111,36.273580864,-102.5963789
48,93.9,1,0,48113,32.773822776,-96.77460664
48,66.7,1,0,48115,32.738640916,-101.9446018
48,55.9,1,0,48117,34.965023782,-102.5958085
48,95.7,1,0,48119,33.3893687,-95.66146768
48,69.3,1,0,48121,33.211259295,-97.11111243
48,91.6,1,0,48123,29.086095767,-97.3620047
48,109.8,1,0,48125,33.615604076,-100.7839483
48,91.8,1,0,48127,28.421027615,-99.75259956
48,99.4,1,0,48129,34.965050217,-100.8143585
48,89.8,1,0,48131,27.685625476,-98.51451765
48,74,1,0,48133,32.332825846,-98.83031837
48,92.7,1,0,48135,31.869421192,-102.5446733
48,83.9,1,0,48137,29.982066084,-100.3040054
48,92.5,1,0,48139,32.358835735,-96.79514738
48,66.8,1,0,48141,31.774862958,-106.2434986
48,63.5,1,0,48143,32.241258664,-98.21624848
48,90.9,1,0,48145,31.260794405,-96.93597036
48,100.9,1,0,48147,33.596867033,-96.10024543
48,72.4,1,0,48149,29.881834384,-96.92824231
48,89.2,1,0,48151,32.739377867,-100.405607
48,87.3,1,0,48153,34.072999435,-101.304667
48,74.7,1,0,48155,33.97396436,-99.78256438
48,77.2,1,0,48157,29.532088069,-95.77530292
48,82.1,1,0,48159,33.181001594,-95.21584866
48,91.9,1,0,48161,31.711545468,-96.1499322
48,100.6,1,0,48163,28.865440972,-99.11037183
48,79.5,1,0,48165,32.735990771,-102.6287694
48,82.5,1,0,48167,29.408719035,-94.95657541
48,87.3,1,0,48169,33.172703241,-101.3022497
48,63.8,1,0,48171,30.32417991,-98.94924915
48,77.3,1,0,48173,31.872115841,-101.5209291
48,70,1,0,48175,28.654439784,-97.42763851
48,72.8,1,0,48177,29.461944358,-97.49773514
48,97,1,0,48179,35.402853362,-100.8135028
48,82.6,1,0,48181,33.630353905,-96.66986718
48,106.8,1,0,48183,32.48161531,-94.81854117
48,71.8,1,0,48185,30.549244857,-95.98288611
48,62,1,0,48187,29.588793911,-97.95405212
48,83.4,1,0,48189,34.072387297,-101.8233619
48,72.1,1,0,48193,31.709980663,-98.1060773
48,83.6,1,0,48195,36.272335553,-101.353951
48,73.1,1,0,48197,34.289296943,-99.74755626
48,82,1,0,48199,30.331853751,-94.3906328
48,81.6,1,0,48201,29.861369689,-95.40019036
48,98.1,1,0,48203,32.546380208,-94.36984614
48,80.7,1,0,48205,35.839626332,-102.5942383
48,89.3,1,0,48207,33.178312959,-99.72753501
48,78.6,1,0,48209,30.057823969,-98.0416092
48,63.5,1,0,48211,35.840004479,-100.2698875
48,81.3,1,0,48213,32.217208959,-95.85101345
48,56.6,1,0,48215,26.40180309,-98.19095629
48,96.6,1,0,48217,31.99920972,-97.13293995
48,82.6,1,0,48219,33.609846507,-102.3376625
48,75.5,1,0,48221,32.432735131,-97.82925235
48,96,1,0,48223,33.152924109,-95.56142755
48,85.1,1,0,48225,31.323169246,-95.42253615
48,58.2,1,0,48227,32.306276123,-101.434244
48,65.2,1,0,48229,31.459132529,-105.3913825
48,101.5,1,0,48231,33.128357886,-96.07982012
48,81.7,1,0,48233,35.840876882,-101.3546435
48,78.7,1,0,48235,31.307674376,-100.9813469
48,83.6,1,0,48237,33.235043253,-98.1696267
48,80.8,1,0,48239,28.949048219,-96.57676475
48,108.5,1,0,48241,30.74766434,-94.02399663
48,55,1,0,48243,30.717197298,-104.1414386
48,91.7,1,0,48245,29.883333174,-94.17521696
48,91.8,1,0,48247,27.04840341,-98.7073849
48,85.4,1,0,48249,27.731908736,-98.09613411
48,89.4,1,0,48251,32.384775388,-97.36633054
48,87,1,0,48253,32.741340328,-99.88084117
48,96.3,1,0,48255,28.907199913,-97.86165998
48,95.1,1,0,48257,32.605662785,-96.28731762
48,79.4,1,0,48259,29.947013329,-98.71834991
48,57.7,1,0,48261,26.927364427,-97.72903149
48,90.7,1,0,48263,33.175595441,-100.7828082
48,66.5,1,0,48265,30.067798059,-99.35327604
48,73.2,1,0,48267,30.487533913,-99.74967502
48,100.4,1,0,48269,33.616562761,-100.2589982
48,92.5,1,0,48271,29.348737548,-100.4193132
48,84.5,1,0,48273,27.439541098,-97.73493282
48,95.7,1,0,48277,33.672843358,-95.56465626
48,79.6,1,0,48279,34.070154107,-102.3462843
48,69,1,0,48281,31.200173638,-98.24391802
48,93.3,1,0,48283,28.343349112,-99.102014
48,72.3,1,0,48285,29.386523368,-96.93409679
48,68.3,1,0,48287,30.317448138,-96.96939135
48,76.6,1,0,48289,31.302471175,-95.99620359
48,86,1,0,48291,30.154829736,-94.81749325
48,97.3,1,0,48293,31.554462911,-96.5826413
48,94.4,1,0,48297,28.350897675,-98.13011
48,68.4,1,0,48299,30.70986598,-98.68109711
48,82,1,0,48301,31.856401254,-103.5860029
48,86.2,1,0,48303,33.6126553,-101.820058
48,88.5,1,0,48305,33.172855215,-101.8170363
48,93.6,1,0,48307,31.200065962,-99.34671681
48,98.7,1,0,48309,31.55809188,-97.20130405
48,91.5,1,0,48311,28.349792592,-98.57436072
48,84.1,1,0,48313,30.972465694,-95.92916743
48,96.3,1,0,48315,32.799361205,-94.35686949
48,76.6,1,0,48317,32.305180039,-101.9509324
48,69,1,0,48319,30.722224874,-99.22347006
48,84.8,1,0,48321,28.870099561,-95.98569621
48,94.3,1,0,48323,28.741021674,-100.3157988
48,89.8,1,0,48325,29.357567822,-99.11263932
48,83.2,1,0,48327,30.892211065,-99.81993198
48,89.8,1,0,48329,31.869963707,-102.0317145
48,66.9,1,0,48331,30.79784669,-96.97988971
48,87.5,1,0,48333,31.499445349,-98.59233682
48,97.5,1,0,48335,32.306285783,-100.920786
48,90,1,0,48337,33.677166005,-97.72120306
48,75.4,1,0,48339,30.304170173,-95.50302332
48,81.3,1,0,48341,35.840621895,-101.892938
48,91.8,1,0,48343,33.123407704,-94.7359675
48,84.2,1,0,48345,34.07734496,-100.7856237
48,85.5,1,0,48347,31.620046846,-94.61748025
48,97.3,1,0,48349,32.055440758,-96.47205806
48,95.3,1,0,48351,30.787935683,-93.7433093
48,86,1,0,48353,32.303563193,-100.410308
48,84.2,1,0,48355,27.726055861,-97.6361378
48,78.6,1,0,48357,36.273211509,-100.8160409
48,69.6,1,0,48359,35.401189014,-102.5906654
48,101.6,1,0,48361,30.127899486,-93.8966906
48,75.1,1,0,48363,32.756007369,-98.30789214
48,95.6,1,0,48365,32.160262572,-94.30019074
48,87.9,1,0,48367,32.778882874,-97.80009346
48,75.6,1,0,48369,34.528502213,-102.772436
48,58.2,1,0,48371,30.786788372,-102.7305738
48,150,1,0,48373,30.795027657,-94.83143007
48,80.4,1,0,48375,35.4043891,-101.8905032
48,64.9,1,0,48377,30.002430789,-104.2377103
48,112.6,1,0,48379,32.874706768,-95.78769078
48,50,1,0,48381,34.966649594,-101.8971495
48,82.5,1,0,48383,31.370613593,-101.52296
48,84.3,1,0,48385,29.838246215,-99.82919788
48,86.9,1,0,48387,33.626050657,-95.04524496
48,60.5,1,0,48389,31.327941216,-103.6936359
48,76.1,1,0,48391,28.320929632,-97.15900596
48,89.5,1,0,48393,35.840556018,-100.815247
48,79.5,1,0,48395,31.036372409,-96.51507248
48,100.2,1,0,48397,32.905913056,-96.40624071
48,84.5,1,0,48399,31.834290378,-99.97241813
48,63.9,1,0,48401,32.111568397,-94.76318705
48,89.1,1,0,48403,31.347896322,-93.85124941
48,97.4,1,0,48405,31.395171995,-94.17085413
48,64.8,1,0,48407,30.584453369,-95.16775208
48,83,1,0,48409,28.00346828,-97.51134264
48,83.2,1,0,48411,31.157421631,-98.8176094
48,79,1,0,48413,30.892544222,-100.5366337
48,62.1,1,0,48415,32.739058241,-100.9182711
48,74.2,1,0,48417,32.739150065,-99.35526106
48,74.8,1,0,48419,31.793647208,-94.14188801
48,81.1,1,0,48421,36.273284896,-101.8935462
48,74.6,1,0,48423,32.377875453,-95.2696556
48,76.7,1,0,48425,32.229019544,-97.77451855
48,68.8,1,0,48427,26.566505239,-98.74935624
48,72.8,1,0,48429,32.738576182,-98.83445925
48,83.5,1,0,48431,31.83403239,-101.0505186
48,90.4,1,0,48433,33.175327844,-100.254512
48,69.8,1,0,48435,30.493271427,-100.5382345
48,61.1,1,0,48437,34.530983792,-101.7317338
48,89.6,1,0,48439,32.77624145,-97.28705533
48,83.5,1,0,48441,32.303192365,-99.89062332
48,64.9,1,0,48443,30.232839181,-102.0812867
48,82.3,1,0,48445,33.170124081,-102.3312798
48,104.9,1,0,48447,33.178271462,-99.20942624
48,76.8,1,0,48449,33.219368968,-94.96523821
48,80.5,1,0,48451,31.408457595,-100.465669
48,68.4,1,0,48453,30.335956922,-97.7878632
48,105.2,1,0,48455,31.091860005,-95.1361003
48,96.8,1,0,48457,30.770441115,-94.37593775
48,85.6,1,0,48459,32.742662831,-94.94258368
48,88.5,1,0,48461,31.370294411,-102.0382816
48,94.3,1,0,48463,29.359157878,-99.76531845
48,71.6,1,0,48465,29.892279958,-101.1472352
48,85,1,0,48467,32.569502379,-95.83639752
48,72.3,1,0,48469,28.796180443,-96.9724298
48,78.3,1,0,48471,30.746612003,-95.57370219
48,77.2,1,0,48473,30.012095389,-95.9936802
48,92.3,1,0,48475,31.513511951,-103.1002619
48,66.6,1,0,48477,30.218997223,-96.40611573
48,91.2,1,0,48479,27.762417738,-99.33702206
48,77.8,1,0,48481,29.277780945,-96.22941719
48,104.1,1,0,48483,35.40239591,-100.2691185
48,116,1,0,48485,33.983561851,-98.70340851
48,106.8,1,0,48487,34.077530303,-99.24129491
48,57.9,1,0,48489,26.471592041,-97.68483894
48,67.9,1,0,48491,30.65378661,-97.60082228
48,89,1,0,48493,29.178751175,-98.0917855
48,97.2,1,0,48495,31.851093773,-103.0532534
48,80.5,1,0,48497,33.218399149,-97.651289
48,80.4,1,0,48499,32.789898968,-95.37949396
48,66.8,1,0,48501,33.165877334,-102.8177803
48,88.6,1,0,48503,33.176205113,-98.68538707
48,89.2,1,0,48505,27.002324482,-99.17442539
48,100.3,1,0,48507,28.864591764,-99.76224995
48,86.4,2,0,48001,31.818802738,-95.6528787
48,67.2,2,0,48003,32.302817314,-102.6321814
48,138.8,2,0,48005,31.258519117,-94.6156135
48,58.7,2,0,48007,28.234713056,-96.8711903
48,83.4,2,0,48009,33.615845446,-98.68506457
48,78.3,2,0,48011,34.965850951,-101.3574186
48,76,2,0,48013,28.888626695,-98.53040425
48,52.9,2,0,48015,29.887052088,-96.28358685
48,72,2,0,48017,34.067474141,-102.8200397
48,75.4,2,0,48019,29.755371552,-99.26042835
48,68.2,2,0,48021,30.104655052,-97.31956624
48,89.2,2,0,48023,33.614830286,-99.21047316
48,81.3,2,0,48025,28.410063526,-97.74119458
48,67.6,2,0,48027,31.045597981,-97.48227324
48,76.4,2,0,48029,29.452563869,-98.52530495
48,62.7,2,0,48031,30.273740811,-98.40025681
48,69.3,2,0,48033,32.739024724,-101.4326916
48,87.4,2,0,48035,31.90683192,-97.63468402
48,105.1,2,0,48037,33.448911882,-94.41605131
48,73.4,2,0,48039,29.19471028,-95.45960701
48,68,2,0,48041,30.668342771,-96.3017134
48,50.4,2,0,48043,29.81526532,-103.2512524
48,80.3,2,0,48045,34.530523861,-101.2084249
48,47.5,2,0,48047,27.036500741,-98.22794913
48,93.6,2,0,48049,31.776792754,-98.99962727
48,68.4,2,0,48051,30.500191338,-96.62188309
48,67.3,2,0,48053,30.796715991,-98.18252208
48,68.2,2,0,48055,29.840874237,-97.63039017
48,63.6,2,0,48057,28.471118945,-96.64448356
48,93.3,2,0,48059,32.302830086,-99.37225322
48,51,2,0,48061,26.132760093,-97.5467908
48,85.2,2,0,48063,32.982093076,-94.97861911
48,70.6,2,0,48065,35.403425475,-101.3557841
48,102.5,2,0,48067,33.080422128,-94.34343693
48,64.1,2,0,48069,34.529499155,-102.2571403
48,76.3,2,0,48071,29.744393244,-94.60956515
48,88.7,2,0,48073,31.84195472,-95.16797805
48,81.3,2,0,48075,34.530045574,-100.2083752
48,83.7,2,0,48077,33.783725163,-98.20532654
48,80.5,2,0,48079,33.602048232,-102.8176225
48,75.9,2,0,48081,31.892479913,-100.5268402
48,93.5,2,0,48083,31.776851647,-99.45117593
48,68.4,2,0,48085,33.191737499,-96.56487279
48,81.1,2,0,48087,34.963903028,-100.2692816
48,64.4,2,0,48089,29.621498901,-96.53496734
48,67.4,2,0,48091,29.811697729,-98.28802167
48,91,2,0,48093,31.951389607,-98.55951411
48,80.4,2,0,48095,31.328696227,-99.86404372
48,84.5,2,0,48097,33.642320666,-97.20597948
48,78.5,2,0,48099,31.395224874,-97.80009739
48,90.3,2,0,48101,34.081298217,-100.2850939
48,63,2,0,48103,31.431421148,-102.5111012
48,74.9,2,0,48105,30.726169291,-101.409916
48,81.7,2,0,48107,33.613441546,-101.3044187
48,50.9,2,0,48109,31.456130089,-104.5175943
48,52.5,2,0,48111,36.273580864,-102.5963789
48,87.5,2,0,48113,32.773822776,-96.77460664
48,72.7,2,0,48115,32.738640916,-101.9446018
48,59.3,2,0,48117,34.965023782,-102.5958085
48,88.3,2,0,48119,33.3893687,-95.66146768
48,75.3,2,0,48121,33.211259295,-97.11111243
48,66.8,2,0,48123,29.086095767,-97.3620047
48,114,2,0,48125,33.615604076,-100.7839483
48,56,2,0,48127,28.421027615,-99.75259956
48,72.8,2,0,48129,34.965050217,-100.8143585
48,57.8,2,0,48131,27.685625476,-98.51451765
48,92.1,2,0,48133,32.332825846,-98.83031837
48,65.8,2,0,48135,31.869421192,-102.5446733
48,65.3,2,0,48137,29.982066084,-100.3040054
48,89.1,2,0,48139,32.358835735,-96.79514738
48,50.1,2,0,48141,31.774862958,-106.2434986
48,84.2,2,0,48143,32.241258664,-98.21624848
48,79.9,2,0,48145,31.260794405,-96.93597036
48,72.1,2,0,48147,33.596867033,-96.10024543
48,70.4,2,0,48149,29.881834384,-96.92824231
48,85.5,2,0,48151,32.739377867,-100.405607
48,79,2,0,48153,34.072999435,-101.304667
48,106.6,2,0,48155,33.97396436,-99.78256438
48,57.7,2,0,48157,29.532088069,-95.77530292
48,88.3,2,0,48159,33.181001594,-95.21584866
48,83.8,2,0,48161,31.711545468,-96.1499322
48,75.7,2,0,48163,28.865440972,-99.11037183
48,77.3,2,0,48165,32.735990771,-102.6287694
48,86.9,2,0,48167,29.408719035,-94.95657541
48,75.1,2,0,48169,33.172703241,-101.3022497
48,54.3,2,0,48171,30.32417991,-98.94924915
48,63.4,2,0,48173,31.872115841,-101.5209291
48,69.6,2,0,48175,28.654439784,-97.42763851
48,71.1,2,0,48177,29.461944358,-97.49773514
48,83.5,2,0,48179,35.402853362,-100.8135028
48,83.4,2,0,48181,33.630353905,-96.66986718
48,85.6,2,0,48183,32.48161531,-94.81854117
48,71,2,0,48185,30.549244857,-95.98288611
48,65,2,0,48187,29.588793911,-97.95405212
48,79.8,2,0,48189,34.072387297,-101.8233619
48,89.5,2,0,48191,34.530832402,-100.6826834
48,84.5,2,0,48193,31.709980663,-98.1060773
48,59.3,2,0,48195,36.272335553,-101.353951
48,81.2,2,0,48197,34.289296943,-99.74755626
48,78.4,2,0,48199,30.331853751,-94.3906328
48,75.1,2,0,48201,29.861369689,-95.40019036
48,86.1,2,0,48203,32.546380208,-94.36984614
48,85.7,2,0,48205,35.839626332,-102.5942383
48,66.1,2,0,48207,33.178312959,-99.72753501
48,62.8,2,0,48209,30.057823969,-98.0416092
48,75.9,2,0,48211,35.840004479,-100.2698875
48,83.8,2,0,48213,32.217208959,-95.85101345
48,40.7,2,0,48215,26.40180309,-98.19095629
48,91.4,2,0,48217,31.99920972,-97.13293995
48,76.8,2,0,48219,33.609846507,-102.3376625
48,91,2,0,48221,32.432735131,-97.82925235
48,88.4,2,0,48223,33.152924109,-95.56142755
48,104.1,2,0,48225,31.323169246,-95.42253615
48,72.9,2,0,48227,32.306276123,-101.434244
48,49.3,2,0,48229,31.459132529,-105.3913825
48,78,2,0,48231,33.128357886,-96.07982012
48,82.5,2,0,48233,35.840876882,-101.3546435
48,78.4,2,0,48235,31.307674376,-100.9813469
48,91.5,2,0,48237,33.235043253,-98.1696267
48,75.9,2,0,48239,28.949048219,-96.57676475
48,116.8,2,0,48241,30.74766434,-94.02399663
48,51.6,2,0,48243,30.717197298,-104.1414386
48,87.1,2,0,48245,29.883333174,-94.17521696
48,62.2,2,0,48247,27.04840341,-98.7073849
48,75.1,2,0,48249,27.731908736,-98.09613411
48,89.7,2,0,48251,32.384775388,-97.36633054
48,86.5,2,0,48253,32.741340328,-99.88084117
48,77.6,2,0,48255,28.907199913,-97.86165998
48,88.4,2,0,48257,32.605662785,-96.28731762
48,68.4,2,0,48259,29.947013329,-98.71834991
48,41.3,2,0,48261,26.927364427,-97.72903149
48,101.4,2,0,48263,33.175595441,-100.7828082
48,59.6,2,0,48265,30.067798059,-99.35327604
48,56.8,2,0,48267,30.487533913,-99.74967502
48,67.3,2,0,48269,33.616562761,-100.2589982
48,69.7,2,0,48271,29.348737548,-100.4193132
48,74,2,0,48273,27.439541098,-97.73493282
48,71.2,2,0,48275,33.60506899,-99.73939391
48,83,2,0,48277,33.672843358,-95.56465626
48,76.4,2,0,48279,34.070154107,-102.3462843
48,73.7,2,0,48281,31.200173638,-98.24391802
48,57.5,2,0,48283,28.343349112,-99.102014
48,67,2,0,48285,29.386523368,-96.93409679
48,68.5,2,0,48287,30.317448138,-96.96939135
48,73.3,2,0,48289,31.302471175,-95.99620359
48,82.5,2,0,48291,30.154829736,-94.81749325
48,84.7,2,0,48293,31.554462911,-96.5826413
48,88.2,2,0,48295,36.275123525,-100.2719727
48,80.5,2,0,48297,28.350897675,-98.13011
48,69.8,2,0,48299,30.70986598,-98.68109711
48,77,2,0,48303,33.6126553,-101.820058
48,76.3,2,0,48305,33.172855215,-101.8170363
48,95.8,2,0,48307,31.200065962,-99.34671681
48,82.4,2,0,48309,31.55809188,-97.20130405
48,57.7,2,0,48311,28.349792592,-98.57436072
48,72.4,2,0,48313,30.972465694,-95.92916743
48,86.5,2,0,48315,32.799361205,-94.35686949
48,65.2,2,0,48317,32.305180039,-101.9509324
48,60.6,2,0,48319,30.722224874,-99.22347006
48,79.9,2,0,48321,28.870099561,-95.98569621
48,57.5,2,0,48323,28.741021674,-100.3157988
48,76.9,2,0,48325,29.357567822,-99.11263932
48,76.2,2,0,48327,30.892211065,-99.81993198
48,65,2,0,48329,31.869963707,-102.0317145
48,66.6,2,0,48331,30.79784669,-96.97988971
48,80.8,2,0,48333,31.499445349,-98.59233682
48,76.3,2,0,48335,32.306285783,-100.920786
48,96.8,2,0,48337,33.677166005,-97.72120306
48,74.1,2,0,48339,30.304170173,-95.50302332
48,73.1,2,0,48341,35.840621895,-101.892938
48,105.3,2,0,48343,33.123407704,-94.7359675
48,104.1,2,0,48345,34.07734496,-100.7856237
48,103.1,2,0,48347,31.620046846,-94.61748025
48,94.5,2,0,48349,32.055440758,-96.47205806
48,96.4,2,0,48351,30.787935683,-93.7433093
48,84.9,2,0,48353,32.303563193,-100.410308
48,75.6,2,0,48355,27.726055861,-97.6361378
48,62,2,0,48357,36.273211509,-100.8160409
48,79.2,2,0,48359,35.401189014,-102.5906654
48,86.6,2,0,48361,30.127899486,-93.8966906
48,91.6,2,0,48363,32.756007369,-98.30789214
48,84,2,0,48365,32.160262572,-94.30019074
48,89.3,2,0,48367,32.778882874,-97.80009346
48,63.7,2,0,48369,34.528502213,-102.772436
48,54.8,2,0,48371,30.786788372,-102.7305738
48,120.9,2,0,48373,30.795027657,-94.83143007
48,91,2,0,48375,35.4043891,-101.8905032
48,43.3,2,0,48377,30.002430789,-104.2377103
48,81.9,2,0,48379,32.874706768,-95.78769078
48,59.9,2,0,48381,34.966649594,-101.8971495
48,71.8,2,0,48383,31.370613593,-101.52296
48,67,2,0,48385,29.838246215,-99.82919788
48,101.6,2,0,48387,33.626050657,-95.04524496
48,54.7,2,0,48389,31.327941216,-103.6936359
48,65,2,0,48391,28.320929632,-97.15900596
48,64.5,2,0,48393,35.840556018,-100.815247
48,74.2,2,0,48395,31.036372409,-96.51507248
48,84.5,2,0,48397,32.905913056,-96.40624071
48,83,2,0,48399,31.834290378,-99.97241813
48,82.4,2,0,48401,32.111568397,-94.76318705
48,103.4,2,0,48403,31.347896322,-93.85124941
48,125.4,2,0,48405,31.395171995,-94.17085413
48,77.1,2,0,48407,30.584453369,-95.16775208
48,78,2,0,48409,28.00346828,-97.51134264
48,86.6,2,0,48411,31.157421631,-98.8176094
48,77,2,0,48413,30.892544222,-100.5366337
48,73.6,2,0,48415,32.739058241,-100.9182711
48,80.9,2,0,48417,32.739150065,-99.35526106
48,92.5,2,0,48419,31.793647208,-94.14188801
48,52.1,2,0,48421,36.273284896,-101.8935462
48,70.4,2,0,48423,32.377875453,-95.2696556
48,87.8,2,0,48425,32.229019544,-97.77451855
48,39.3,2,0,48427,26.566505239,-98.74935624
48,85.8,2,0,48429,32.738576182,-98.83445925
48,80.5,2,0,48431,31.83403239,-101.0505186
48,69.6,2,0,48433,33.175327844,-100.254512
48,66.3,2,0,48435,30.493271427,-100.5382345
48,64.6,2,0,48437,34.530983792,-101.7317338
48,88.8,2,0,48439,32.77624145,-97.28705533
48,90.5,2,0,48441,32.303192365,-99.89062332
48,65.7,2,0,48443,30.232839181,-102.0812867
48,73,2,0,48445,33.170124081,-102.3312798
48,66.4,2,0,48447,33.178271462,-99.20942624
48,87.8,2,0,48449,33.219368968,-94.96523821
48,74.9,2,0,48451,31.408457595,-100.465669
48,65.8,2,0,48453,30.335956922,-97.7878632
48,111.7,2,0,48455,31.091860005,-95.1361003
48,75.3,2,0,48457,30.770441115,-94.37593775
48,82.7,2,0,48459,32.742662831,-94.94258368
48,63.7,2,0,48461,31.370294411,-102.0382816
48,70.8,2,0,48463,29.359157878,-99.76531845
48,67.8,2,0,48465,29.892279958,-101.1472352
48,78.2,2,0,48467,32.569502379,-95.83639752
48,64.8,2,0,48469,28.796180443,-96.9724298
48,74.3,2,0,48471,30.746612003,-95.57370219
48,67.1,2,0,48473,30.012095389,-95.9936802
48,63.5,2,0,48475,31.513511951,-103.1002619
48,62.7,2,0,48477,30.218997223,-96.40611573
48,53.1,2,0,48479,27.762417738,-99.33702206
48,85.2,2,0,48481,29.277780945,-96.22941719
48,84.8,2,0,48483,35.40239591,-100.2691185
48,89,2,0,48485,33.983561851,-98.70340851
48,94.5,2,0,48487,34.077530303,-99.24129491
48,46.3,2,0,48489,26.471592041,-97.68483894
48,66.9,2,0,48491,30.65378661,-97.60082228
48,72.8,2,0,48493,29.178751175,-98.0917855
48,71.7,2,0,48495,31.851093773,-103.0532534
48,86.1,2,0,48497,33.218399149,-97.651289
48,70.6,2,0,48499,32.789898968,-95.37949396
48,71.7,2,0,48501,33.165877334,-102.8177803
48,86.5,2,0,48503,33.176205113,-98.68538707
48,52.9,2,0,48505,27.002324482,-99.17442539
48,70.1,2,0,48507,28.864591764,-99.76224995
48,112,1,5,48001,31.818802738,-95.6528787
48,92.4,1,5,48003,32.302817314,-102.6321814
48,127.1,1,5,48005,31.258519117,-94.6156135
48,62.8,1,5,48007,28.234713056,-96.8711903
48,110.2,1,5,48009,33.615845446,-98.68506457
48,65.4,1,5,48011,34.965850951,-101.3574186
48,81,1,5,48013,28.888626695,-98.53040425
48,73.5,1,5,48015,29.887052088,-96.28358685
48,56.4,1,5,48017,34.067474141,-102.8200397
48,77.2,1,5,48019,29.755371552,-99.26042835
48,64.2,1,5,48021,30.104655052,-97.31956624
48,113,1,5,48023,33.614830286,-99.21047316
48,68,1,5,48025,28.410063526,-97.74119458
48,64.3,1,5,48027,31.045597981,-97.48227324
48,77.2,1,5,48029,29.452563869,-98.52530495
48,64.3,1,5,48031,30.273740811,-98.40025681
48,56.3,1,5,48033,32.739024724,-101.4326916
48,91,1,5,48035,31.90683192,-97.63468402
48,95.9,1,5,48037,33.448911882,-94.41605131
48,77.4,1,5,48039,29.19471028,-95.45960701
48,65.6,1,5,48041,30.668342771,-96.3017134
48,42.4,1,5,48047,27.036500741,-98.22794913
48,82.9,1,5,48049,31.776792754,-98.99962727
48,59.4,1,5,48051,30.500191338,-96.62188309
48,63.7,1,5,48053,30.796715991,-98.18252208
48,64.1,1,5,48055,29.840874237,-97.63039017
48,59.1,1,5,48057,28.471118945,-96.64448356
48,85.4,1,5,48059,32.302830086,-99.37225322
48,45.4,1,5,48061,26.132760093,-97.5467908
48,85.9,1,5,48063,32.982093076,-94.97861911
48,71.6,1,5,48065,35.403425475,-101.3557841
48,88.8,1,5,48067,33.080422128,-94.34343693
48,49.3,1,5,48069,34.529499155,-102.2571403
48,79.4,1,5,48071,29.744393244,-94.60956515
48,73.4,1,5,48073,31.84195472,-95.16797805
48,114.6,1,5,48077,33.783725163,-98.20532654
48,56.6,1,5,48079,33.602048232,-102.8176225
48,85.6,1,5,48081,31.892479913,-100.5268402
48,85.4,1,5,48083,31.776851647,-99.45117593
48,64.2,1,5,48085,33.191737499,-96.56487279
48,71.1,1,5,48087,34.963903028,-100.2692816
48,68.2,1,5,48089,29.621498901,-96.53496734
48,69,1,5,48091,29.811697729,-98.28802167
48,77.6,1,5,48093,31.951389607,-98.55951411
48,73.4,1,5,48095,31.328696227,-99.86404372
48,80.2,1,5,48097,33.642320666,-97.20597948
48,79.3,1,5,48099,31.395224874,-97.80009739
48,99.2,1,5,48103,31.431421148,-102.5111012
48,66.3,1,5,48107,33.613441546,-101.3044187
48,51.6,1,5,48109,31.456130089,-104.5175943
48,84.4,1,5,48113,32.773822776,-96.77460664
48,61.3,1,5,48115,32.738640916,-101.9446018
48,57.4,1,5,48117,34.965023782,-102.5958085
48,98.8,1,5,48119,33.3893687,-95.66146768
48,71.1,1,5,48121,33.211259295,-97.11111243
48,65.5,1,5,48123,29.086095767,-97.3620047
48,91,1,5,48129,34.965050217,-100.8143585
48,77.3,1,5,48133,32.332825846,-98.83031837
48,95.7,1,5,48135,31.869421192,-102.5446733
48,80.8,1,5,48137,29.982066084,-100.3040054
48,87.7,1,5,48139,32.358835735,-96.79514738
48,64.9,1,5,48141,31.774862958,-106.2434986
48,66.1,1,5,48143,32.241258664,-98.21624848
48,84.3,1,5,48145,31.260794405,-96.93597036
48,102,1,5,48147,33.596867033,-96.10024543
48,67.1,1,5,48149,29.881834384,-96.92824231
48,85,1,5,48151,32.739377867,-100.405607
48,66.9,1,5,48153,34.072999435,-101.304667
48,76.1,1,5,48157,29.532088069,-95.77530292
48,83,1,5,48159,33.181001594,-95.21584866
48,91.6,1,5,48161,31.711545468,-96.1499322
48,85.2,1,5,48163,28.865440972,-99.11037183
48,80.1,1,5,48165,32.735990771,-102.6287694
48,78.5,1,5,48167,29.408719035,-94.95657541
48,62.9,1,5,48169,33.172703241,-101.3022497
48,65.4,1,5,48171,30.32417991,-98.94924915
48,73.8,1,5,48173,31.872115841,-101.5209291
48,53,1,5,48175,28.654439784,-97.42763851
48,68.7,1,5,48177,29.461944358,-97.49773514
48,93.5,1,5,48179,35.402853362,-100.8135028
48,80.2,1,5,48181,33.630353905,-96.66986718
48,93.6,1,5,48183,32.48161531,-94.81854117
48,68.5,1,5,48185,30.549244857,-95.98288611
48,64.8,1,5,48187,29.588793911,-97.95405212
48,63.6,1,5,48189,34.072387297,-101.8233619
48,75.7,1,5,48193,31.709980663,-98.1060773
48,88.6,1,5,48195,36.272335553,-101.353951
48,68.5,1,5,48197,34.289296943,-99.74755626
48,83.7,1,5,48199,30.331853751,-94.3906328
48,75.9,1,5,48201,29.861369689,-95.40019036
48,77.1,1,5,48203,32.546380208,-94.36984614
48,85.2,1,5,48205,35.839626332,-102.5942383
48,84.8,1,5,48207,33.178312959,-99.72753501
48,66.5,1,5,48209,30.057823969,-98.0416092
48,66.4,1,5,48211,35.840004479,-100.2698875
48,77,1,5,48213,32.217208959,-95.85101345
48,45.4,1,5,48215,26.40180309,-98.19095629
48,97.7,1,5,48217,31.99920972,-97.13293995
48,62.9,1,5,48219,33.609846507,-102.3376625
48,81.5,1,5,48221,32.432735131,-97.82925235
48,103.5,1,5,48223,33.152924109,-95.56142755
48,82.8,1,5,48225,31.323169246,-95.42253615
48,50,1,5,48227,32.306276123,-101.434244
48,58.4,1,5,48229,31.459132529,-105.3913825
48,108.9,1,5,48231,33.128357886,-96.07982012
48,84.2,1,5,48233,35.840876882,-101.3546435
48,79.1,1,5,48235,31.307674376,-100.9813469
48,84.9,1,5,48237,33.235043253,-98.1696267
48,76,1,5,48239,28.949048219,-96.57676475
48,100.4,1,5,48241,30.74766434,-94.02399663
48,91.7,1,5,48245,29.883333174,-94.17521696
48,72.4,1,5,48249,27.731908736,-98.09613411
48,87.8,1,5,48251,32.384775388,-97.36633054
48,84.6,1,5,48253,32.741340328,-99.88084117
48,104.6,1,5,48255,28.907199913,-97.86165998
48,94.3,1,5,48257,32.605662785,-96.28731762
48,74.7,1,5,48259,29.947013329,-98.71834991
48,70.1,1,5,48265,30.067798059,-99.35327604
48,72.6,1,5,48267,30.487533913,-99.74967502
48,72.3,1,5,48271,29.348737548,-100.4193132
48,70.4,1,5,48273,27.439541098,-97.73493282
48,82.2,1,5,48277,33.672843358,-95.56465626
48,61.8,1,5,48279,34.070154107,-102.3462843
48,69.2,1,5,48281,31.200173638,-98.24391802
48,77.6,1,5,48283,28.343349112,-99.102014
48,62.6,1,5,48285,29.386523368,-96.93409679
48,64.1,1,5,48287,30.317448138,-96.96939135
48,69.3,1,5,48289,31.302471175,-95.99620359
48,81.5,1,5,48291,30.154829736,-94.81749325
48,96.3,1,5,48293,31.554462911,-96.5826413
48,82.3,1,5,48297,28.350897675,-98.13011
48,66,1,5,48299,30.70986598,-98.68109711
48,64.3,1,5,48303,33.6126553,-101.820058
48,64.9,1,5,48305,33.172855215,-101.8170363
48,88.4,1,5,48307,31.200065962,-99.34671681
48,96.5,1,5,48309,31.55809188,-97.20130405
48,76.4,1,5,48311,28.349792592,-98.57436072
48,83.1,1,5,48313,30.972465694,-95.92916743
48,73.3,1,5,48315,32.799361205,-94.35686949
48,75.5,1,5,48317,32.305180039,-101.9509324
48,64.2,1,5,48319,30.722224874,-99.22347006
48,94.6,1,5,48321,28.870099561,-95.98569621
48,73.1,1,5,48323,28.741021674,-100.3157988
48,78.9,1,5,48325,29.357567822,-99.11263932
48,80.9,1,5,48327,30.892211065,-99.81993198
48,93.5,1,5,48329,31.869963707,-102.0317145
48,63.8,1,5,48331,30.79784669,-96.97988971
48,94,1,5,48333,31.499445349,-98.59233682
48,78.3,1,5,48335,32.306285783,-100.920786
48,90.8,1,5,48337,33.677166005,-97.72120306
48,74.1,1,5,48339,30.304170173,-95.50302332
48,83.7,1,5,48341,35.840621895,-101.892938
48,90.9,1,5,48343,33.123407704,-94.7359675
48,92.9,1,5,48347,31.620046846,-94.61748025
48,97.5,1,5,48349,32.055440758,-96.47205806
48,91.6,1,5,48351,30.787935683,-93.7433093
48,81.8,1,5,48353,32.303563193,-100.410308
48,71.4,1,5,48355,27.726055861,-97.6361378
48,78.9,1,5,48357,36.273211509,-100.8160409
48,69.1,1,5,48359,35.401189014,-102.5906654
48,97,1,5,48361,30.127899486,-93.8966906
48,78.6,1,5,48363,32.756007369,-98.30789214
48,73,1,5,48365,32.160262572,-94.30019074
48,85.8,1,5,48367,32.778882874,-97.80009346
48,61,1,5,48369,34.528502213,-102.772436
48,153.3,1,5,48373,30.795027657,-94.83143007
48,76.4,1,5,48375,35.4043891,-101.8905032
48,113.2,1,5,48379,32.874706768,-95.78769078
48,49.6,1,5,48381,34.966649594,-101.8971495
48,82.8,1,5,48383,31.370613593,-101.52296
48,83.2,1,5,48385,29.838246215,-99.82919788
48,83.5,1,5,48387,33.626050657,-95.04524496
48,57.5,1,5,48389,31.327941216,-103.6936359
48,60,1,5,48391,28.320929632,-97.15900596
48,89.8,1,5,48393,35.840556018,-100.815247
48,67.9,1,5,48395,31.036372409,-96.51507248
48,99.7,1,5,48397,32.905913056,-96.40624071
48,83.2,1,5,48399,31.834290378,-99.97241813
48,64.5,1,5,48401,32.111568397,-94.76318705
48,86.8,1,5,48403,31.347896322,-93.85124941
48,98.5,1,5,48405,31.395171995,-94.17085413
48,62.7,1,5,48407,30.584453369,-95.16775208
48,69.5,1,5,48409,28.00346828,-97.51134264
48,84.3,1,5,48411,31.157421631,-98.8176094
48,77,1,5,48413,30.892544222,-100.5366337
48,58.5,1,5,48415,32.739058241,-100.9182711
48,74.3,1,5,48417,32.739150065,-99.35526106
48,78.2,1,5,48419,31.793647208,-94.14188801
48,84.6,1,5,48421,36.273284896,-101.8935462
48,70.3,1,5,48423,32.377875453,-95.2696556
48,79.5,1,5,48425,32.229019544,-97.77451855
48,42.1,1,5,48427,26.566505239,-98.74935624
48,76.3,1,5,48429,32.738576182,-98.83445925
48,78.3,1,5,48431,31.83403239,-101.0505186
48,84.5,1,5,48433,33.175327844,-100.254512
48,50.7,1,5,48437,34.530983792,-101.7317338
48,86,1,5,48439,32.77624145,-97.28705533
48,79.5,1,5,48441,32.303192365,-99.89062332
48,62.4,1,5,48445,33.170124081,-102.3312798
48,103.6,1,5,48447,33.178271462,-99.20942624
48,91.7,1,5,48449,33.219368968,-94.96523821
48,72.4,1,5,48451,31.408457595,-100.465669
48,66,1,5,48453,30.335956922,-97.7878632
48,107.2,1,5,48455,31.091860005,-95.1361003
48,91.9,1,5,48457,30.770441115,-94.37593775
48,83.8,1,5,48459,32.742662831,-94.94258368
48,92.4,1,5,48461,31.370294411,-102.0382816
48,78.5,1,5,48463,29.359157878,-99.76531845
48,50.6,1,5,48465,29.892279958,-101.1472352
48,80.2,1,5,48467,32.569502379,-95.83639752
48,59.4,1,5,48469,28.796180443,-96.9724298
48,72.8,1,5,48471,30.746612003,-95.57370219
48,74.1,1,5,48473,30.012095389,-95.9936802
48,97,1,5,48475,31.513511951,-103.1002619
48,60,1,5,48477,30.218997223,-96.40611573
48,46,1,5,48479,27.762417738,-99.33702206
48,79.9,1,5,48481,29.277780945,-96.22941719
48,91.3,1,5,48483,35.40239591,-100.2691185
48,111.2,1,5,48485,33.983561851,-98.70340851
48,107.4,1,5,48487,34.077530303,-99.24129491
48,45.4,1,5,48489,26.471592041,-97.68483894
48,64.2,1,5,48491,30.65378661,-97.60082228
48,80.5,1,5,48493,29.178751175,-98.0917855
48,103.7,1,5,48495,31.851093773,-103.0532534
48,79.9,1,5,48497,33.218399149,-97.651289
48,80,1,5,48499,32.789898968,-95.37949396
48,73.4,1,5,48501,33.165877334,-102.8177803
48,91.2,1,5,48503,33.176205113,-98.68538707
48,80,1,5,48507,28.864591764,-99.76224995
48,87.4,2,5,48001,31.818802738,-95.6528787
48,59.1,2,5,48003,32.302817314,-102.6321814
48,135.7,2,5,48005,31.258519117,-94.6156135
48,52.6,2,5,48007,28.234713056,-96.8711903
48,83.4,2,5,48009,33.615845446,-98.68506457
48,79.4,2,5,48011,34.965850951,-101.3574186
48,73.8,2,5,48013,28.888626695,-98.53040425
48,57.3,2,5,48015,29.887052088,-96.28358685
48,66.7,2,5,48017,34.067474141,-102.8200397
48,72.9,2,5,48019,29.755371552,-99.26042835
48,66.3,2,5,48021,30.104655052,-97.31956624
48,86.6,2,5,48023,33.614830286,-99.21047316
48,63.2,2,5,48025,28.410063526,-97.74119458
48,66.2,2,5,48027,31.045597981,-97.48227324
48,73.2,2,5,48029,29.452563869,-98.52530495
48,61.1,2,5,48031,30.273740811,-98.40025681
48,74.6,2,5,48033,32.739024724,-101.4326916
48,86.1,2,5,48035,31.90683192,-97.63468402
48,101,2,5,48037,33.448911882,-94.41605131
48,78.4,2,5,48039,29.19471028,-95.45960701
48,66.6,2,5,48041,30.668342771,-96.3017134
48,63.2,2,5,48045,34.530523861,-101.2084249
48,37.8,2,5,48047,27.036500741,-98.22794913
48,91.4,2,5,48049,31.776792754,-98.99962727
48,62.1,2,5,48051,30.500191338,-96.62188309
48,66.3,2,5,48053,30.796715991,-98.18252208
48,63.9,2,5,48055,29.840874237,-97.63039017
48,60.1,2,5,48057,28.471118945,-96.64448356
48,91.5,2,5,48059,32.302830086,-99.37225322
48,35.8,2,5,48061,26.132760093,-97.5467908
48,88,2,5,48063,32.982093076,-94.97861911
48,71.6,2,5,48065,35.403425475,-101.3557841
48,94.7,2,5,48067,33.080422128,-94.34343693
48,60.1,2,5,48069,34.529499155,-102.2571403
48,79,2,5,48071,29.744393244,-94.60956515
48,91.2,2,5,48073,31.84195472,-95.16797805
48,84.6,2,5,48075,34.530045574,-100.2083752
48,81.7,2,5,48077,33.783725163,-98.20532654
48,68.3,2,5,48079,33.602048232,-102.8176225
48,74.2,2,5,48081,31.892479913,-100.5268402
48,91.5,2,5,48083,31.776851647,-99.45117593
48,70.8,2,5,48085,33.191737499,-96.56487279
48,85,2,5,48087,34.963903028,-100.2692816
48,63.3,2,5,48089,29.621498901,-96.53496734
48,66,2,5,48091,29.811697729,-98.28802167
48,84.8,2,5,48093,31.951389607,-98.55951411
48,87,2,5,48095,31.328696227,-99.86404372
48,87.1,2,5,48097,33.642320666,-97.20597948
48,77.3,2,5,48099,31.395224874,-97.80009739
48,98.5,2,5,48101,34.081298217,-100.2850939
48,77.2,2,5,48103,31.431421148,-102.5111012
48,107.8,2,5,48105,30.726169291,-101.409916
48,73.8,2,5,48107,33.613441546,-101.3044187
48,51.9,2,5,48109,31.456130089,-104.5175943
48,84.5,2,5,48113,32.773822776,-96.77460664
48,63.8,2,5,48115,32.738640916,-101.9446018
48,55.9,2,5,48117,34.965023782,-102.5958085
48,83.1,2,5,48119,33.3893687,-95.66146768
48,79.8,2,5,48121,33.211259295,-97.11111243
48,66.6,2,5,48123,29.086095767,-97.3620047
48,117.4,2,5,48125,33.615604076,-100.7839483
48,74.3,2,5,48129,34.965050217,-100.8143585
48,55.2,2,5,48131,27.685625476,-98.51451765
48,89.4,2,5,48133,32.332825846,-98.83031837
48,63.7,2,5,48135,31.869421192,-102.5446733
48,66.3,2,5,48137,29.982066084,-100.3040054
48,88.3,2,5,48139,32.358835735,-96.79514738
48,64.5,2,5,48141,31.774862958,-106.2434986
48,85.8,2,5,48143,32.241258664,-98.21624848
48,73.3,2,5,48145,31.260794405,-96.93597036
48,72.9,2,5,48147,33.596867033,-96.10024543
48,65.5,2,5,48149,29.881834384,-96.92824231
48,85.7,2,5,48151,32.739377867,-100.405607
48,69.4,2,5,48153,34.072999435,-101.304667
48,108.9,2,5,48155,33.97396436,-99.78256438
48,65.3,2,5,48157,29.532088069,-95.77530292
48,84.4,2,5,48159,33.181001594,-95.21584866
48,84.8,2,5,48161,31.711545468,-96.1499322
48,65.4,2,5,48163,28.865440972,-99.11037183
48,55.4,2,5,48165,32.735990771,-102.6287694
48,82.2,2,5,48167,29.408719035,-94.95657541
48,66.9,2,5,48169,33.172703241,-101.3022497
48,55.3,2,5,48171,30.32417991,-98.94924915
48,59.2,2,5,48173,31.872115841,-101.5209291
48,61.7,2,5,48175,28.654439784,-97.42763851
48,67.5,2,5,48177,29.461944358,-97.49773514
48,88,2,5,48179,35.402853362,-100.8135028
48,87,2,5,48181,33.630353905,-96.66986718
48,79.4,2,5,48183,32.48161531,-94.81854117
48,72.8,2,5,48185,30.549244857,-95.98288611
48,64.2,2,5,48187,29.588793911,-97.95405212
48,70,2,5,48189,34.072387297,-101.8233619
48,82.8,2,5,48191,34.530832402,-100.6826834
48,87,2,5,48193,31.709980663,-98.1060773
48,54.1,2,5,48195,36.272335553,-101.353951
48,76.8,2,5,48197,34.289296943,-99.74755626
48,74,2,5,48199,30.331853751,-94.3906328
48,76.3,2,5,48201,29.861369689,-95.40019036
48,80.7,2,5,48203,32.546380208,-94.36984614
48,94.4,2,5,48205,35.839626332,-102.5942383
48,75.3,2,5,48207,33.178312959,-99.72753501
48,61.7,2,5,48209,30.057823969,-98.0416092
48,80.7,2,5,48211,35.840004479,-100.2698875
48,82.1,2,5,48213,32.217208959,-95.85101345
48,35.5,2,5,48215,26.40180309,-98.19095629
48,89.4,2,5,48217,31.99920972,-97.13293995
48,67.5,2,5,48219,33.609846507,-102.3376625
48,90.7,2,5,48221,32.432735131,-97.82925235
48,83.7,2,5,48223,33.152924109,-95.56142755
48,101.4,2,5,48225,31.323169246,-95.42253615
48,78.4,2,5,48227,32.306276123,-101.434244
48,60.4,2,5,48229,31.459132529,-105.3913825
48,77.4,2,5,48231,33.128357886,-96.07982012
48,87.6,2,5,48233,35.840876882,-101.3546435
48,78.8,2,5,48235,31.307674376,-100.9813469
48,92.2,2,5,48237,33.235043253,-98.1696267
48,70.4,2,5,48239,28.949048219,-96.57676475
48,121.3,2,5,48241,30.74766434,-94.02399663
48,82.4,2,5,48245,29.883333174,-94.17521696
48,79,2,5,48249,27.731908736,-98.09613411
48,88.7,2,5,48251,32.384775388,-97.36633054
48,86.7,2,5,48253,32.741340328,-99.88084117
48,73.4,2,5,48255,28.907199913,-97.86165998
48,86.3,2,5,48257,32.605662785,-96.28731762
48,68.2,2,5,48259,29.947013329,-98.71834991
48,97.5,2,5,48263,33.175595441,-100.7828082
48,62,2,5,48265,30.067798059,-99.35327604
48,50.5,2,5,48267,30.487533913,-99.74967502
48,88.5,2,5,48271,29.348737548,-100.4193132
48,83,2,5,48273,27.439541098,-97.73493282
48,80.1,2,5,48277,33.672843358,-95.56465626
48,68.5,2,5,48279,34.070154107,-102.3462843
48,75.7,2,5,48281,31.200173638,-98.24391802
48,66.7,2,5,48283,28.343349112,-99.102014
48,64.1,2,5,48285,29.386523368,-96.93409679
48,66.1,2,5,48287,30.317448138,-96.96939135
48,75.3,2,5,48289,31.302471175,-95.99620359
48,81.7,2,5,48291,30.154829736,-94.81749325
48,84.6,2,5,48293,31.554462911,-96.5826413
48,90.2,2,5,48295,36.275123525,-100.2719727
48,68.3,2,5,48297,28.350897675,-98.13011
48,71.2,2,5,48299,30.70986598,-98.68109711
48,70.4,2,5,48303,33.6126553,-101.820058
48,67.2,2,5,48305,33.172855215,-101.8170363
48,92.8,2,5,48307,31.200065962,-99.34671681
48,77.4,2,5,48309,31.55809188,-97.20130405
48,65.1,2,5,48311,28.349792592,-98.57436072
48,73.2,2,5,48313,30.972465694,-95.92916743
48,80.7,2,5,48315,32.799361205,-94.35686949
48,56.1,2,5,48317,32.305180039,-101.9509324
48,61.3,2,5,48319,30.722224874,-99.22347006
48,83.3,2,5,48321,28.870099561,-95.98569621
48,89.3,2,5,48323,28.741021674,-100.3157988
48,75.4,2,5,48325,29.357567822,-99.11263932
48,81,2,5,48327,30.892211065,-99.81993198
48,62.1,2,5,48329,31.869963707,-102.0317145
48,64.4,2,5,48331,30.79784669,-96.97988971
48,74.8,2,5,48333,31.499445349,-98.59233682
48,84.4,2,5,48335,32.306285783,-100.920786
48,99.9,2,5,48337,33.677166005,-97.72120306
48,76.3,2,5,48339,30.304170173,-95.50302332
48,77.4,2,5,48341,35.840621895,-101.892938
48,104.8,2,5,48343,33.123407704,-94.7359675
48,96.6,2,5,48345,34.07734496,-100.7856237
48,109.5,2,5,48347,31.620046846,-94.61748025
48,91.3,2,5,48349,32.055440758,-96.47205806
48,97.8,2,5,48351,30.787935683,-93.7433093
48,84.2,2,5,48353,32.303563193,-100.410308
48,80.3,2,5,48355,27.726055861,-97.6361378
48,62.2,2,5,48357,36.273211509,-100.8160409
48,88.2,2,5,48359,35.401189014,-102.5906654
48,86.8,2,5,48361,30.127899486,-93.8966906
48,92.5,2,5,48363,32.756007369,-98.30789214
48,76.1,2,5,48365,32.160262572,-94.30019074
48,88.6,2,5,48367,32.778882874,-97.80009346
48,57.3,2,5,48369,34.528502213,-102.772436
48,75.7,2,5,48371,30.786788372,-102.7305738
48,122.2,2,5,48373,30.795027657,-94.83143007
48,101.3,2,5,48375,35.4043891,-101.8905032
48,81.2,2,5,48379,32.874706768,-95.78769078
48,58.6,2,5,48381,34.966649594,-101.8971495
48,64.3,2,5,48383,31.370613593,-101.52296
48,70.8,2,5,48385,29.838246215,-99.82919788
48,99.8,2,5,48387,33.626050657,-95.04524496
48,59.6,2,5,48389,31.327941216,-103.6936359
48,57.7,2,5,48391,28.320929632,-97.15900596
48,68.9,2,5,48393,35.840556018,-100.815247
48,73.1,2,5,48395,31.036372409,-96.51507248
48,80.4,2,5,48397,32.905913056,-96.40624071
48,83.9,2,5,48399,31.834290378,-99.97241813
48,79.9,2,5,48401,32.111568397,-94.76318705
48,109.8,2,5,48403,31.347896322,-93.85124941
48,127.5,2,5,48405,31.395171995,-94.17085413
48,82,2,5,48407,30.584453369,-95.16775208
48,72.4,2,5,48409,28.00346828,-97.51134264
48,83.9,2,5,48411,31.157421631,-98.8176094
48,82.2,2,5,48413,30.892544222,-100.5366337
48,82.8,2,5,48415,32.739058241,-100.9182711
48,87,2,5,48417,32.739150065,-99.35526106
48,94.1,2,5,48419,31.793647208,-94.14188801
48,49.9,2,5,48421,36.273284896,-101.8935462
48,74,2,5,48423,32.377875453,-95.2696556
48,87.3,2,5,48425,32.229019544,-97.77451855
48,30,2,5,48427,26.566505239,-98.74935624
48,86.6,2,5,48429,32.738576182,-98.83445925
48,80.9,2,5,48431,31.83403239,-101.0505186
48,72.2,2,5,48433,33.175327844,-100.254512
48,60.6,2,5,48437,34.530983792,-101.7317338
48,86.2,2,5,48439,32.77624145,-97.28705533
48,91.3,2,5,48441,32.303192365,-99.89062332
48,77.7,2,5,48443,30.232839181,-102.0812867
48,62.2,2,5,48445,33.170124081,-102.3312798
48,67.6,2,5,48447,33.178271462,-99.20942624
48,87.5,2,5,48449,33.219368968,-94.96523821
48,78.3,2,5,48451,31.408457595,-100.465669
48,64.6,2,5,48453,30.335956922,-97.7878632
48,104.7,2,5,48455,31.091860005,-95.1361003
48,78.1,2,5,48457,30.770441115,-94.37593775
48,74,2,5,48459,32.742662831,-94.94258368
48,62.9,2,5,48461,31.370294411,-102.0382816
48,75.5,2,5,48463,29.359157878,-99.76531845
48,90.2,2,5,48465,29.892279958,-101.1472352
48,79.6,2,5,48467,32.569502379,-95.83639752
48,61.5,2,5,48469,28.796180443,-96.9724298
48,76.6,2,5,48471,30.746612003,-95.57370219
48,72.2,2,5,48473,30.012095389,-95.9936802
48,76,2,5,48475,31.513511951,-103.1002619
48,61,2,5,48477,30.218997223,-96.40611573
48,55,2,5,48479,27.762417738,-99.33702206
48,82.4,2,5,48481,29.277780945,-96.22941719
48,89.3,2,5,48483,35.40239591,-100.2691185
48,87.3,2,5,48485,33.983561851,-98.70340851
48,87.8,2,5,48487,34.077530303,-99.24129491
48,35.7,2,5,48489,26.471592041,-97.68483894
48,66.3,2,5,48491,30.65378661,-97.60082228
48,72.8,2,5,48493,29.178751175,-98.0917855
48,70.9,2,5,48495,31.851093773,-103.0532534
48,86.8,2,5,48497,33.218399149,-97.651289
48,73.9,2,5,48499,32.789898968,-95.37949396
48,51.5,2,5,48501,33.165877334,-102.8177803
48,88.7,2,5,48503,33.176205113,-98.68538707
48,70.9,2,5,48507,28.864591764,-99.76224995
48,116.8,1,3,48001,31.818802738,-95.6528787
48,165.6,1,3,48005,31.258519117,-94.6156135
48,94.3,1,3,48013,28.888626695,-98.53040425
48,87.1,1,3,48015,29.887052088,-96.28358685
48,95.9,1,3,48019,29.755371552,-99.26042835
48,117.4,1,3,48021,30.104655052,-97.31956624
48,114.1,1,3,48027,31.045597981,-97.48227324
48,92,1,3,48029,29.452563869,-98.52530495
48,102.1,1,3,48031,30.273740811,-98.40025681
48,101.5,1,3,48035,31.90683192,-97.63468402
48,135.1,1,3,48037,33.448911882,-94.41605131
48,114,1,3,48039,29.19471028,-95.45960701
48,144.6,1,3,48041,30.668342771,-96.3017134
48,158.1,1,3,48051,30.500191338,-96.62188309
48,111.4,1,3,48053,30.796715991,-98.18252208
48,99.3,1,3,48055,29.840874237,-97.63039017
48,154.4,1,3,48067,33.080422128,-94.34343693
48,122.1,1,3,48071,29.744393244,-94.60956515
48,109.3,1,3,48073,31.84195472,-95.16797805
48,93.5,1,3,48085,33.191737499,-96.56487279
48,89.5,1,3,48091,29.811697729,-98.28802167
48,121,1,3,48097,33.642320666,-97.20597948
48,102.3,1,3,48099,31.395224874,-97.80009739
48,131.1,1,3,48113,32.773822776,-96.77460664
48,120.7,1,3,48121,33.211259295,-97.11111243
48,130.5,1,3,48139,32.358835735,-96.79514738
48,76.4,1,3,48141,31.774862958,-106.2434986
48,123.2,1,3,48145,31.260794405,-96.93597036
48,137.4,1,3,48147,33.596867033,-96.10024543
48,124.3,1,3,48149,29.881834384,-96.92824231
48,98,1,3,48157,29.532088069,-95.77530292
48,115.2,1,3,48161,31.711545468,-96.1499322
48,120.4,1,3,48167,29.408719035,-94.95657541
48,257,1,3,48169,33.172703241,-101.3022497
48,91.7,1,3,48177,29.461944358,-97.49773514
48,117.6,1,3,48181,33.630353905,-96.66986718
48,151.1,1,3,48183,32.48161531,-94.81854117
48,127.4,1,3,48185,30.549244857,-95.98288611
48,89.8,1,3,48187,29.588793911,-97.95405212
48,89.1,1,3,48189,34.072387297,-101.8233619
48,139.2,1,3,48199,30.331853751,-94.3906328
48,119.5,1,3,48201,29.861369689,-95.40019036
48,156.8,1,3,48203,32.546380208,-94.36984614
48,91.5,1,3,48209,30.057823969,-98.0416092
48,120.9,1,3,48213,32.217208959,-95.85101345
48,109.8,1,3,48217,31.99920972,-97.13293995
48,180.5,1,3,48219,33.609846507,-102.3376625
48,136.3,1,3,48225,31.323169246,-95.42253615
48,90.8,1,3,48231,33.128357886,-96.07982012
48,164.8,1,3,48241,30.74766434,-94.02399663
48,127.6,1,3,48245,29.883333174,-94.17521696
48,126,1,3,48251,32.384775388,-97.36633054
48,132.7,1,3,48257,32.605662785,-96.28731762
48,96,1,3,48259,29.947013329,-98.71834991
48,175.6,1,3,48279,34.070154107,-102.3462843
48,96.5,1,3,48281,31.200173638,-98.24391802
48,135.7,1,3,48287,30.317448138,-96.96939135
48,134,1,3,48289,31.302471175,-95.99620359
48,121.6,1,3,48291,30.154829736,-94.81749325
48,122.6,1,3,48293,31.554462911,-96.5826413
48,207.7,1,3,48303,33.6126553,-101.820058
48,105.9,1,3,48309,31.55809188,-97.20130405
48,133.5,1,3,48313,30.972465694,-95.92916743
48,158.5,1,3,48315,32.799361205,-94.35686949
48,112.3,1,3,48321,28.870099561,-95.98569621
48,95.4,1,3,48325,29.357567822,-99.11263932
48,66.1,1,3,48329,31.869963707,-102.0317145
48,126.8,1,3,48331,30.79784669,-96.97988971
48,120.2,1,3,48339,30.304170173,-95.50302332
48,131.6,1,3,48343,33.123407704,-94.7359675
48,85.1,1,3,48347,31.620046846,-94.61748025
48,118.5,1,3,48349,32.055440758,-96.47205806
48,161,1,3,48351,30.787935683,-93.7433093
48,108.5,1,3,48355,27.726055861,-97.6361378
48,140.2,1,3,48361,30.127899486,-93.8966906
48,156.7,1,3,48365,32.160262572,-94.30019074
48,125,1,3,48367,32.778882874,-97.80009346
48,171,1,3,48373,30.795027657,-94.83143007
48,92.1,1,3,48375,35.4043891,-101.8905032
48,151.4,1,3,48387,33.626050657,-95.04524496
48,148.9,1,3,48395,31.036372409,-96.51507248
48,130.9,1,3,48397,32.905913056,-96.40624071
48,107.7,1,3,48401,32.111568397,-94.76318705
48,139,1,3,48405,31.395171995,-94.17085413
48,133.7,1,3,48407,30.584453369,-95.16775208
48,92.1,1,3,48419,31.793647208,-94.14188801
48,119.3,1,3,48423,32.377875453,-95.2696556
48,128.6,1,3,48439,32.77624145,-97.28705533
48,168.8,1,3,48441,32.303192365,-99.89062332
48,204,1,3,48445,33.170124081,-102.3312798
48,111.1,1,3,48453,30.335956922,-97.7878632
48,151.1,1,3,48455,31.091860005,-95.1361003
48,187.4,1,3,48457,30.770441115,-94.37593775
48,140.4,1,3,48459,32.742662831,-94.94258368
48,122.7,1,3,48467,32.569502379,-95.83639752
48,124.5,1,3,48471,30.746612003,-95.57370219
48,113.5,1,3,48473,30.012095389,-95.9936802
48,124.7,1,3,48477,30.218997223,-96.40611573
48,91.9,1,3,48481,29.277780945,-96.22941719
48,165.2,1,3,48485,33.983561851,-98.70340851
48,115.3,1,3,48491,30.65378661,-97.60082228
48,92.9,1,3,48493,29.178751175,-98.0917855
48,124.4,1,3,48497,33.218399149,-97.651289
48,102.5,1,3,48499,32.789898968,-95.37949396
48,101.9,2,3,48001,31.818802738,-95.6528787
48,138.8,2,3,48005,31.258519117,-94.6156135
48,112.1,2,3,48013,28.888626695,-98.53040425
48,64,2,3,48015,29.887052088,-96.28358685
48,112,2,3,48019,29.755371552,-99.26042835
48,80.3,2,3,48021,30.104655052,-97.31956624
48,99.8,2,3,48027,31.045597981,-97.48227324
48,109.4,2,3,48029,29.452563869,-98.52530495
48,81.4,2,3,48031,30.273740811,-98.40025681
48,109.6,2,3,48035,31.90683192,-97.63468402
48,139.1,2,3,48037,33.448911882,-94.41605131
48,86.9,2,3,48039,29.19471028,-95.45960701
48,70.6,2,3,48041,30.668342771,-96.3017134
48,74.1,2,3,48051,30.500191338,-96.62188309
48,83,2,3,48053,30.796715991,-98.18252208
48,77.7,2,3,48055,29.840874237,-97.63039017
48,116.4,2,3,48067,33.080422128,-94.34343693
48,101.1,2,3,48071,29.744393244,-94.60956515
48,108.4,2,3,48073,31.84195472,-95.16797805
48,92.3,2,3,48085,33.191737499,-96.56487279
48,107.5,2,3,48091,29.811697729,-98.28802167
48,74.7,2,3,48097,33.642320666,-97.20597948
48,102.7,2,3,48099,31.395224874,-97.80009739
48,111.8,2,3,48113,32.773822776,-96.77460664
48,201.8,2,3,48119,33.3893687,-95.66146768
48,92.5,2,3,48121,33.211259295,-97.11111243
48,116,2,3,48139,32.358835735,-96.79514738
48,85.3,2,3,48141,31.774862958,-106.2434986
48,103.9,2,3,48145,31.260794405,-96.93597036
48,97.4,2,3,48147,33.596867033,-96.10024543
48,120.4,2,3,48149,29.881834384,-96.92824231
48,73.3,2,3,48157,29.532088069,-95.77530292
48,130.3,2,3,48159,33.181001594,-95.21584866
48,97.7,2,3,48161,31.711545468,-96.1499322
48,118.1,2,3,48167,29.408719035,-94.95657541
48,82.2,2,3,48177,29.461944358,-97.49773514
48,79.8,2,3,48181,33.630353905,-96.66986718
48,130.4,2,3,48183,32.48161531,-94.81854117
48,75.3,2,3,48185,30.549244857,-95.98288611
48,96.1,2,3,48187,29.588793911,-97.95405212
48,106,2,3,48199,30.331853751,-94.3906328
48,99,2,3,48201,29.861369689,-95.40019036
48,105.8,2,3,48203,32.546380208,-94.36984614
48,75.4,2,3,48209,30.057823969,-98.0416092
48,99.6,2,3,48213,32.217208959,-95.85101345
48,108.4,2,3,48217,31.99920972,-97.13293995
48,129.7,2,3,48225,31.323169246,-95.42253615
48,103.5,2,3,48231,33.128357886,-96.07982012
48,90,2,3,48239,28.949048219,-96.57676475
48,121.6,2,3,48241,30.74766434,-94.02399663
48,105.2,2,3,48245,29.883333174,-94.17521696
48,122.1,2,3,48251,32.384775388,-97.36633054
48,109.3,2,3,48257,32.605662785,-96.28731762
48,113.2,2,3,48259,29.947013329,-98.71834991
48,150.9,2,3,48277,33.672843358,-95.56465626
48,100.6,2,3,48281,31.200173638,-98.24391802
48,91,2,3,48287,30.317448138,-96.96939135
48,76.7,2,3,48289,31.302471175,-95.99620359
48,99.8,2,3,48291,30.154829736,-94.81749325
48,92,2,3,48293,31.554462911,-96.5826413
48,106,2,3,48303,33.6126553,-101.820058
48,102.9,2,3,48309,31.55809188,-97.20130405
48,72.5,2,3,48313,30.972465694,-95.92916743
48,104.6,2,3,48315,32.799361205,-94.35686949
48,82,2,3,48321,28.870099561,-95.98569621
48,111.4,2,3,48325,29.357567822,-99.11263932
48,89.6,2,3,48329,31.869963707,-102.0317145
48,95.2,2,3,48331,30.79784669,-96.97988971
48,99,2,3,48339,30.304170173,-95.50302332
48,125.6,2,3,48343,33.123407704,-94.7359675
48,135.3,2,3,48347,31.620046846,-94.61748025
48,107.5,2,3,48349,32.055440758,-96.47205806
48,148.8,2,3,48351,30.787935683,-93.7433093
48,51,2,3,48355,27.726055861,-97.6361378
48,136.7,2,3,48361,30.127899486,-93.8966906
48,104,2,3,48365,32.160262572,-94.30019074
48,122.7,2,3,48367,32.778882874,-97.80009346
48,151.3,2,3,48373,30.795027657,-94.83143007
48,73.7,2,3,48375,35.4043891,-101.8905032
48,135.8,2,3,48387,33.626050657,-95.04524496
48,71.9,2,3,48395,31.036372409,-96.51507248
48,117.6,2,3,48397,32.905913056,-96.40624071
48,99,2,3,48401,32.111568397,-94.76318705
48,145.6,2,3,48405,31.395171995,-94.17085413
48,113.8,2,3,48407,30.584453369,-95.16775208
48,118.5,2,3,48419,31.793647208,-94.14188801
48,87.4,2,3,48423,32.377875453,-95.2696556
48,120.2,2,3,48439,32.77624145,-97.28705533
48,159.4,2,3,48441,32.303192365,-99.89062332
48,117.1,2,3,48445,33.170124081,-102.3312798
48,82,2,3,48453,30.335956922,-97.7878632
48,146.3,2,3,48455,31.091860005,-95.1361003
48,155.4,2,3,48457,30.770441115,-94.37593775
48,99.2,2,3,48459,32.742662831,-94.94258368
48,87.7,2,3,48467,32.569502379,-95.83639752
48,98.7,2,3,48471,30.746612003,-95.57370219
48,84.6,2,3,48473,30.012095389,-95.9936802
48,123,2,3,48477,30.218997223,-96.40611573
48,68.9,2,3,48481,29.277780945,-96.22941719
48,115.9,2,3,48485,33.983561851,-98.70340851
48,82.3,2,3,48491,30.65378661,-97.60082228
48,105.5,2,3,48493,29.178751175,-98.0917855
48,113.7,2,3,48497,33.218399149,-97.651289
48,87.2,2,3,48499,32.789898968,-95.37949396
48,109.1,1,4,48001,31.818802738,-95.6528787
48,83.5,1,4,48003,32.302817314,-102.6321814
48,52.6,1,4,48005,31.258519117,-94.6156135
48,105.5,1,4,48007,28.234713056,-96.8711903
48,73.4,1,4,48011,34.965850951,-101.3574186
48,99.1,1,4,48013,28.888626695,-98.53040425
48,54.4,1,4,48015,29.887052088,-96.28358685
48,60.4,1,4,48017,34.067474141,-102.8200397
48,98.6,1,4,48019,29.755371552,-99.26042835
48,74.4,1,4,48021,30.104655052,-97.31956624
48,101.6,1,4,48025,28.410063526,-97.74119458
48,54.1,1,4,48027,31.045597981,-97.48227324
48,97.9,1,4,48029,29.452563869,-98.52530495
48,85,1,4,48031,30.273740811,-98.40025681
48,69.1,1,4,48035,31.90683192,-97.63468402
48,77,1,4,48039,29.19471028,-95.45960701
48,64.3,1,4,48041,30.668342771,-96.3017134
48,75.9,1,4,48047,27.036500741,-98.22794913
48,90.6,1,4,48049,31.776792754,-98.99962727
48,70.8,1,4,48053,30.796715991,-98.18252208
48,81.8,1,4,48055,29.840874237,-97.63039017
48,99.5,1,4,48057,28.471118945,-96.64448356
48,97.5,1,4,48059,32.302830086,-99.37225322
48,63.8,1,4,48061,26.132760093,-97.5467908
48,61.5,1,4,48065,35.403425475,-101.3557841
48,46.6,1,4,48069,34.529499155,-102.2571403
48,69.3,1,4,48071,29.744393244,-94.60956515
48,55.8,1,4,48073,31.84195472,-95.16797805
48,63.1,1,4,48079,33.602048232,-102.8176225
48,78.8,1,4,48081,31.892479913,-100.5268402
48,89.3,1,4,48083,31.776851647,-99.45117593
48,70.3,1,4,48085,33.191737499,-96.56487279
48,90.5,1,4,48091,29.811697729,-98.28802167
48,79.1,1,4,48095,31.328696227,-99.86404372
48,61.9,1,4,48097,33.642320666,-97.20597948
48,49.2,1,4,48099,31.395224874,-97.80009739
48,72.7,1,4,48103,31.431421148,-102.5111012
48,67.3,1,4,48105,30.726169291,-101.409916
48,126.8,1,4,48107,33.613441546,-101.3044187
48,85.4,1,4,48109,31.456130089,-104.5175943
48,82,1,4,48113,32.773822776,-96.77460664
48,55.9,1,4,48117,34.965023782,-102.5958085
48,58,1,4,48121,33.211259295,-97.11111243
48,101.8,1,4,48123,29.086095767,-97.3620047
48,98.1,1,4,48127,28.421027615,-99.75259956
48,99.1,1,4,48131,27.685625476,-98.51451765
48,89.7,1,4,48135,31.869421192,-102.5446733
48,96.3,1,4,48137,29.982066084,-100.3040054
48,79.7,1,4,48139,32.358835735,-96.79514738
48,66.5,1,4,48141,31.774862958,-106.2434986
48,64.3,1,4,48145,31.260794405,-96.93597036
48,57.5,1,4,48147,33.596867033,-96.10024543
48,66.9,1,4,48149,29.881834384,-96.92824231
48,96,1,4,48151,32.739377867,-100.405607
48,122.3,1,4,48153,34.072999435,-101.304667
48,66.5,1,4,48157,29.532088069,-95.77530292
48,116.9,1,4,48163,28.865440972,-99.11037183
48,69.3,1,4,48165,32.735990771,-102.6287694
48,75.7,1,4,48167,29.408719035,-94.95657541
48,131.4,1,4,48169,33.172703241,-101.3022497
48,81.8,1,4,48173,31.872115841,-101.5209291
48,104.9,1,4,48175,28.654439784,-97.42763851
48,77.5,1,4,48177,29.461944358,-97.49773514
48,79,1,4,48181,33.630353905,-96.66986718
48,44.6,1,4,48183,32.48161531,-94.81854117
48,103,1,4,48185,30.549244857,-95.98288611
48,80.2,1,4,48187,29.588793911,-97.95405212
48,109.9,1,4,48189,34.072387297,-101.8233619
48,41.7,1,4,48199,30.331853751,-94.3906328
48,72.1,1,4,48201,29.861369689,-95.40019036
48,59.2,1,4,48205,35.839626332,-102.5942383
48,101.5,1,4,48209,30.057823969,-98.0416092
48,74.8,1,4,48213,32.217208959,-95.85101345
48,63.6,1,4,48215,26.40180309,-98.19095629
48,75.2,1,4,48217,31.99920972,-97.13293995
48,113.6,1,4,48219,33.609846507,-102.3376625
48,98.4,1,4,48227,32.306276123,-101.434244
48,67.6,1,4,48229,31.459132529,-105.3913825
48,65.1,1,4,48231,33.128357886,-96.07982012
48,73.6,1,4,48235,31.307674376,-100.9813469
48,80.5,1,4,48239,28.949048219,-96.57676475
48,36,1,4,48245,29.883333174,-94.17521696
48,98.5,1,4,48247,27.04840341,-98.7073849
48,95.5,1,4,48249,27.731908736,-98.09613411
48,72.5,1,4,48251,32.384775388,-97.36633054
48,104.6,1,4,48255,28.907199913,-97.86165998
48,80.9,1,4,48257,32.605662785,-96.28731762
48,97,1,4,48259,29.947013329,-98.71834991
48,64.2,1,4,48261,26.927364427,-97.72903149
48,75.8,1,4,48265,30.067798059,-99.35327604
48,96.7,1,4,48271,29.348737548,-100.4193132
48,95.1,1,4,48273,27.439541098,-97.73493282
48,107.9,1,4,48279,34.070154107,-102.3462843
48,99.3,1,4,48283,28.343349112,-99.102014
48,70.4,1,4,48285,29.386523368,-96.93409679
48,64.3,1,4,48287,30.317448138,-96.96939135
48,70.4,1,4,48291,30.154829736,-94.81749325
48,85.5,1,4,48293,31.554462911,-96.5826413
48,106,1,4,48297,28.350897675,-98.13011
48,120.8,1,4,48303,33.6126553,-101.820058
48,127.4,1,4,48305,33.172855215,-101.8170363
48,81.4,1,4,48309,31.55809188,-97.20130405
48,97.8,1,4,48311,28.349792592,-98.57436072
48,75,1,4,48317,32.305180039,-101.9509324
48,93,1,4,48321,28.870099561,-95.98569621
48,98.4,1,4,48323,28.741021674,-100.3157988
48,99.8,1,4,48325,29.357567822,-99.11263932
48,84.3,1,4,48327,30.892211065,-99.81993198
48,86.3,1,4,48329,31.869963707,-102.0317145
48,57.7,1,4,48331,30.79784669,-96.97988971
48,67,1,4,48339,30.304170173,-95.50302332
48,57.6,1,4,48341,35.840621895,-101.892938
48,50.1,1,4,48347,31.620046846,-94.61748025
48,84.4,1,4,48349,32.055440758,-96.47205806
48,89,1,4,48353,32.303563193,-100.410308
48,94.4,1,4,48355,27.726055861,-97.6361378
48,56.7,1,4,48359,35.401189014,-102.5906654
48,71.3,1,4,48367,32.778882874,-97.80009346
48,45.3,1,4,48371,30.786788372,-102.7305738
48,57.3,1,4,48373,30.795027657,-94.83143007
48,69.9,1,4,48375,35.4043891,-101.8905032
48,45.9,1,4,48381,34.966649594,-101.8971495
48,76.9,1,4,48383,31.370613593,-101.52296
48,102.9,1,4,48385,29.838246215,-99.82919788
48,78.4,1,4,48389,31.327941216,-103.6936359
48,99.9,1,4,48391,28.320929632,-97.15900596
48,79.2,1,4,48397,32.905913056,-96.40624071
48,79.2,1,4,48399,31.834290378,-99.97241813
48,46.8,1,4,48401,32.111568397,-94.76318705
48,60.1,1,4,48407,30.584453369,-95.16775208
48,95.6,1,4,48409,28.00346828,-97.51134264
48,77.4,1,4,48413,30.892544222,-100.5366337
48,51.2,1,4,48423,32.377875453,-95.2696556
48,74.9,1,4,48427,26.566505239,-98.74935624
48,82.3,1,4,48431,31.83403239,-101.0505186
48,79.7,1,4,48435,30.493271427,-100.5382345
48,76.5,1,4,48439,32.77624145,-97.28705533
48,89.8,1,4,48441,32.303192365,-99.89062332
48,63.5,1,4,48443,30.232839181,-102.0812867
48,106.2,1,4,48445,33.170124081,-102.3312798
48,6.1,1,4,48449,33.219368968,-94.96523821
48,77.5,1,4,48451,31.408457595,-100.465669
48,78.7,1,4,48453,30.335956922,-97.7878632
48,81.8,1,4,48461,31.370294411,-102.0382816
48,110.4,1,4,48463,29.359157878,-99.76531845
48,77.4,1,4,48465,29.892279958,-101.1472352
48,62.9,1,4,48467,32.569502379,-95.83639752
48,93.2,1,4,48469,28.796180443,-96.9724298
48,56.3,1,4,48471,30.746612003,-95.57370219
48,67.8,1,4,48473,30.012095389,-95.9936802
48,92,1,4,48475,31.513511951,-103.1002619
48,80.1,1,4,48477,30.218997223,-96.40611573
48,97.7,1,4,48479,27.762417738,-99.33702206
48,67.3,1,4,48481,29.277780945,-96.22941719
48,59.5,1,4,48485,33.983561851,-98.70340851
48,63.7,1,4,48489,26.471592041,-97.68483894
48,69.4,1,4,48491,30.65378661,-97.60082228
48,96.8,1,4,48493,29.178751175,-98.0917855
48,106.1,1,4,48495,31.851093773,-103.0532534
48,84.9,1,4,48497,33.218399149,-97.651289
48,96.5,1,4,48505,27.002324482,-99.17442539
48,114.3,1,4,48507,28.864591764,-99.76224995
48,112.5,2,4,48003,32.302817314,-102.6321814
48,81.1,2,4,48005,31.258519117,-94.6156135
48,89.5,2,4,48007,28.234713056,-96.8711903
48,228.5,2,4,48011,34.965850951,-101.3574186
48,74.4,2,4,48013,28.888626695,-98.53040425
48,51.7,2,4,48015,29.887052088,-96.28358685
48,71.3,2,4,48017,34.067474141,-102.8200397
48,73.7,2,4,48019,29.755371552,-99.26042835
48,67.9,2,4,48021,30.104655052,-97.31956624
48,101.2,2,4,48025,28.410063526,-97.74119458
48,63,2,4,48027,31.045597981,-97.48227324
48,73.5,2,4,48029,29.452563869,-98.52530495
48,66.5,2,4,48031,30.273740811,-98.40025681
48,69.6,2,4,48035,31.90683192,-97.63468402
48,58.7,2,4,48039,29.19471028,-95.45960701
48,82.8,2,4,48041,30.668342771,-96.3017134
48,47.8,2,4,48047,27.036500741,-98.22794913
48,180.4,2,4,48049,31.776792754,-98.99962727
48,154.6,2,4,48051,30.500191338,-96.62188309
48,65.3,2,4,48053,30.796715991,-98.18252208
48,72.6,2,4,48055,29.840874237,-97.63039017
48,70,2,4,48057,28.471118945,-96.64448356
48,119.8,2,4,48059,32.302830086,-99.37225322
48,53.6,2,4,48061,26.132760093,-97.5467908
48,56.1,2,4,48065,35.403425475,-101.3557841
48,72.2,2,4,48069,34.529499155,-102.2571403
48,49.8,2,4,48071,29.744393244,-94.60956515
48,19.5,2,4,48073,31.84195472,-95.16797805
48,113.8,2,4,48079,33.602048232,-102.8176225
48,101.2,2,4,48081,31.892479913,-100.5268402
48,122.8,2,4,48083,31.776851647,-99.45117593
48,45.9,2,4,48085,33.191737499,-96.56487279
48,76.7,2,4,48089,29.621498901,-96.53496734
48,71.6,2,4,48091,29.811697729,-98.28802167
48,127.8,2,4,48097,33.642320666,-97.20597948
48,46.1,2,4,48099,31.395224874,-97.80009739
48,52.6,2,4,48103,31.431421148,-102.5111012
48,58,2,4,48105,30.726169291,-101.409916
48,91,2,4,48107,33.613441546,-101.3044187
48,52.2,2,4,48109,31.456130089,-104.5175943
48,67.4,2,4,48113,32.773822776,-96.77460664
48,105.2,2,4,48115,32.738640916,-101.9446018
48,54.6,2,4,48117,34.965023782,-102.5958085
48,41.6,2,4,48121,33.211259295,-97.11111243
48,61,2,4,48123,29.086095767,-97.3620047
48,57.9,2,4,48127,28.421027615,-99.75259956
48,58.3,2,4,48131,27.685625476,-98.51451765
48,61.7,2,4,48135,31.869421192,-102.5446733
48,68,2,4,48137,29.982066084,-100.3040054
48,74,2,4,48139,32.358835735,-96.79514738
48,47.2,2,4,48141,31.774862958,-106.2434986
48,67.9,2,4,48145,31.260794405,-96.93597036
48,61.2,2,4,48147,33.596867033,-96.10024543
48,69.9,2,4,48149,29.881834384,-96.92824231
48,86.8,2,4,48151,32.739377867,-100.405607
48,122.6,2,4,48153,34.072999435,-101.304667
48,53.8,2,4,48157,29.532088069,-95.77530292
48,86.8,2,4,48163,28.865440972,-99.11037183
48,127,2,4,48165,32.735990771,-102.6287694
48,57.2,2,4,48167,29.408719035,-94.95657541
48,87.7,2,4,48169,33.172703241,-101.3022497
48,71.1,2,4,48173,31.872115841,-101.5209291
48,75.3,2,4,48175,28.654439784,-97.42763851
48,62.7,2,4,48177,29.461944358,-97.49773514
48,32.4,2,4,48181,33.630353905,-96.66986718
48,46.9,2,4,48183,32.48161531,-94.81854117
48,54.8,2,4,48185,30.549244857,-95.98288611
48,72,2,4,48187,29.588793911,-97.95405212
48,93,2,4,48189,34.072387297,-101.8233619
48,42.9,2,4,48199,30.331853751,-94.3906328
48,55.4,2,4,48201,29.861369689,-95.40019036
48,71.7,2,4,48205,35.839626332,-102.5942383
48,75.1,2,4,48209,30.057823969,-98.0416092
48,38.9,2,4,48213,32.217208959,-95.85101345
48,45.4,2,4,48215,26.40180309,-98.19095629
48,84,2,4,48217,31.99920972,-97.13293995
48,91.7,2,4,48219,33.609846507,-102.3376625
48,81.8,2,4,48221,32.432735131,-97.82925235
48,49.2,2,4,48227,32.306276123,-101.434244
48,45.9,2,4,48229,31.459132529,-105.3913825
48,74.4,2,4,48231,33.128357886,-96.07982012
48,72.3,2,4,48233,35.840876882,-101.3546435
48,90.8,2,4,48239,28.949048219,-96.57676475
48,60.4,2,4,48245,29.883333174,-94.17521696
48,66.5,2,4,48247,27.04840341,-98.7073849
48,73.6,2,4,48249,27.731908736,-98.09613411
48,80.6,2,4,48251,32.384775388,-97.36633054
48,90.2,2,4,48253,32.741340328,-99.88084117
48,80.7,2,4,48255,28.907199913,-97.86165998
48,63.2,2,4,48257,32.605662785,-96.28731762
48,72.8,2,4,48259,29.947013329,-98.71834991
48,44.7,2,4,48261,26.927364427,-97.72903149
48,52.4,2,4,48265,30.067798059,-99.35327604
48,67.6,2,4,48271,29.348737548,-100.4193132
48,69.4,2,4,48273,27.439541098,-97.73493282
48,86.4,2,4,48279,34.070154107,-102.3462843
48,51.2,2,4,48281,31.200173638,-98.24391802
48,57.8,2,4,48283,28.343349112,-99.102014
48,62.3,2,4,48285,29.386523368,-96.93409679
48,62.3,2,4,48287,30.317448138,-96.96939135
48,134.2,2,4,48291,30.154829736,-94.81749325
48,67.2,2,4,48293,31.554462911,-96.5826413
48,90.6,2,4,48297,28.350897675,-98.13011
48,95.4,2,4,48303,33.6126553,-101.820058
48,94,2,4,48305,33.172855215,-101.8170363
48,74.4,2,4,48309,31.55809188,-97.20130405
48,57.1,2,4,48311,28.349792592,-98.57436072
48,82.9,2,4,48317,32.305180039,-101.9509324
48,76.3,2,4,48321,28.870099561,-95.98569621
48,55.9,2,4,48323,28.741021674,-100.3157988
48,74.9,2,4,48325,29.357567822,-99.11263932
48,75.6,2,4,48329,31.869963707,-102.0317145
48,81.8,2,4,48331,30.79784669,-96.97988971
48,48.7,2,4,48339,30.304170173,-95.50302332
48,65.1,2,4,48341,35.840621895,-101.892938
48,11,2,4,48347,31.620046846,-94.61748025
48,59.2,2,4,48349,32.055440758,-96.47205806
48,92.3,2,4,48353,32.303563193,-100.410308
48,72.6,2,4,48355,27.726055861,-97.6361378
48,67.3,2,4,48359,35.401189014,-102.5906654
48,82.1,2,4,48367,32.778882874,-97.80009346
48,66.6,2,4,48369,34.528502213,-102.772436
48,39.8,2,4,48371,30.786788372,-102.7305738
48,71.2,2,4,48375,35.4043891,-101.8905032
48,54.4,2,4,48381,34.966649594,-101.8971495
48,67,2,4,48383,31.370613593,-101.52296
48,50.2,2,4,48389,31.327941216,-103.6936359
48,83.2,2,4,48391,28.320929632,-97.15900596
48,60.4,2,4,48395,31.036372409,-96.51507248
48,74,2,4,48397,32.905913056,-96.40624071
48,76.6,2,4,48399,31.834290378,-99.97241813
48,22.5,2,4,48407,30.584453369,-95.16775208
48,85.4,2,4,48409,28.00346828,-97.51134264
48,38.5,2,4,48423,32.377875453,-95.2696556
48,43.1,2,4,48427,26.566505239,-98.74935624
48,89.5,2,4,48431,31.83403239,-101.0505186
48,65.6,2,4,48435,30.493271427,-100.5382345
48,105.4,2,4,48437,34.530983792,-101.7317338
48,67.7,2,4,48439,32.77624145,-97.28705533
48,97.1,2,4,48441,32.303192365,-99.89062332
48,57.7,2,4,48443,30.232839181,-102.0812867
48,91.6,2,4,48445,33.170124081,-102.3312798
48,2.2,2,4,48449,33.219368968,-94.96523821
48,51.6,2,4,48451,31.408457595,-100.465669
48,67.8,2,4,48453,30.335956922,-97.7878632
48,64.2,2,4,48461,31.370294411,-102.0382816
48,70.3,2,4,48463,29.359157878,-99.76531845
48,60.4,2,4,48465,29.892279958,-101.1472352
48,65.8,2,4,48469,28.796180443,-96.9724298
48,68.9,2,4,48471,30.746612003,-95.57370219
48,54.1,2,4,48473,30.012095389,-95.9936802
48,56.1,2,4,48475,31.513511951,-103.1002619
48,78.3,2,4,48477,30.218997223,-96.40611573
48,52,2,4,48479,27.762417738,-99.33702206
48,74.8,2,4,48481,29.277780945,-96.22941719
48,64,2,4,48485,33.983561851,-98.70340851
48,49.1,2,4,48489,26.471592041,-97.68483894
48,65.5,2,4,48491,30.65378661,-97.60082228
48,72.9,2,4,48493,29.178751175,-98.0917855
48,87.1,2,4,48495,31.851093773,-103.0532534
48,57.1,2,4,48497,33.218399149,-97.651289
48,118.9,2,4,48501,33.165877334,-102.8177803
48,59,2,4,48505,27.002324482,-99.17442539
48,76.6,2,4,48507,28.864591764,-99.76224995
48,51.3,1,2,48015,29.887052088,-96.28358685
48,27.4,1,2,48027,31.045597981,-97.48227324
48,64.3,1,2,48029,29.452563869,-98.52530495
48,57.5,1,2,48039,29.19471028,-95.45960701
48,18.9,1,2,48041,30.668342771,-96.3017134
48,39.4,1,2,48053,30.796715991,-98.18252208
48,59.5,1,2,48071,29.744393244,-94.60956515
48,59,1,2,48085,33.191737499,-96.56487279
48,79.7,1,2,48113,32.773822776,-96.77460664
48,59.2,1,2,48121,33.211259295,-97.11111243
48,80.2,1,2,48139,32.358835735,-96.79514738
48,3.6,1,2,48141,31.774862958,-106.2434986
48,56.6,1,2,48147,33.596867033,-96.10024543
48,57.9,1,2,48157,29.532088069,-95.77530292
48,60.1,1,2,48167,29.408719035,-94.95657541
48,54.7,1,2,48181,33.630353905,-96.66986718
48,57.3,1,2,48201,29.861369689,-95.40019036
48,50.4,1,2,48215,26.40180309,-98.19095629
48,54.7,1,2,48231,33.128357886,-96.07982012
48,48.3,1,2,48245,29.883333174,-94.17521696
48,74.3,1,2,48251,32.384775388,-97.36633054
48,81.9,1,2,48257,32.605662785,-96.28731762
48,59.8,1,2,48291,30.154829736,-94.81749325
48,60.1,1,2,48339,30.304170173,-95.50302332
48,62,1,2,48355,27.726055861,-97.6361378
48,74.9,1,2,48367,32.778882874,-97.80009346
48,68.7,1,2,48397,32.905913056,-96.40624071
48,74.8,1,2,48439,32.77624145,-97.28705533
48,39.4,1,2,48453,30.335956922,-97.7878632
48,57.3,1,2,48473,30.012095389,-95.9936802
48,53.4,1,2,48481,29.277780945,-96.22941719
48,33.7,1,2,48491,30.65378661,-97.60082228
48,64.9,1,2,48497,33.218399149,-97.651289
48,49.4,2,2,48013,28.888626695,-98.53040425
48,45,2,2,48015,29.887052088,-96.28358685
48,48.8,2,2,48019,29.755371552,-99.26042835
48,56.8,2,2,48021,30.104655052,-97.31956624
48,47.8,2,2,48027,31.045597981,-97.48227324
48,51.9,2,2,48029,29.452563869,-98.52530495
48,53.7,2,2,48031,30.273740811,-98.40025681
48,47.3,2,2,48039,29.19471028,-95.45960701
48,41.9,2,2,48041,30.668342771,-96.3017134
48,55.4,2,2,48053,30.796715991,-98.18252208
48,60.6,2,2,48055,29.840874237,-97.63039017
48,58.3,2,2,48071,29.744393244,-94.60956515
48,55.7,2,2,48085,33.191737499,-96.56487279
48,44.2,2,2,48091,29.811697729,-98.28802167
48,55.9,2,2,48113,32.773822776,-96.77460664
48,55.5,2,2,48121,33.211259295,-97.11111243
48,81.2,2,2,48139,32.358835735,-96.79514738
48,58.1,2,2,48141,31.774862958,-106.2434986
48,58.9,2,2,48147,33.596867033,-96.10024543
48,50.3,2,2,48157,29.532088069,-95.77530292
48,55.5,2,2,48167,29.408719035,-94.95657541
48,60.6,2,2,48181,33.630353905,-96.66986718
48,69.6,2,2,48187,29.588793911,-97.95405212
48,52.4,2,2,48201,29.861369689,-95.40019036
48,53,2,2,48209,30.057823969,-98.0416092
48,19.7,2,2,48215,26.40180309,-98.19095629
48,54.8,2,2,48231,33.128357886,-96.07982012
48,53.8,2,2,48245,29.883333174,-94.17521696
48,171.3,2,2,48251,32.384775388,-97.36633054
48,49.5,2,2,48257,32.605662785,-96.28731762
48,47,2,2,48259,29.947013329,-98.71834991
48,57.8,2,2,48291,30.154829736,-94.81749325
48,45.2,2,2,48303,33.6126553,-101.820058
48,49.6,2,2,48325,29.357567822,-99.11263932
48,57.5,2,2,48339,30.304170173,-95.50302332
48,74.6,2,2,48355,27.726055861,-97.6361378
48,52.5,2,2,48367,32.778882874,-97.80009346
48,54.2,2,2,48397,32.905913056,-96.40624071
48,54.2,2,2,48439,32.77624145,-97.28705533
48,55,2,2,48453,30.335956922,-97.7878632
48,53.9,2,2,48473,30.012095389,-95.9936802
48,42.9,2,2,48481,29.277780945,-96.22941719
48,55.3,2,2,48491,30.65378661,-97.60082228
48,56.3,2,2,48493,29.178751175,-98.0917855
48,57.3,2,2,48497,33.218399149,-97.651289
48,10.4,1,1,48113,32.773822776,-96.77460664
48,52.9,1,1,48201,29.861369689,-95.40019036
48,49.8,1,1,48439,32.77624145,-97.28705533
48,35.9,2,1,48113,32.773822776,-96.77460664
48,14.4,2,1,48201,29.861369689,-95.40019036
48,40,2,1,48439,32.77624145,-97.28705533
49,69.5,1,0,49001,38.353143216,-113.235507
49,71.3,1,0,49003,41.522254724,-113.0802639
49,72.7,1,0,49005,41.724538058,-111.7350456
49,65.6,1,0,49007,39.641055995,-110.580615
49,42.4,1,0,49009,40.888898901,-109.5106526
49,72.1,1,0,49011,40.989992674,-112.1101088
49,69.3,1,0,49013,40.298004544,-110.421191
49,52.9,1,0,49015,38.990299951,-110.6991123
49,69.2,1,0,49017,37.848637011,-111.4414389
49,53.9,1,0,49019,38.974014123,-109.5672446
49,65,1,0,49021,37.850769287,-113.2868762
49,65.9,1,0,49023,39.698335736,-112.7813409
49,60.9,1,0,49025,37.279556409,-111.88829
49,55.7,1,0,49027,39.070583893,-113.0946912
49,71.1,1,0,49029,41.09342659,-111.567147
49,72,1,0,49031,38.330516567,-112.1288892
49,60.9,1,0,49033,41.632812759,-111.239975
49,74.2,1,0,49035,40.666184179,-111.9175955
49,61.5,1,0,49037,37.623594989,-109.8029786
49,66.9,1,0,49039,39.369626339,-111.5697545
49,61.3,1,0,49041,38.744846634,-111.8031099
49,49.1,1,0,49043,40.867561136,-110.9544737
49,71.4,1,0,49045,40.450269587,-113.1250406
49,61.3,1,0,49047,40.122716331,-109.5158006
49,70,1,0,49049,40.117656028,-111.6683744
49,55.5,1,0,49051,40.329179631,-111.1629318
49,65.5,1,0,49053,37.2751433,-113.5014565
49,62.9,1,0,49055,38.321244389,-110.9064691
49,69.9,1,0,49057,41.269410152,-111.9033367
49,70.7,2,0,49001,38.353143216,-113.235507
49,66.4,2,0,49003,41.522254724,-113.0802639
49,64.2,2,0,49005,41.724538058,-111.7350456
49,69.5,2,0,49007,39.641055995,-110.580615
49,60,2,0,49009,40.888898901,-109.5106526
49,82.8,2,0,49011,40.989992674,-112.1101088
49,69.9,2,0,49013,40.298004544,-110.421191
49,58,2,0,49015,38.990299951,-110.6991123
49,66.1,2,0,49017,37.848637011,-111.4414389
49,72.1,2,0,49019,38.974014123,-109.5672446
49,63.6,2,0,49021,37.850769287,-113.2868762
49,71.3,2,0,49023,39.698335736,-112.7813409
49,65.2,2,0,49025,37.279556409,-111.88829
49,71.1,2,0,49027,39.070583893,-113.0946912
49,73.5,2,0,49029,41.09342659,-111.567147
49,81.1,2,0,49031,38.330516567,-112.1288892
49,63.1,2,0,49033,41.632812759,-111.239975
49,70.6,2,0,49035,40.666184179,-111.9175955
49,70.4,2,0,49037,37.623594989,-109.8029786
49,70.7,2,0,49039,39.369626339,-111.5697545
49,68.4,2,0,49041,38.744846634,-111.8031099
49,68.4,2,0,49043,40.867561136,-110.9544737
49,70.5,2,0,49045,40.450269587,-113.1250406
49,54.2,2,0,49047,40.122716331,-109.5158006
49,69.5,2,0,49049,40.117656028,-111.6683744
49,70.4,2,0,49051,40.329179631,-111.1629318
49,65.3,2,0,49053,37.2751433,-113.5014565
49,61.2,2,0,49055,38.321244389,-110.9064691
49,71.7,2,0,49057,41.269410152,-111.9033367
49,63.2,1,5,49001,38.353143216,-113.235507
49,71.1,1,5,49003,41.522254724,-113.0802639
49,73.4,1,5,49005,41.724538058,-111.7350456
49,68,1,5,49007,39.641055995,-110.580615
49,44,1,5,49009,40.888898901,-109.5106526
49,71.2,1,5,49011,40.989992674,-112.1101088
49,68.9,1,5,49013,40.298004544,-110.421191
49,51.7,1,5,49015,38.990299951,-110.6991123
49,62.2,1,5,49017,37.848637011,-111.4414389
49,55.9,1,5,49019,38.974014123,-109.5672446
49,63.9,1,5,49021,37.850769287,-113.2868762
49,67.9,1,5,49023,39.698335736,-112.7813409
49,59.4,1,5,49025,37.279556409,-111.88829
49,55.8,1,5,49027,39.070583893,-113.0946912
49,70.2,1,5,49029,41.09342659,-111.567147
49,67.1,1,5,49031,38.330516567,-112.1288892
49,61.5,1,5,49033,41.632812759,-111.239975
49,73.3,1,5,49035,40.666184179,-111.9175955
49,53.8,1,5,49037,37.623594989,-109.8029786
49,68.7,1,5,49039,39.369626339,-111.5697545
49,59.4,1,5,49041,38.744846634,-111.8031099
49,50.3,1,5,49043,40.867561136,-110.9544737
49,71.4,1,5,49045,40.450269587,-113.1250406
49,64.6,1,5,49047,40.122716331,-109.5158006
49,71.5,1,5,49049,40.117656028,-111.6683744
49,56.9,1,5,49051,40.329179631,-111.1629318
49,64.9,1,5,49053,37.2751433,-113.5014565
49,55.5,1,5,49055,38.321244389,-110.9064691
49,69.8,1,5,49057,41.269410152,-111.9033367
49,71.5,2,5,49001,38.353143216,-113.235507
49,63.6,2,5,49003,41.522254724,-113.0802639
49,63.8,2,5,49005,41.724538058,-111.7350456
49,71.1,2,5,49007,39.641055995,-110.580615
49,57.3,2,5,49009,40.888898901,-109.5106526
49,85.4,2,5,49011,40.989992674,-112.1101088
49,69.9,2,5,49013,40.298004544,-110.421191
49,61.4,2,5,49015,38.990299951,-110.6991123
49,68.9,2,5,49017,37.848637011,-111.4414389
49,70.3,2,5,49019,38.974014123,-109.5672446
49,64.3,2,5,49021,37.850769287,-113.2868762
49,71.7,2,5,49023,39.698335736,-112.7813409
49,66.3,2,5,49025,37.279556409,-111.88829
49,74.4,2,5,49027,39.070583893,-113.0946912
49,73,2,5,49029,41.09342659,-111.567147
49,83.3,2,5,49031,38.330516567,-112.1288892
49,60,2,5,49033,41.632812759,-111.239975
49,70.4,2,5,49035,40.666184179,-111.9175955
49,72.5,2,5,49037,37.623594989,-109.8029786
49,71.6,2,5,49039,39.369626339,-111.5697545
49,70.8,2,5,49041,38.744846634,-111.8031099
49,67.7,2,5,49043,40.867561136,-110.9544737
49,68.8,2,5,49045,40.450269587,-113.1250406
49,52.9,2,5,49047,40.122716331,-109.5158006
49,69.6,2,5,49049,40.117656028,-111.6683744
49,70.3,2,5,49051,40.329179631,-111.1629318
49,65.3,2,5,49053,37.2751433,-113.5014565
49,63.5,2,5,49055,38.321244389,-110.9064691
49,67.7,2,5,49057,41.269410152,-111.9033367
49,50,1,3,49035,40.666184179,-111.9175955
49,57.1,2,3,49035,40.666184179,-111.9175955
49,16.8,1,4,49005,41.724538058,-111.7350456
49,72.1,1,4,49011,40.989992674,-112.1101088
49,77.7,1,4,49025,37.279556409,-111.88829
49,69.5,1,4,49029,41.09342659,-111.567147
49,69.1,1,4,49035,40.666184179,-111.9175955
49,59.9,1,4,49037,37.623594989,-109.8029786
49,64.8,1,4,49043,40.867561136,-110.9544737
49,67.3,1,4,49045,40.450269587,-113.1250406
49,52.1,1,4,49049,40.117656028,-111.6683744
49,58.4,1,4,49051,40.329179631,-111.1629318
49,58.6,1,4,49053,37.2751433,-113.5014565
49,63.4,1,4,49057,41.269410152,-111.9033367
49,79.8,2,4,49003,41.522254724,-113.0802639
49,76.2,2,4,49005,41.724538058,-111.7350456
49,69.6,2,4,49011,40.989992674,-112.1101088
49,55.8,2,4,49025,37.279556409,-111.88829
49,75.5,2,4,49029,41.09342659,-111.567147
49,67.8,2,4,49035,40.666184179,-111.9175955
49,67.8,2,4,49037,37.623594989,-109.8029786
49,70.7,2,4,49043,40.867561136,-110.9544737
49,73.4,2,4,49045,40.450269587,-113.1250406
49,69.6,2,4,49049,40.117656028,-111.6683744
49,69.9,2,4,49051,40.329179631,-111.1629318
49,51.5,2,4,49053,37.2751433,-113.5014565
49,103.4,2,4,49057,41.269410152,-111.9033367
49,78.9,1,2,49011,40.989992674,-112.1101088
49,71.5,1,2,49035,40.666184179,-111.9175955
49,74,1,2,49043,40.867561136,-110.9544737
49,66.3,1,2,49045,40.450269587,-113.1250406
49,18.9,1,2,49049,40.117656028,-111.6683744
49,62.9,1,2,49051,40.329179631,-111.1629318
49,70.6,2,2,49011,40.989992674,-112.1101088
49,68.5,2,2,49035,40.666184179,-111.9175955
49,71.1,2,2,49043,40.867561136,-110.9544737
49,66.9,2,2,49045,40.450269587,-113.1250406
49,65,2,2,49049,40.117656028,-111.6683744
49,68.5,2,2,49051,40.329179631,-111.1629318
49,75.7,1,1,49037,37.623594989,-109.8029786
49,68.8,2,1,49035,40.666184179,-111.9175955
49,34.9,2,1,49037,37.623594989,-109.8029786
50,98,1,0,51001,37.77581909,-75.65089864
50,61.6,1,0,51003,38.022147632,-78.55786644
50,81,1,0,51005,37.748760473,-80.12886843
50,84,1,0,51007,37.332991915,-77.97874498
50,91.6,1,0,51009,37.606303703,-79.14532482
50,86.8,1,0,51011,37.372369158,-78.81624951
50,51.7,1,0,51013,38.883747477,-77.10468455
50,64,1,0,51015,38.164214757,-79.12894023
50,67.1,1,0,51017,38.059695246,-79.73777086
50,85.7,1,0,51019,37.317115761,-79.52216965
50,83.6,1,0,51021,37.135631728,-81.13100456
50,79.5,1,0,51023,37.556251326,-79.81132546
50,86.4,1,0,51025,36.769109204,-77.86201772
50,80.1,1,0,51027,37.265595028,-82.03104726
50,66.7,1,0,51029,37.573875089,-78.53305235
50,85.5,1,0,51031,37.203810686,-79.09803673
50,84.2,1,0,51033,38.026979542,-77.35093191
50,84.9,1,0,51035,36.73304599,-80.72974573
50,83.3,1,0,51036,37.359091358,-77.06630469
50,97.1,1,0,51037,37.01599427,-78.66384377
50,87.9,1,0,51041,37.379461952,-77.58986944
50,61.4,1,0,51043,39.112828003,-77.9986512
50,77,1,0,51045,37.482888152,-80.20669212
50,63.2,1,0,51047,38.488804863,-77.95698903
50,73.7,1,0,51049,37.509468196,-78.2531958
50,72.5,1,0,51051,37.125593382,-82.34485983
50,86.9,1,0,51053,37.076093844,-77.63819469
50,73.5,1,0,51057,37.946494341,-76.95343956
50,50.7,1,0,51059,38.759386587,-77.2916333
50,70,1,0,51061,38.737414447,-77.80831609
50,70.5,1,0,51063,36.934634654,-80.35575511
50,60.1,1,0,51065,37.843986713,-78.27827111
50,73.7,1,0,51067,36.99263347,-79.87767018
50,67.5,1,0,51069,39.205056767,-78.26312117
50,80.4,1,0,51071,37.315004274,-80.69997793
50,70.7,1,0,51073,37.437435237,-76.54394771
50,82.4,1,0,51075,37.720915047,-77.91949686
50,74.2,1,0,51077,36.656980142,-81.22379288
50,71.1,1,0,51079,38.296667205,-78.4675798
50,81.9,1,0,51081,36.683878531,-77.56186196
50,87.4,1,0,51083,36.768348697,-78.93374495
50,83.1,1,0,51085,37.762000507,-77.49614193
50,87,1,0,51087,37.566149416,-77.54390611
50,85.7,1,0,51089,36.686454962,-79.97878141
50,61.1,1,0,51091,38.360448283,-79.56656796
50,68.8,1,0,51093,36.892680676,-76.72871849
50,72.4,1,0,51095,37.328598881,-76.77612017
50,80.6,1,0,51097,37.719451771,-76.89641411
50,69.1,1,0,51099,38.269189999,-77.16452134
50,89.1,1,0,51101,37.708293345,-77.09215516
50,70.1,1,0,51103,37.735871269,-76.46391015
50,58.9,1,0,51105,36.706487312,-83.12031682
50,51.4,1,0,51107,39.091092648,-77.63644855
50,59.8,1,0,51109,37.977829266,-77.96569404
50,96.6,1,0,51111,36.95191573,-78.24574534
50,72.4,1,0,51113,38.41539368,-78.28122258
50,54.4,1,0,51115,37.438133842,-76.34946323
50,95.8,1,0,51117,36.684847015,-78.36311501
50,76,1,0,51119,37.634712011,-76.58011456
50,74.9,1,0,51121,37.176519643,-80.38845379
50,68.3,1,0,51125,37.789252156,-78.8882053
50,83.3,1,0,51127,37.504805678,-76.99689042
50,109.8,1,0,51131,37.378474236,-75.91849663
50,70.5,1,0,51133,37.888497732,-76.42738893
50,77.9,1,0,51135,37.143506568,-78.05793386
50,57.5,1,0,51137,38.24700194,-78.01732465
50,82,1,0,51139,38.621104212,-78.48570852
50,94.2,1,0,51141,36.679891201,-80.28129203
50,81.7,1,0,51143,36.823913926,-79.39872785
50,84.3,1,0,51145,37.550219371,-77.92764599
50,82.1,1,0,51147,37.226648654,-78.44532072
50,88.3,1,0,51149,37.190629952,-77.22534671
50,56.7,1,0,51153,38.704617061,-77.48144058
50,93.3,1,0,51155,37.063943119,-80.71205647
50,75.3,1,0,51157,38.686749439,-78.16087004
50,69.6,1,0,51159,37.947924602,-76.73293166
50,78.5,1,0,51161,37.216892925,-80.0531625
50,77.5,1,0,51163,37.816961079,-79.44564144
50,60.7,1,0,51165,38.512339401,-78.87676017
50,73.9,1,0,51167,36.933641261,-82.09391948
50,74.2,1,0,51169,36.713862725,-82.60073239
50,70.9,1,0,51171,38.858941053,-78.56835187
50,76.7,1,0,51173,36.843673599,-81.53533921
50,80.4,1,0,51175,36.726450679,-77.10698642
50,51.2,1,0,51177,38.188532363,-77.65886458
50,68.7,1,0,51179,38.422551512,-77.46009582
50,77.6,1,0,51181,37.112611878,-76.90213414
50,81.8,1,0,51183,36.924624807,-77.26486483
50,74.6,1,0,51185,37.126565425,-81.5630783
50,85.9,1,0,51187,38.911762036,-78.20626584
50,78.8,1,0,51191,36.722497346,-81.96005171
50,54.9,1,0,51193,38.114316017,-76.81487966
50,70.7,1,0,51195,36.97643038,-82.61721202
50,82.2,1,0,51197,36.91817923,-81.07698913
50,63.4,1,0,51199,37.237050738,-76.56030306
50,45.2,1,0,51510,38.82020021,-77.08768508
50,80.6,1,0,51520,36.605125836,-82.18378023
50,64.5,1,0,51530,37.722811105,-79.36001329
50,59.8,1,0,51540,38.03822508,-78.48683983
50,96.5,1,0,51550,36.679182289,-76.30590106
50,91.3,1,0,51570,37.26469393,-77.40533206
50,180,1,0,51580,37.778655071,-79.99176808
50,93.2,1,0,51590,36.586694747,-79.40572161
50,68.4,1,0,51600,38.846784553,-77.30149239
50,57.6,1,0,51610,38.877540723,-77.17503404
50,208,1,0,51620,36.673621638,-76.93007293
50,53.1,1,0,51630,38.285091358,-77.47083887
50,181.2,1,0,51640,36.660455597,-80.91594727
50,80.7,1,0,51650,37.050195715,-76.36759194
50,86.4,1,0,51660,38.431357626,-78.87564329
50,84.9,1,0,51670,37.293946021,-77.29384103
50,72.3,1,0,51678,37.78268554,-79.44953494
50,128.3,1,0,51680,37.399002568,-79.18731515
50,59.4,1,0,51683,38.748670514,-77.4843605
50,59.4,1,0,51685,38.781438567,-77.46473786
50,245,1,0,51690,36.683783792,-79.8654395
50,78.3,1,0,51700,37.104468388,-76.51782082
50,102.5,1,0,51710,36.889994965,-76.25023494
50,68.1,1,0,51720,36.940909158,-82.60945955
50,96.2,1,0,51730,37.204296931,-77.39805812
50,56.9,1,0,51735,37.137821321,-76.35789922
50,99.5,1,0,51740,36.812560468,-76.34693806
50,108.3,1,0,51750,37.127594937,-80.56424981
50,87.6,1,0,51760,37.531387138,-77.47612857
50,78,1,0,51770,37.27258286,-79.94948215
50,81.1,1,0,51775,37.288523602,-80.06239085
50,68.3,1,0,51790,38.150058921,-79.07698334
50,85.1,1,0,51800,36.695480927,-76.64481454
50,87.5,1,0,51810,36.75954605,-76.06198906
50,93.2,1,0,51820,38.068900897,-78.8884718
50,61,1,0,51830,37.27446917,-76.70052617
50,75.4,1,0,51840,39.17245426,-78.16954443
50,91.6,2,0,51001,37.77581909,-75.65089864
50,61.6,2,0,51003,38.022147632,-78.55786644
50,63.7,2,0,51005,37.748760473,-80.12886843
50,80.8,2,0,51007,37.332991915,-77.97874498
50,93.4,2,0,51009,37.606303703,-79.14532482
50,84.1,2,0,51011,37.372369158,-78.81624951
50,54.8,2,0,51013,38.883747477,-77.10468455
50,61.1,2,0,51015,38.164214757,-79.12894023
50,64.6,2,0,51017,38.059695246,-79.73777086
50,90.9,2,0,51019,37.317115761,-79.52216965
50,69.6,2,0,51021,37.135631728,-81.13100456
50,66.8,2,0,51023,37.556251326,-79.81132546
50,99,2,0,51025,36.769109204,-77.86201772
50,65.3,2,0,51027,37.265595028,-82.03104726
50,69.8,2,0,51029,37.573875089,-78.53305235
50,89,2,0,51031,37.203810686,-79.09803673
50,70.3,2,0,51033,38.026979542,-77.35093191
50,71,2,0,51035,36.73304599,-80.72974573
50,72.3,2,0,51036,37.359091358,-77.06630469
50,90,2,0,51037,37.01599427,-78.66384377
50,75.6,2,0,51041,37.379461952,-77.58986944
50,88,2,0,51043,39.112828003,-77.9986512
50,71.2,2,0,51045,37.482888152,-80.20669212
50,60,2,0,51047,38.488804863,-77.95698903
50,67.8,2,0,51049,37.509468196,-78.2531958
50,69,2,0,51051,37.125593382,-82.34485983
50,86.4,2,0,51053,37.076093844,-77.63819469
50,74.9,2,0,51057,37.946494341,-76.95343956
50,51.7,2,0,51059,38.759386587,-77.2916333
50,58.8,2,0,51061,38.737414447,-77.80831609
50,70.8,2,0,51063,36.934634654,-80.35575511
50,63.2,2,0,51065,37.843986713,-78.27827111
50,72.9,2,0,51067,36.99263347,-79.87767018
50,79.8,2,0,51069,39.205056767,-78.26312117
50,71.8,2,0,51071,37.315004274,-80.69997793
50,93.7,2,0,51073,37.437435237,-76.54394771
50,73,2,0,51075,37.720915047,-77.91949686
50,72.9,2,0,51077,36.656980142,-81.22379288
50,65.7,2,0,51079,38.296667205,-78.4675798
50,94.9,2,0,51081,36.683878531,-77.56186196
50,84.6,2,0,51083,36.768348697,-78.93374495
50,72,2,0,51085,37.762000507,-77.49614193
50,73.2,2,0,51087,37.566149416,-77.54390611
50,72,2,0,51089,36.686454962,-79.97878141
50,59.4,2,0,51091,38.360448283,-79.56656796
50,86.5,2,0,51093,36.892680676,-76.72871849
50,73.6,2,0,51095,37.328598881,-76.77612017
50,70.6,2,0,51097,37.719451771,-76.89641411
50,69,2,0,51099,38.269189999,-77.16452134
50,77.2,2,0,51101,37.708293345,-77.09215516
50,98.5,2,0,51103,37.735871269,-76.46391015
50,92.9,2,0,51105,36.706487312,-83.12031682
50,49,2,0,51107,39.091092648,-77.63644855
50,66,2,0,51109,37.977829266,-77.96569404
50,100.5,2,0,51111,36.95191573,-78.24574534
50,63.7,2,0,51113,38.41539368,-78.28122258
50,108.7,2,0,51115,37.438133842,-76.34946323
50,84.7,2,0,51117,36.684847015,-78.36311501
50,76.4,2,0,51119,37.634712011,-76.58011456
50,78.7,2,0,51121,37.176519643,-80.38845379
50,67.7,2,0,51125,37.789252156,-78.8882053
50,73.4,2,0,51127,37.504805678,-76.99689042
50,80.4,2,0,51131,37.378474236,-75.91849663
50,97.7,2,0,51133,37.888497732,-76.42738893
50,98.9,2,0,51135,37.143506568,-78.05793386
50,61.3,2,0,51137,38.24700194,-78.01732465
50,87.6,2,0,51139,38.621104212,-78.48570852
50,73.1,2,0,51141,36.679891201,-80.28129203
50,77.6,2,0,51143,36.823913926,-79.39872785
50,73.4,2,0,51145,37.550219371,-77.92764599
50,93.9,2,0,51147,37.226648654,-78.44532072
50,76.6,2,0,51149,37.190629952,-77.22534671
50,71.7,2,0,51153,38.704617061,-77.48144058
50,79.4,2,0,51155,37.063943119,-80.71205647
50,55.3,2,0,51157,38.686749439,-78.16087004
50,95.3,2,0,51159,37.947924602,-76.73293166
50,74.3,2,0,51161,37.216892925,-80.0531625
50,69,2,0,51163,37.816961079,-79.44564144
50,66.9,2,0,51165,38.512339401,-78.87676017
50,70.9,2,0,51167,36.933641261,-82.09391948
50,72.2,2,0,51169,36.713862725,-82.60073239
50,72.5,2,0,51171,38.858941053,-78.56835187
50,67.7,2,0,51173,36.843673599,-81.53533921
50,83.8,2,0,51175,36.726450679,-77.10698642
50,64.8,2,0,51177,38.188532363,-77.65886458
50,68.2,2,0,51179,38.422551512,-77.46009582
50,79,2,0,51181,37.112611878,-76.90213414
50,85.5,2,0,51183,36.924624807,-77.26486483
50,63.1,2,0,51185,37.126565425,-81.5630783
50,96.4,2,0,51187,38.911762036,-78.20626584
50,71.4,2,0,51191,36.722497346,-81.96005171
50,86.2,2,0,51193,38.114316017,-76.81487966
50,80.8,2,0,51195,36.97643038,-82.61721202
50,69.1,2,0,51197,36.91817923,-81.07698913
50,74.6,2,0,51199,37.237050738,-76.56030306
50,53,2,0,51510,38.82020021,-77.08768508
50,69.7,2,0,51520,36.605125836,-82.18378023
50,68.7,2,0,51530,37.722811105,-79.36001329
50,61.7,2,0,51540,38.03822508,-78.48683983
50,86,2,0,51550,36.679182289,-76.30590106
50,83.7,2,0,51570,37.26469393,-77.40533206
50,73.1,2,0,51580,37.778655071,-79.99176808
50,74.6,2,0,51590,36.586694747,-79.40572161
50,112.4,2,0,51595,36.691250147,-77.54072033
50,53.4,2,0,51600,38.846784553,-77.30149239
50,52.2,2,0,51610,38.877540723,-77.17503404
50,93.4,2,0,51620,36.673621638,-76.93007293
50,63.2,2,0,51630,38.285091358,-77.47083887
50,60,2,0,51640,36.660455597,-80.91594727
50,77.9,2,0,51650,37.050195715,-76.36759194
50,81.1,2,0,51660,38.431357626,-78.87564329
50,73.4,2,0,51670,37.293946021,-77.29384103
50,62.9,2,0,51678,37.78268554,-79.44953494
50,106.2,2,0,51680,37.399002568,-79.18731515
50,75.6,2,0,51683,38.748670514,-77.4843605
50,75.6,2,0,51685,38.781438567,-77.46473786
50,123.4,2,0,51690,36.683783792,-79.8654395
50,75.5,2,0,51700,37.104468388,-76.51782082
50,96.1,2,0,51710,36.889994965,-76.25023494
50,69.5,2,0,51720,36.940909158,-82.60945955
50,86.3,2,0,51730,37.204296931,-77.39805812
50,71.7,2,0,51735,37.137821321,-76.35789922
50,91.7,2,0,51740,36.812560468,-76.34693806
50,82.4,2,0,51750,37.127594937,-80.56424981
50,73.8,2,0,51760,37.531387138,-77.47612857
50,81.8,2,0,51770,37.27258286,-79.94948215
50,67.8,2,0,51775,37.288523602,-80.06239085
50,55.4,2,0,51790,38.150058921,-79.07698334
50,85.5,2,0,51800,36.695480927,-76.64481454
50,80.4,2,0,51810,36.75954605,-76.06198906
50,51.6,2,0,51820,38.068900897,-78.8884718
50,65.8,2,0,51830,37.27446917,-76.70052617
50,73.5,2,0,51840,39.17245426,-78.16954443
50,78.2,1,5,51001,37.77581909,-75.65089864
50,57.9,1,5,51003,38.022147632,-78.55786644
50,83.3,1,5,51005,37.748760473,-80.12886843
50,78.9,1,5,51007,37.332991915,-77.97874498
50,88.1,1,5,51009,37.606303703,-79.14532482
50,81.5,1,5,51011,37.372369158,-78.81624951
50,48.2,1,5,51013,38.883747477,-77.10468455
50,64.6,1,5,51015,38.164214757,-79.12894023
50,69.6,1,5,51017,38.059695246,-79.73777086
50,81.1,1,5,51019,37.317115761,-79.52216965
50,84.4,1,5,51021,37.135631728,-81.13100456
50,80.1,1,5,51023,37.556251326,-79.81132546
50,74.4,1,5,51025,36.769109204,-77.86201772
50,81.1,1,5,51027,37.265595028,-82.03104726
50,57.7,1,5,51029,37.573875089,-78.53305235
50,88.3,1,5,51031,37.203810686,-79.09803673
50,75.4,1,5,51033,38.026979542,-77.35093191
50,87.5,1,5,51035,36.73304599,-80.72974573
50,76.6,1,5,51036,37.359091358,-77.06630469
50,89.1,1,5,51037,37.01599427,-78.66384377
50,77.1,1,5,51041,37.379461952,-77.58986944
50,63,1,5,51043,39.112828003,-77.9986512
50,77.3,1,5,51045,37.482888152,-80.20669212
50,57.7,1,5,51047,38.488804863,-77.95698903
50,70.5,1,5,51049,37.509468196,-78.2531958
50,73,1,5,51051,37.125593382,-82.34485983
50,76.8,1,5,51053,37.076093844,-77.63819469
50,65.5,1,5,51057,37.946494341,-76.95343956
50,49.2,1,5,51059,38.759386587,-77.2916333
50,70.5,1,5,51061,38.737414447,-77.80831609
50,72,1,5,51063,36.934634654,-80.35575511
50,56.4,1,5,51065,37.843986713,-78.27827111
50,72.9,1,5,51067,36.99263347,-79.87767018
50,65.4,1,5,51069,39.205056767,-78.26312117
50,79.9,1,5,51071,37.315004274,-80.69997793
50,58.6,1,5,51073,37.437435237,-76.54394771
50,78,1,5,51075,37.720915047,-77.91949686
50,76.7,1,5,51077,36.656980142,-81.22379288
50,68.7,1,5,51079,38.296667205,-78.4675798
50,68,1,5,51081,36.683878531,-77.56186196
50,79.6,1,5,51083,36.768348697,-78.93374495
50,78.9,1,5,51085,37.762000507,-77.49614193
50,78.3,1,5,51087,37.566149416,-77.54390611
50,82.5,1,5,51089,36.686454962,-79.97878141
50,62.7,1,5,51091,38.360448283,-79.56656796
50,69.3,1,5,51093,36.892680676,-76.72871849
50,64.3,1,5,51095,37.328598881,-76.77612017
50,68.2,1,5,51097,37.719451771,-76.89641411
50,74.9,1,5,51099,38.269189999,-77.16452134
50,85.7,1,5,51101,37.708293345,-77.09215516
50,57.6,1,5,51103,37.735871269,-76.46391015
50,61,1,5,51105,36.706487312,-83.12031682
50,53.3,1,5,51107,39.091092648,-77.63644855
50,60.2,1,5,51109,37.977829266,-77.96569404
50,85.1,1,5,51111,36.95191573,-78.24574534
50,67.9,1,5,51113,38.41539368,-78.28122258
50,49.4,1,5,51115,37.438133842,-76.34946323
50,88.6,1,5,51117,36.684847015,-78.36311501
50,57.9,1,5,51119,37.634712011,-76.58011456
50,76.2,1,5,51121,37.176519643,-80.38845379
50,66.1,1,5,51125,37.789252156,-78.8882053
50,77.6,1,5,51127,37.504805678,-76.99689042
50,83.2,1,5,51131,37.378474236,-75.91849663
50,63.8,1,5,51133,37.888497732,-76.42738893
50,68.4,1,5,51135,37.143506568,-78.05793386
50,55.8,1,5,51137,38.24700194,-78.01732465
50,84.3,1,5,51139,38.621104212,-78.48570852
50,92.5,1,5,51141,36.679891201,-80.28129203
50,78,1,5,51143,36.823913926,-79.39872785
50,79.2,1,5,51145,37.550219371,-77.92764599
50,71.1,1,5,51147,37.226648654,-78.44532072
50,78.6,1,5,51149,37.190629952,-77.22534671
50,55,1,5,51153,38.704617061,-77.48144058
50,97.2,1,5,51155,37.063943119,-80.71205647
50,66.1,1,5,51157,38.686749439,-78.16087004
50,61.6,1,5,51159,37.947924602,-76.73293166
50,78,1,5,51161,37.216892925,-80.0531625
50,77.5,1,5,51163,37.816961079,-79.44564144
50,60.9,1,5,51165,38.512339401,-78.87676017
50,75.9,1,5,51167,36.933641261,-82.09391948
50,74.9,1,5,51169,36.713862725,-82.60073239
50,71.9,1,5,51171,38.858941053,-78.56835187
50,79.6,1,5,51173,36.843673599,-81.53533921
50,67.7,1,5,51175,36.726450679,-77.10698642
50,53.3,1,5,51177,38.188532363,-77.65886458
50,70.9,1,5,51179,38.422551512,-77.46009582
50,67.2,1,5,51181,37.112611878,-76.90213414
50,68.2,1,5,51183,36.924624807,-77.26486483
50,75.6,1,5,51185,37.126565425,-81.5630783
50,92,1,5,51187,38.911762036,-78.20626584
50,79.7,1,5,51191,36.722497346,-81.96005171
50,52.4,1,5,51193,38.114316017,-76.81487966
50,71.8,1,5,51195,36.97643038,-82.61721202
50,84.6,1,5,51197,36.91817923,-81.07698913
50,55.6,1,5,51199,37.237050738,-76.56030306
50,41.5,1,5,51510,38.82020021,-77.08768508
50,80.9,1,5,51520,36.605125836,-82.18378023
50,67.8,1,5,51530,37.722811105,-79.36001329
50,55,1,5,51540,38.03822508,-78.48683983
50,85.1,1,5,51550,36.679182289,-76.30590106
50,81.2,1,5,51570,37.26469393,-77.40533206
50,156,1,5,51580,37.778655071,-79.99176808
50,82,1,5,51590,36.586694747,-79.40572161
50,73,1,5,51600,38.846784553,-77.30149239
50,51.3,1,5,51610,38.877540723,-77.17503404
50,74.4,1,5,51620,36.673621638,-76.93007293
50,54.7,1,5,51630,38.285091358,-77.47083887
50,169.1,1,5,51640,36.660455597,-80.91594727
50,67.9,1,5,51650,37.050195715,-76.36759194
50,87.7,1,5,51660,38.431357626,-78.87564329
50,79.8,1,5,51670,37.293946021,-77.29384103
50,71.3,1,5,51678,37.78268554,-79.44953494
50,91.7,1,5,51680,37.399002568,-79.18731515
50,57.9,1,5,51683,38.748670514,-77.4843605
50,57.9,1,5,51685,38.781438567,-77.46473786
50,146.7,1,5,51690,36.683783792,-79.8654395
50,72.7,1,5,51700,37.104468388,-76.51782082
50,86.8,1,5,51710,36.889994965,-76.25023494
50,69.6,1,5,51720,36.940909158,-82.60945955
50,79.5,1,5,51730,37.204296931,-77.39805812
50,50.8,1,5,51735,37.137821321,-76.35789922
50,85.9,1,5,51740,36.812560468,-76.34693806
50,118.5,1,5,51750,37.127594937,-80.56424981
50,76,1,5,51760,37.531387138,-77.47612857
50,77.2,1,5,51770,37.27258286,-79.94948215
50,83.6,1,5,51775,37.288523602,-80.06239085
50,69.3,1,5,51790,38.150058921,-79.07698334
50,80.2,1,5,51800,36.695480927,-76.64481454
50,84.4,1,5,51810,36.75954605,-76.06198906
50,87.7,1,5,51820,38.068900897,-78.8884718
50,53.3,1,5,51830,37.27446917,-76.70052617
50,66.9,1,5,51840,39.17245426,-78.16954443
50,93.8,2,5,51001,37.77581909,-75.65089864
50,59.3,2,5,51003,38.022147632,-78.55786644
50,63.4,2,5,51005,37.748760473,-80.12886843
50,71.4,2,5,51007,37.332991915,-77.97874498
50,92.2,2,5,51009,37.606303703,-79.14532482
50,80.6,2,5,51011,37.372369158,-78.81624951
50,48,2,5,51013,38.883747477,-77.10468455
50,60.6,2,5,51015,38.164214757,-79.12894023
50,64.6,2,5,51017,38.059695246,-79.73777086
50,94.6,2,5,51019,37.317115761,-79.52216965
50,69.3,2,5,51021,37.135631728,-81.13100456
50,66.4,2,5,51023,37.556251326,-79.81132546
50,87.4,2,5,51025,36.769109204,-77.86201772
50,64.7,2,5,51027,37.265595028,-82.03104726
50,63.1,2,5,51029,37.573875089,-78.53305235
50,90.2,2,5,51031,37.203810686,-79.09803673
50,69.7,2,5,51033,38.026979542,-77.35093191
50,70.3,2,5,51035,36.73304599,-80.72974573
50,68.1,2,5,51036,37.359091358,-77.06630469
50,85.8,2,5,51037,37.01599427,-78.66384377
50,68.4,2,5,51041,37.379461952,-77.58986944
50,82.4,2,5,51043,39.112828003,-77.9986512
50,70.3,2,5,51045,37.482888152,-80.20669212
50,59.4,2,5,51047,38.488804863,-77.95698903
50,59.6,2,5,51049,37.509468196,-78.2531958
50,69.9,2,5,51051,37.125593382,-82.34485983
50,81.2,2,5,51053,37.076093844,-77.63819469
50,71.4,2,5,51057,37.946494341,-76.95343956
50,51.1,2,5,51059,38.759386587,-77.2916333
50,60.6,2,5,51061,38.737414447,-77.80831609
50,70.2,2,5,51063,36.934634654,-80.35575511
50,59.9,2,5,51065,37.843986713,-78.27827111
50,71,2,5,51067,36.99263347,-79.87767018
50,81.1,2,5,51069,39.205056767,-78.26312117
50,70.3,2,5,51071,37.315004274,-80.69997793
50,93.9,2,5,51073,37.437435237,-76.54394771
50,70.1,2,5,51075,37.720915047,-77.91949686
50,72.7,2,5,51077,36.656980142,-81.22379288
50,66.8,2,5,51079,38.296667205,-78.4675798
50,82.8,2,5,51081,36.683878531,-77.56186196
50,73.3,2,5,51083,36.768348697,-78.93374495
50,73.3,2,5,51085,37.762000507,-77.49614193
50,69.1,2,5,51087,37.566149416,-77.54390611
50,72,2,5,51089,36.686454962,-79.97878141
50,60.9,2,5,51091,38.360448283,-79.56656796
50,81.9,2,5,51093,36.892680676,-76.72871849
50,63.9,2,5,51095,37.328598881,-76.77612017
50,64.1,2,5,51097,37.719451771,-76.89641411
50,67.1,2,5,51099,38.269189999,-77.16452134
50,79.7,2,5,51101,37.708293345,-77.09215516
50,92.3,2,5,51103,37.735871269,-76.46391015
50,94.4,2,5,51105,36.706487312,-83.12031682
50,49.4,2,5,51107,39.091092648,-77.63644855
50,65,2,5,51109,37.977829266,-77.96569404
50,88.1,2,5,51111,36.95191573,-78.24574534
50,67.6,2,5,51113,38.41539368,-78.28122258
50,106.9,2,5,51115,37.438133842,-76.34946323
50,77.9,2,5,51117,36.684847015,-78.36311501
50,72.1,2,5,51119,37.634712011,-76.58011456
50,77.5,2,5,51121,37.176519643,-80.38845379
50,62.9,2,5,51125,37.789252156,-78.8882053
50,72.3,2,5,51127,37.504805678,-76.99689042
50,62.1,2,5,51131,37.378474236,-75.91849663
50,98.6,2,5,51133,37.888497732,-76.42738893
50,118.8,2,5,51135,37.143506568,-78.05793386
50,61.6,2,5,51137,38.24700194,-78.01732465
50,82.2,2,5,51139,38.621104212,-78.48570852
50,72,2,5,51141,36.679891201,-80.28129203
50,75.1,2,5,51143,36.823913926,-79.39872785
50,69.6,2,5,51145,37.550219371,-77.92764599
50,77.2,2,5,51147,37.226648654,-78.44532072
50,69.2,2,5,51149,37.190629952,-77.22534671
50,70.1,2,5,51153,38.704617061,-77.48144058
50,78.8,2,5,51155,37.063943119,-80.71205647
50,62.3,2,5,51157,38.686749439,-78.16087004
50,95.8,2,5,51159,37.947924602,-76.73293166
50,72.3,2,5,51161,37.216892925,-80.0531625
50,69.3,2,5,51163,37.816961079,-79.44564144
50,67.3,2,5,51165,38.512339401,-78.87676017
50,70.8,2,5,51167,36.933641261,-82.09391948
50,72.9,2,5,51169,36.713862725,-82.60073239
50,75.4,2,5,51171,38.858941053,-78.56835187
50,68.6,2,5,51173,36.843673599,-81.53533921
50,79.1,2,5,51175,36.726450679,-77.10698642
50,64.6,2,5,51177,38.188532363,-77.65886458
50,66.7,2,5,51179,38.422551512,-77.46009582
50,74.9,2,5,51181,37.112611878,-76.90213414
50,80,2,5,51183,36.924624807,-77.26486483
50,62.1,2,5,51185,37.126565425,-81.5630783
50,85.9,2,5,51187,38.911762036,-78.20626584
50,72.2,2,5,51191,36.722497346,-81.96005171
50,82.7,2,5,51193,38.114316017,-76.81487966
50,82.2,2,5,51195,36.97643038,-82.61721202
50,70.6,2,5,51197,36.91817923,-81.07698913
50,64.7,2,5,51199,37.237050738,-76.56030306
50,49.1,2,5,51510,38.82020021,-77.08768508
50,69.9,2,5,51520,36.605125836,-82.18378023
50,67.5,2,5,51530,37.722811105,-79.36001329
50,55.8,2,5,51540,38.03822508,-78.48683983
50,80.2,2,5,51550,36.679182289,-76.30590106
50,75.4,2,5,51570,37.26469393,-77.40533206
50,75.8,2,5,51580,37.778655071,-79.99176808
50,63.3,2,5,51590,36.586694747,-79.40572161
50,51.6,2,5,51600,38.846784553,-77.30149239
50,51.4,2,5,51610,38.877540723,-77.17503404
50,88.4,2,5,51620,36.673621638,-76.93007293
50,60.9,2,5,51630,38.285091358,-77.47083887
50,60.2,2,5,51640,36.660455597,-80.91594727
50,68.7,2,5,51650,37.050195715,-76.36759194
50,79,2,5,51660,38.431357626,-78.87564329
50,65.8,2,5,51670,37.293946021,-77.29384103
50,64.9,2,5,51678,37.78268554,-79.44953494
50,99,2,5,51680,37.399002568,-79.18731515
50,77.6,2,5,51683,38.748670514,-77.4843605
50,77.6,2,5,51685,38.781438567,-77.46473786
50,86.4,2,5,51690,36.683783792,-79.8654395
50,64.8,2,5,51700,37.104468388,-76.51782082
50,81.4,2,5,51710,36.889994965,-76.25023494
50,69.8,2,5,51720,36.940909158,-82.60945955
50,77.6,2,5,51730,37.204296931,-77.39805812
50,65.2,2,5,51735,37.137821321,-76.35789922
50,82.4,2,5,51740,36.812560468,-76.34693806
50,84.1,2,5,51750,37.127594937,-80.56424981
50,69.3,2,5,51760,37.531387138,-77.47612857
50,69.9,2,5,51770,37.27258286,-79.94948215
50,67.1,2,5,51775,37.288523602,-80.06239085
50,55.9,2,5,51790,38.150058921,-79.07698334
50,79.9,2,5,51800,36.695480927,-76.64481454
50,79.9,2,5,51810,36.75954605,-76.06198906
50,52.3,2,5,51820,38.068900897,-78.8884718
50,60.6,2,5,51830,37.27446917,-76.70052617
50,74.5,2,5,51840,39.17245426,-78.16954443
50,174.8,1,3,51001,37.77581909,-75.65089864
50,95.3,1,3,51003,38.022147632,-78.55786644
50,107.5,1,3,51007,37.332991915,-77.97874498
50,106.3,1,3,51009,37.606303703,-79.14532482
50,110.9,1,3,51011,37.372369158,-78.81624951
50,72.6,1,3,51013,38.883747477,-77.10468455
50,129.9,1,3,51019,37.317115761,-79.52216965
50,103.1,1,3,51025,36.769109204,-77.86201772
50,97,1,3,51029,37.573875089,-78.53305235
50,111.5,1,3,51031,37.203810686,-79.09803673
50,87.8,1,3,51033,38.026979542,-77.35093191
50,112.4,1,3,51036,37.359091358,-77.06630469
50,123.7,1,3,51037,37.01599427,-78.66384377
50,119.5,1,3,51041,37.379461952,-77.58986944
50,72.5,1,3,51043,39.112828003,-77.9986512
50,88,1,3,51047,38.488804863,-77.95698903
50,88.4,1,3,51049,37.509468196,-78.2531958
50,118.9,1,3,51053,37.076093844,-77.63819469
50,95.2,1,3,51057,37.946494341,-76.95343956
50,70.3,1,3,51059,38.759386587,-77.2916333
50,66.9,1,3,51061,38.737414447,-77.80831609
50,88.9,1,3,51065,37.843986713,-78.27827111
50,94.6,1,3,51067,36.99263347,-79.87767018
50,146.4,1,3,51073,37.437435237,-76.54394771
50,109.2,1,3,51075,37.720915047,-77.91949686
50,99.2,1,3,51081,36.683878531,-77.56186196
50,107.4,1,3,51083,36.768348697,-78.93374495
50,101.4,1,3,51085,37.762000507,-77.49614193
50,118.8,1,3,51087,37.566149416,-77.54390611
50,105.3,1,3,51089,36.686454962,-79.97878141
50,101.6,1,3,51093,36.892680676,-76.72871849
50,98.9,1,3,51095,37.328598881,-76.77612017
50,135.2,1,3,51097,37.719451771,-76.89641411
50,52.8,1,3,51099,38.269189999,-77.16452134
50,115.9,1,3,51101,37.708293345,-77.09215516
50,53.8,1,3,51107,39.091092648,-77.63644855
50,75.4,1,3,51109,37.977829266,-77.96569404
50,121.6,1,3,51111,36.95191573,-78.24574534
50,129.5,1,3,51117,36.684847015,-78.36311501
50,162.8,1,3,51119,37.634712011,-76.58011456
50,103.8,1,3,51125,37.789252156,-78.8882053
50,112.3,1,3,51127,37.504805678,-76.99689042
50,205,1,3,51131,37.378474236,-75.91849663
50,95.3,1,3,51135,37.143506568,-78.05793386
50,77.5,1,3,51137,38.24700194,-78.01732465
50,89.7,1,3,51141,36.679891201,-80.28129203
50,109.9,1,3,51143,36.823913926,-79.39872785
50,111.2,1,3,51145,37.550219371,-77.92764599
50,112.4,1,3,51147,37.226648654,-78.44532072
50,117.2,1,3,51149,37.190629952,-77.22534671
50,60.9,1,3,51153,38.704617061,-77.48144058
50,102.7,1,3,51161,37.216892925,-80.0531625
50,64.7,1,3,51175,36.726450679,-77.10698642
50,62.6,1,3,51177,38.188532363,-77.65886458
50,52.8,1,3,51179,38.422551512,-77.46009582
50,101.6,1,3,51181,37.112611878,-76.90213414
50,106.6,1,3,51183,36.924624807,-77.26486483
50,97.5,1,3,51199,37.237050738,-76.56030306
50,91,1,3,51510,38.82020021,-77.08768508
50,105.3,1,3,51540,38.03822508,-78.48683983
50,126.7,1,3,51550,36.679182289,-76.30590106
50,146.4,1,3,51570,37.26469393,-77.40533206
50,93,1,3,51590,36.586694747,-79.40572161
50,75.6,1,3,51600,38.846784553,-77.30149239
50,61.5,1,3,51610,38.877540723,-77.17503404
50,384.3,1,3,51620,36.673621638,-76.93007293
50,94.1,1,3,51650,37.050195715,-76.36759194
50,111.8,1,3,51670,37.293946021,-77.29384103
50,192.1,1,3,51680,37.399002568,-79.18731515
50,68.1,1,3,51683,38.748670514,-77.4843605
50,68.1,1,3,51685,38.781438567,-77.46473786
50,539.3,1,3,51690,36.683783792,-79.8654395
50,96.1,1,3,51700,37.104468388,-76.51782082
50,133.1,1,3,51710,36.889994965,-76.25023494
50,133.3,1,3,51730,37.204296931,-77.39805812
50,106.5,1,3,51735,37.137821321,-76.35789922
50,129.1,1,3,51740,36.812560468,-76.34693806
50,121.4,1,3,51760,37.531387138,-77.47612857
50,96.7,1,3,51770,37.27258286,-79.94948215
50,110,1,3,51800,36.695480927,-76.64481454
50,133.6,1,3,51810,36.75954605,-76.06198906
50,128.5,1,3,51830,37.27446917,-76.70052617
50,97.2,2,3,51001,37.77581909,-75.65089864
50,81.7,2,3,51003,38.022147632,-78.55786644
50,122.5,2,3,51007,37.332991915,-77.97874498
50,108.9,2,3,51009,37.606303703,-79.14532482
50,106.4,2,3,51011,37.372369158,-78.81624951
50,81.6,2,3,51013,38.883747477,-77.10468455
50,101,2,3,51015,38.164214757,-79.12894023
50,101.7,2,3,51019,37.317115761,-79.52216965
50,106.3,2,3,51025,36.769109204,-77.86201772
50,114.8,2,3,51029,37.573875089,-78.53305235
50,98.9,2,3,51031,37.203810686,-79.09803673
50,97.2,2,3,51033,38.026979542,-77.35093191
50,90.1,2,3,51036,37.359091358,-77.06630469
50,107.3,2,3,51037,37.01599427,-78.66384377
50,124.5,2,3,51041,37.379461952,-77.58986944
50,70.9,2,3,51043,39.112828003,-77.9986512
50,79.4,2,3,51047,38.488804863,-77.95698903
50,101,2,3,51049,37.509468196,-78.2531958
50,119.9,2,3,51053,37.076093844,-77.63819469
50,92.7,2,3,51057,37.946494341,-76.95343956
50,83.3,2,3,51059,38.759386587,-77.2916333
50,82.5,2,3,51061,38.737414447,-77.80831609
50,89.1,2,3,51065,37.843986713,-78.27827111
50,89.4,2,3,51067,36.99263347,-79.87767018
50,92.2,2,3,51073,37.437435237,-76.54394771
50,86.4,2,3,51075,37.720915047,-77.91949686
50,111.7,2,3,51081,36.683878531,-77.56186196
50,94,2,3,51083,36.768348697,-78.93374495
50,70.3,2,3,51085,37.762000507,-77.49614193
50,70.5,2,3,51087,37.566149416,-77.54390611
50,105.7,2,3,51089,36.686454962,-79.97878141
50,97.8,2,3,51093,36.892680676,-76.72871849
50,108.5,2,3,51095,37.328598881,-76.77612017
50,80.7,2,3,51097,37.719451771,-76.89641411
50,99.6,2,3,51099,38.269189999,-77.16452134
50,87.7,2,3,51101,37.708293345,-77.09215516
50,73.9,2,3,51107,39.091092648,-77.63644855
50,84.8,2,3,51109,37.977829266,-77.96569404
50,117.7,2,3,51111,36.95191573,-78.24574534
50,96.1,2,3,51117,36.684847015,-78.36311501
50,125.8,2,3,51125,37.789252156,-78.8882053
50,72.4,2,3,51127,37.504805678,-76.99689042
50,114.3,2,3,51131,37.378474236,-75.91849663
50,120.1,2,3,51135,37.143506568,-78.05793386
50,71,2,3,51137,38.24700194,-78.01732465
50,84,2,3,51141,36.679891201,-80.28129203
50,88.6,2,3,51143,36.823913926,-79.39872785
50,87.5,2,3,51145,37.550219371,-77.92764599
50,117.1,2,3,51147,37.226648654,-78.44532072
50,111.9,2,3,51149,37.190629952,-77.22534671
50,82.7,2,3,51153,38.704617061,-77.48144058
50,100.4,2,3,51159,37.947924602,-76.73293166
50,105.3,2,3,51161,37.216892925,-80.0531625
50,92.5,2,3,51175,36.726450679,-77.10698642
50,85.3,2,3,51177,38.188532363,-77.65886458
50,86.1,2,3,51179,38.422551512,-77.46009582
50,93.6,2,3,51181,37.112611878,-76.90213414
50,101.1,2,3,51183,36.924624807,-77.26486483
50,105.4,2,3,51193,38.114316017,-76.81487966
50,99.3,2,3,51199,37.237050738,-76.56030306
50,87.5,2,3,51510,38.82020021,-77.08768508
50,93.9,2,3,51540,38.03822508,-78.48683983
50,106.6,2,3,51550,36.679182289,-76.30590106
50,131.3,2,3,51570,37.26469393,-77.40533206
50,101.3,2,3,51590,36.586694747,-79.40572161
50,80.9,2,3,51600,38.846784553,-77.30149239
50,79.2,2,3,51610,38.877540723,-77.17503404
50,105.9,2,3,51620,36.673621638,-76.93007293
50,96.6,2,3,51630,38.285091358,-77.47083887
50,100.1,2,3,51650,37.050195715,-76.36759194
50,110.6,2,3,51670,37.293946021,-77.29384103
50,110.6,2,3,51680,37.399002568,-79.18731515
50,80.9,2,3,51683,38.748670514,-77.4843605
50,80.9,2,3,51685,38.781438567,-77.46473786
50,148.7,2,3,51690,36.683783792,-79.8654395
50,99.2,2,3,51700,37.104468388,-76.51782082
50,119.5,2,3,51710,36.889994965,-76.25023494
50,117.4,2,3,51730,37.204296931,-77.39805812
50,85.5,2,3,51735,37.137821321,-76.35789922
50,101.3,2,3,51740,36.812560468,-76.34693806
50,85,2,3,51760,37.531387138,-77.47612857
50,128.6,2,3,51770,37.27258286,-79.94948215
50,97.8,2,3,51800,36.695480927,-76.64481454
50,104,2,3,51810,36.75954605,-76.06198906
50,95.5,2,3,51830,37.27446917,-76.70052617
50,42.7,1,4,51013,38.883747477,-77.10468455
50,94.5,1,4,51041,37.379461952,-77.58986944
50,37.4,1,4,51059,38.759386587,-77.2916333
50,31.3,1,4,51061,38.737414447,-77.80831609
50,24,1,4,51087,37.566149416,-77.54390611
50,37.9,1,4,51107,39.091092648,-77.63644855
50,30.6,1,4,51153,38.704617061,-77.48144058
50,91.7,1,4,51177,38.188532363,-77.65886458
50,43,1,4,51179,38.422551512,-77.46009582
50,38,1,4,51510,38.82020021,-77.08768508
50,129.4,1,4,51550,36.679182289,-76.30590106
50,36.3,1,4,51600,38.846784553,-77.30149239
50,207.5,1,4,51610,38.877540723,-77.17503404
50,101,1,4,51660,38.431357626,-78.87564329
50,87.5,1,4,51683,38.748670514,-77.4843605
50,15.4,1,4,51700,37.104468388,-76.51782082
50,64.1,1,4,51710,36.889994965,-76.25023494
50,37.2,1,4,51760,37.531387138,-77.47612857
50,76.6,1,4,51810,36.75954605,-76.06198906
50,43.4,2,4,51013,38.883747477,-77.10468455
50,74.6,2,4,51041,37.379461952,-77.58986944
50,44.8,2,4,51059,38.759386587,-77.2916333
50,150,2,4,51061,38.737414447,-77.80831609
50,10.4,2,4,51087,37.566149416,-77.54390611
50,18.6,2,4,51107,39.091092648,-77.63644855
50,72.7,2,4,51153,38.704617061,-77.48144058
50,43.5,2,4,51177,38.188532363,-77.65886458
50,52.9,2,4,51179,38.422551512,-77.46009582
50,46.3,2,4,51510,38.82020021,-77.08768508
50,57.5,2,4,51550,36.679182289,-76.30590106
50,62.1,2,4,51600,38.846784553,-77.30149239
50,60.7,2,4,51610,38.877540723,-77.17503404
50,0,2,4,51660,38.431357626,-78.87564329
50,78.7,2,4,51683,38.748670514,-77.4843605
50,70.9,2,4,51685,38.781438567,-77.46473786
50,55.2,2,4,51700,37.104468388,-76.51782082
50,62.1,2,4,51710,36.889994965,-76.25023494
50,13.5,2,4,51760,37.531387138,-77.47612857
50,64.2,2,4,51810,36.75954605,-76.06198906
50,43.3,1,2,51013,38.883747477,-77.10468455
50,27.1,1,2,51041,37.379461952,-77.58986944
50,49,1,2,51059,38.759386587,-77.2916333
50,54.2,1,2,51061,38.737414447,-77.80831609
50,44.5,1,2,51087,37.566149416,-77.54390611
50,36,1,2,51107,39.091092648,-77.63644855
50,69.5,1,2,51153,38.704617061,-77.48144058
50,40.1,1,2,51510,38.82020021,-77.08768508
50,50.7,1,2,51550,36.679182289,-76.30590106
50,50,1,2,51600,38.846784553,-77.30149239
50,50,1,2,51610,38.877540723,-77.17503404
50,52.7,1,2,51710,36.889994965,-76.25023494
50,54,1,2,51810,36.75954605,-76.06198906
50,46.1,2,2,51013,38.883747477,-77.10468455
50,30.8,2,2,51041,37.379461952,-77.58986944
50,55.9,2,2,51043,39.112828003,-77.9986512
50,42.9,2,2,51059,38.759386587,-77.2916333
50,34.2,2,2,51061,38.737414447,-77.80831609
50,47.9,2,2,51087,37.566149416,-77.54390611
50,49.6,2,2,51107,39.091092648,-77.63644855
50,49.2,2,2,51153,38.704617061,-77.48144058
50,46.6,2,2,51179,38.422551512,-77.46009582
50,40.3,2,2,51510,38.82020021,-77.08768508
50,67,2,2,51550,36.679182289,-76.30590106
50,58.4,2,2,51600,38.846784553,-77.30149239
50,48.7,2,2,51610,38.877540723,-77.17503404
50,41.2,2,2,51700,37.104468388,-76.51782082
50,65.5,2,2,51710,36.889994965,-76.25023494
50,62.3,2,2,51810,36.75954605,-76.06198906
52,55.3,1,0,50001,44.02798118,-73.13912809
52,57.7,1,0,50003,43.03338034,-73.09234352
52,59.5,1,0,50005,44.460163015,-72.10338989
52,50.9,1,0,50007,44.458762869,-73.07861418
52,58.7,1,0,50009,44.725155461,-71.73935399
52,47.2,1,0,50011,44.852964643,-72.90712271
52,52.1,1,0,50013,44.793280477,-73.29116066
52,64,1,0,50015,44.603655432,-72.63904528
52,60,1,0,50017,44.001299898,-72.3741284
52,55,1,0,50019,44.827403445,-72.24437038
52,61.6,1,0,50021,43.57858468,-73.03579534
52,56.9,1,0,50023,44.270154801,-72.6162484
52,55.8,1,0,50025,42.988232375,-72.7127592
52,61.3,1,0,50027,43.576383316,-72.5865648
52,52.9,2,0,50001,44.02798118,-73.13912809
52,56,2,0,50003,43.03338034,-73.09234352
52,54.6,2,0,50005,44.460163015,-72.10338989
52,52.2,2,0,50007,44.458762869,-73.07861418
52,60.1,2,0,50009,44.725155461,-71.73935399
52,50.7,2,0,50011,44.852964643,-72.90712271
52,54.4,2,0,50013,44.793280477,-73.29116066
52,52.5,2,0,50015,44.603655432,-72.63904528
52,55.3,2,0,50017,44.001299898,-72.3741284
52,55.4,2,0,50019,44.827403445,-72.24437038
52,55.3,2,0,50021,43.57858468,-73.03579534
52,53.2,2,0,50023,44.270154801,-72.6162484
52,57.2,2,0,50025,42.988232375,-72.7127592
52,57.3,2,0,50027,43.576383316,-72.5865648
52,55.7,1,5,50001,44.02798118,-73.13912809
52,57.4,1,5,50003,43.03338034,-73.09234352
52,59.9,1,5,50005,44.460163015,-72.10338989
52,51.3,1,5,50007,44.458762869,-73.07861418
52,59.2,1,5,50009,44.725155461,-71.73935399
52,48.1,1,5,50011,44.852964643,-72.90712271
52,53.1,1,5,50013,44.793280477,-73.29116066
52,65.1,1,5,50015,44.603655432,-72.63904528
52,59.5,1,5,50017,44.001299898,-72.3741284
52,56.4,1,5,50019,44.827403445,-72.24437038
52,62,1,5,50021,43.57858468,-73.03579534
52,56.6,1,5,50023,44.270154801,-72.6162484
52,55.9,1,5,50025,42.988232375,-72.7127592
52,61.2,1,5,50027,43.576383316,-72.5865648
52,53.7,2,5,50001,44.02798118,-73.13912809
52,56.3,2,5,50003,43.03338034,-73.09234352
52,55.4,2,5,50005,44.460163015,-72.10338989
52,52.6,2,5,50007,44.458762869,-73.07861418
52,61.4,2,5,50009,44.725155461,-71.73935399
52,51.6,2,5,50011,44.852964643,-72.90712271
52,55.2,2,5,50013,44.793280477,-73.29116066
52,53.1,2,5,50015,44.603655432,-72.63904528
52,55.8,2,5,50017,44.001299898,-72.3741284
52,55.6,2,5,50019,44.827403445,-72.24437038
52,55.5,2,5,50021,43.57858468,-73.03579534
52,53.9,2,5,50023,44.270154801,-72.6162484
52,57,2,5,50025,42.988232375,-72.7127592
52,58,2,5,50027,43.576383316,-72.5865648
52,0,2,2,50007,44.458762869,-73.07861418
53,69.8,1,0,53001,46.980923167,-118.5623449
53,79.4,1,0,53003,46.191691678,-117.2062134
53,68,1,0,53005,46.235988115,-119.5120573
53,60,1,0,53007,47.865416478,-120.6151609
53,74.6,1,0,53009,48.045470945,-123.9312576
53,83.6,1,0,53011,45.776031919,-122.4813453
53,69,1,0,53013,46.295083521,-117.9059748
53,78.6,1,0,53015,46.186863976,-122.6793722
53,65,1,0,53017,47.736618746,-119.6856697
53,77.1,1,0,53019,48.469484366,-118.5183033
53,70.3,1,0,53021,46.532975023,-118.898103
53,62.9,1,0,53023,46.429281306,-117.5480167
53,67.5,1,0,53025,47.204310222,-119.4517205
53,68.5,1,0,53027,47.148124029,-123.7733391
53,59.5,1,0,53029,48.046678201,-122.562089
53,68.6,1,0,53031,47.742650454,-123.61129
53,58.2,1,0,53033,47.489946777,-121.7936868
53,83.3,1,0,53035,47.610483112,-122.6857294
53,60.9,1,0,53037,47.120877556,-120.6793513
53,68.2,1,0,53039,45.871125456,-120.7889075
53,75.7,1,0,53041,46.572985885,-122.3961345
53,76.2,1,0,53043,47.573179398,-118.4185688
53,71.7,1,0,53045,47.359349543,-123.2137178
53,66.4,1,0,53047,48.548306861,-119.7406103
53,69.6,1,0,53049,46.552775605,-123.7046575
53,77.5,1,0,53051,48.532707297,-117.2750688
53,94.4,1,0,53053,47.016723736,-122.0919668
53,62.5,1,0,53055,48.535986435,-123.0824477
53,64.6,1,0,53057,48.472878614,-121.7199255
53,79.1,1,0,53059,46.018685098,-121.9140336
53,59.2,1,0,53061,48.042567479,-121.6971582
53,72.7,1,0,53063,47.619638082,-117.4042994
53,76.3,1,0,53065,48.395808634,-117.8564116
53,72.6,1,0,53067,46.905308885,-122.8286735
53,77.1,1,0,53069,46.293707469,-123.427158
53,71.8,1,0,53071,46.228422652,-118.4767748
53,61.7,1,0,53073,48.823021923,-121.7038645
53,78,1,0,53075,46.897805417,-117.5230188
53,64.4,1,0,53077,46.455371283,-120.7387671
53,82.7,2,0,53001,46.980923167,-118.5623449
53,67,2,0,53003,46.191691678,-117.2062134
53,70.2,2,0,53005,46.235988115,-119.5120573
53,57.7,2,0,53007,47.865416478,-120.6151609
53,69.7,2,0,53009,48.045470945,-123.9312576
53,77,2,0,53011,45.776031919,-122.4813453
53,87.5,2,0,53013,46.295083521,-117.9059748
53,76.9,2,0,53015,46.186863976,-122.6793722
53,64.7,2,0,53017,47.736618746,-119.6856697
53,70.7,2,0,53019,48.469484366,-118.5183033
53,80.1,2,0,53021,46.532975023,-118.898103
53,71.4,2,0,53023,46.429281306,-117.5480167
53,70.4,2,0,53025,47.204310222,-119.4517205
53,72.5,2,0,53027,47.148124029,-123.7733391
53,62.6,2,0,53029,48.046678201,-122.562089
53,77.5,2,0,53031,47.742650454,-123.61129
53,56.5,2,0,53033,47.489946777,-121.7936868
53,86.4,2,0,53035,47.610483112,-122.6857294
53,63.9,2,0,53037,47.120877556,-120.6793513
53,67.1,2,0,53039,45.871125456,-120.7889075
53,78.4,2,0,53041,46.572985885,-122.3961345
53,71.1,2,0,53043,47.573179398,-118.4185688
53,81.4,2,0,53045,47.359349543,-123.2137178
53,66.9,2,0,53047,48.548306861,-119.7406103
53,79.3,2,0,53049,46.552775605,-123.7046575
53,71.4,2,0,53051,48.532707297,-117.2750688
53,86.7,2,0,53053,47.016723736,-122.0919668
53,53.2,2,0,53055,48.535986435,-123.0824477
53,65.4,2,0,53057,48.472878614,-121.7199255
53,76.1,2,0,53059,46.018685098,-121.9140336
53,60.8,2,0,53061,48.042567479,-121.6971582
53,72.2,2,0,53063,47.619638082,-117.4042994
53,68.7,2,0,53065,48.395808634,-117.8564116
53,75.1,2,0,53067,46.905308885,-122.8286735
53,75.2,2,0,53069,46.293707469,-123.427158
53,72.7,2,0,53071,46.228422652,-118.4767748
53,55.5,2,0,53073,48.823021923,-121.7038645
53,73.3,2,0,53075,46.897805417,-117.5230188
53,67.2,2,0,53077,46.455371283,-120.7387671
53,64.9,1,5,53001,46.980923167,-118.5623449
53,77.6,1,5,53003,46.191691678,-117.2062134
53,69.1,1,5,53005,46.235988115,-119.5120573
53,57.4,1,5,53007,47.865416478,-120.6151609
53,75.3,1,5,53009,48.045470945,-123.9312576
53,80.4,1,5,53011,45.776031919,-122.4813453
53,67.3,1,5,53013,46.295083521,-117.9059748
53,79.3,1,5,53015,46.186863976,-122.6793722
53,63.4,1,5,53017,47.736618746,-119.6856697
53,71.7,1,5,53019,48.469484366,-118.5183033
53,70.7,1,5,53021,46.532975023,-118.898103
53,67.9,1,5,53023,46.429281306,-117.5480167
53,65.5,1,5,53025,47.204310222,-119.4517205
53,67.6,1,5,53027,47.148124029,-123.7733391
53,57.7,1,5,53029,48.046678201,-122.562089
53,68.4,1,5,53031,47.742650454,-123.61129
53,55.9,1,5,53033,47.489946777,-121.7936868
53,82.6,1,5,53035,47.610483112,-122.6857294
53,58.9,1,5,53037,47.120877556,-120.6793513
53,71.2,1,5,53039,45.871125456,-120.7889075
53,76.9,1,5,53041,46.572985885,-122.3961345
53,75.6,1,5,53043,47.573179398,-118.4185688
53,71.3,1,5,53045,47.359349543,-123.2137178
53,64.4,1,5,53047,48.548306861,-119.7406103
53,71.9,1,5,53049,46.552775605,-123.7046575
53,78.3,1,5,53051,48.532707297,-117.2750688
53,89.1,1,5,53053,47.016723736,-122.0919668
53,59,1,5,53055,48.535986435,-123.0824477
53,61.6,1,5,53057,48.472878614,-121.7199255
53,77.8,1,5,53059,46.018685098,-121.9140336
53,57.3,1,5,53061,48.042567479,-121.6971582
53,73.2,1,5,53063,47.619638082,-117.4042994
53,76.6,1,5,53065,48.395808634,-117.8564116
53,70.6,1,5,53067,46.905308885,-122.8286735
53,77.1,1,5,53069,46.293707469,-123.427158
53,73.2,1,5,53071,46.228422652,-118.4767748
53,60.7,1,5,53073,48.823021923,-121.7038645
53,77.5,1,5,53075,46.897805417,-117.5230188
53,67.9,1,5,53077,46.455371283,-120.7387671
53,82.9,2,5,53001,46.980923167,-118.5623449
53,68.8,2,5,53003,46.191691678,-117.2062134
53,67.3,2,5,53005,46.235988115,-119.5120573
53,58.4,2,5,53007,47.865416478,-120.6151609
53,67.7,2,5,53009,48.045470945,-123.9312576
53,76.5,2,5,53011,45.776031919,-122.4813453
53,79.9,2,5,53013,46.295083521,-117.9059748
53,76.3,2,5,53015,46.186863976,-122.6793722
53,65.4,2,5,53017,47.736618746,-119.6856697
53,68,2,5,53019,48.469484366,-118.5183033
53,76,2,5,53021,46.532975023,-118.898103
53,78.7,2,5,53023,46.429281306,-117.5480167
53,68.2,2,5,53025,47.204310222,-119.4517205
53,72.9,2,5,53027,47.148124029,-123.7733391
53,62.9,2,5,53029,48.046678201,-122.562089
53,75.7,2,5,53031,47.742650454,-123.61129
53,56.4,2,5,53033,47.489946777,-121.7936868
53,84.3,2,5,53035,47.610483112,-122.6857294
53,63.8,2,5,53037,47.120877556,-120.6793513
53,65.9,2,5,53039,45.871125456,-120.7889075
53,78.8,2,5,53041,46.572985885,-122.3961345
53,69.2,2,5,53043,47.573179398,-118.4185688
53,80,2,5,53045,47.359349543,-123.2137178
53,64.9,2,5,53047,48.548306861,-119.7406103
53,80.7,2,5,53049,46.552775605,-123.7046575
53,69.6,2,5,53051,48.532707297,-117.2750688
53,83.5,2,5,53053,47.016723736,-122.0919668
53,53.7,2,5,53055,48.535986435,-123.0824477
53,64.4,2,5,53057,48.472878614,-121.7199255
53,75.3,2,5,53059,46.018685098,-121.9140336
53,61.1,2,5,53061,48.042567479,-121.6971582
53,69.7,2,5,53063,47.619638082,-117.4042994
53,66.3,2,5,53065,48.395808634,-117.8564116
53,77.7,2,5,53067,46.905308885,-122.8286735
53,76.9,2,5,53069,46.293707469,-123.427158
53,71.1,2,5,53071,46.228422652,-118.4767748
53,56.6,2,5,53073,48.823021923,-121.7038645
53,69.5,2,5,53075,46.897805417,-117.5230188
53,69.9,2,5,53077,46.455371283,-120.7387671
53,81.9,1,3,53007,47.865416478,-120.6151609
53,122.3,1,3,53011,45.776031919,-122.4813453
53,88,1,3,53033,47.489946777,-121.7936868
53,127.8,1,3,53035,47.610483112,-122.6857294
53,95.9,1,3,53037,47.120877556,-120.6793513
53,109.9,1,3,53041,46.572985885,-122.3961345
53,116.6,1,3,53045,47.359349543,-123.2137178
53,111.2,1,3,53053,47.016723736,-122.0919668
53,117.7,1,3,53059,46.018685098,-121.9140336
53,81.5,1,3,53061,48.042567479,-121.6971582
53,164.8,1,3,53063,47.619638082,-117.4042994
53,107,1,3,53067,46.905308885,-122.8286735
53,114.7,1,3,53077,46.455371283,-120.7387671
53,82.4,2,3,53007,47.865416478,-120.6151609
53,134.4,2,3,53011,45.776031919,-122.4813453
53,84.2,2,3,53033,47.489946777,-121.7936868
53,121.6,2,3,53035,47.610483112,-122.6857294
53,92.6,2,3,53037,47.120877556,-120.6793513
53,128,2,3,53041,46.572985885,-122.3961345
53,126.1,2,3,53045,47.359349543,-123.2137178
53,114.6,2,3,53053,47.016723736,-122.0919668
53,82.2,2,3,53061,48.042567479,-121.6971582
53,74,2,3,53063,47.619638082,-117.4042994
53,130.4,2,3,53067,46.905308885,-122.8286735
53,119.1,2,3,53077,46.455371283,-120.7387671
53,101.9,1,4,53001,46.980923167,-118.5623449
53,65.6,1,4,53005,46.235988115,-119.5120573
53,110.4,1,4,53007,47.865416478,-120.6151609
53,85.8,1,4,53011,45.776031919,-122.4813453
53,115.9,1,4,53015,46.186863976,-122.6793722
53,47.6,1,4,53017,47.736618746,-119.6856697
53,94.8,1,4,53021,46.532975023,-118.898103
53,90.1,1,4,53025,47.204310222,-119.4517205
53,54.6,1,4,53033,47.489946777,-121.7936868
53,101.2,1,4,53035,47.610483112,-122.6857294
53,114.6,1,4,53037,47.120877556,-120.6793513
53,59.2,1,4,53039,45.871125456,-120.7889075
53,59.8,1,4,53041,46.572985885,-122.3961345
53,90.6,1,4,53043,47.573179398,-118.4185688
53,97,1,4,53045,47.359349543,-123.2137178
53,131.2,1,4,53047,48.548306861,-119.7406103
53,103,1,4,53053,47.016723736,-122.0919668
53,21.1,1,4,53057,48.472878614,-121.7199255
53,88.8,1,4,53059,46.018685098,-121.9140336
53,56.5,1,4,53061,48.042567479,-121.6971582
53,58.9,1,4,53063,47.619638082,-117.4042994
53,100.6,1,4,53067,46.905308885,-122.8286735
53,51.8,1,4,53071,46.228422652,-118.4767748
53,23.1,1,4,53073,48.823021923,-121.7038645
53,94,1,4,53075,46.897805417,-117.5230188
53,69.1,1,4,53077,46.455371283,-120.7387671
53,109.7,2,4,53001,46.980923167,-118.5623449
53,109.7,2,4,53005,46.235988115,-119.5120573
53,45.2,2,4,53007,47.865416478,-120.6151609
53,60,2,4,53011,45.776031919,-122.4813453
53,97.3,2,4,53013,46.295083521,-117.9059748
53,46.7,2,4,53017,47.736618746,-119.6856697
53,100,2,4,53021,46.532975023,-118.898103
53,71.9,2,4,53025,47.204310222,-119.4517205
53,50.2,2,4,53033,47.489946777,-121.7936868
53,67.2,2,4,53035,47.610483112,-122.6857294
53,52.8,2,4,53037,47.120877556,-120.6793513
53,54.8,2,4,53039,45.871125456,-120.7889075
53,55.2,2,4,53041,46.572985885,-122.3961345
53,62.5,2,4,53045,47.359349543,-123.2137178
53,54.1,2,4,53053,47.016723736,-122.0919668
53,37.9,2,4,53057,48.472878614,-121.7199255
53,57.2,2,4,53059,46.018685098,-121.9140336
53,49.7,2,4,53061,48.042567479,-121.6971582
53,62.1,2,4,53063,47.619638082,-117.4042994
53,56,2,4,53067,46.905308885,-122.8286735
53,106.8,2,4,53071,46.228422652,-118.4767748
53,17.7,2,4,53073,48.823021923,-121.7038645
53,91.5,2,4,53075,46.897805417,-117.5230188
53,59.2,2,4,53077,46.455371283,-120.7387671
53,31.8,1,2,53005,46.235988115,-119.5120573
53,62.1,1,2,53007,47.865416478,-120.6151609
53,64.6,1,2,53011,45.776031919,-122.4813453
53,68.6,1,2,53029,48.046678201,-122.562089
53,60.6,1,2,53033,47.489946777,-121.7936868
53,93.7,1,2,53035,47.610483112,-122.6857294
53,66.1,1,2,53037,47.120877556,-120.6793513
53,105,1,2,53041,46.572985885,-122.3961345
53,102.2,1,2,53045,47.359349543,-123.2137178
53,101.2,1,2,53053,47.016723736,-122.0919668
53,49.1,1,2,53057,48.472878614,-121.7199255
53,58.7,1,2,53061,48.042567479,-121.6971582
53,29.3,1,2,53063,47.619638082,-117.4042994
53,110,1,2,53067,46.905308885,-122.8286735
53,46.1,1,2,53073,48.823021923,-121.7038645
53,91.5,1,2,53077,46.455371283,-120.7387671
53,75.7,2,2,53005,46.235988115,-119.5120573
53,48.8,2,2,53007,47.865416478,-120.6151609
53,88.9,2,2,53011,45.776031919,-122.4813453
53,47.7,2,2,53029,48.046678201,-122.562089
53,49.3,2,2,53033,47.489946777,-121.7936868
53,92.6,2,2,53035,47.610483112,-122.6857294
53,55.4,2,2,53037,47.120877556,-120.6793513
53,88.8,2,2,53041,46.572985885,-122.3961345
53,89.6,2,2,53045,47.359349543,-123.2137178
53,90.7,2,2,53053,47.016723736,-122.0919668
53,48.6,2,2,53057,48.472878614,-121.7199255
53,88.3,2,2,53059,46.018685098,-121.9140336
53,48.8,2,2,53061,48.042567479,-121.6971582
53,84.1,2,2,53063,47.619638082,-117.4042994
53,81.7,2,2,53067,46.905308885,-122.8286735
53,59.8,2,2,53073,48.823021923,-121.7038645
53,91.1,2,2,53077,46.455371283,-120.7387671
53,130.5,1,1,53007,47.865416478,-120.6151609
53,110.4,1,1,53033,47.489946777,-121.7936868
53,95.8,1,1,53053,47.016723736,-122.0919668
53,121.7,1,1,53061,48.042567479,-121.6971582
53,10.1,1,1,53063,47.619638082,-117.4042994
53,96.2,1,1,53077,46.455371283,-120.7387671
53,124,2,1,53007,47.865416478,-120.6151609
53,99.1,2,1,53033,47.489946777,-121.7936868
53,93.1,2,1,53037,47.120877556,-120.6793513
53,92.1,2,1,53053,47.016723736,-122.0919668
53,111.1,2,1,53061,48.042567479,-121.6971582
53,124.3,2,1,53063,47.619638082,-117.4042994
53,81.3,2,1,53077,46.455371283,-120.7387671
54,58,1,0,55001,43.969899014,-89.76613412
54,75.6,1,0,55003,46.263765346,-90.68331816
54,58.6,1,0,55005,45.425799884,-91.85037863
54,64.1,1,0,55007,46.525288929,-91.20448051
54,57.1,1,0,55009,44.452462648,-87.99935809
54,63.5,1,0,55011,44.381719728,-91.75649544
54,66.5,1,0,55013,45.863116523,-92.36348754
54,62.3,1,0,55015,44.082634913,-88.21396606
54,63.2,1,0,55017,45.069800056,-91.27963856
54,57.9,1,0,55019,44.735279859,-90.60954499
54,57.9,1,0,55021,43.469267371,-89.33344401
54,49.3,1,0,55023,43.241226863,-90.9277715
54,58.1,1,0,55025,43.067666156,-89.41663341
54,58.8,1,0,55027,43.418063081,-88.70618235
54,49,1,0,55029,44.92300155,-87.33102528
54,67.5,1,0,55031,46.431200176,-91.91340076
54,56.3,1,0,55033,44.947638301,-91.89861273
54,61.4,1,0,55035,44.725227374,-91.28715873
54,64.3,1,0,55037,45.850669183,-88.39083503
54,64.8,1,0,55039,43.755856622,-88.4853069
54,56.3,1,0,55041,45.669311201,-88.76418861
54,58.8,1,0,55043,42.8697998,-90.70522392
54,67,1,0,55045,42.677475746,-89.59783121
54,60.2,1,0,55047,43.801720913,-89.04047734
54,60.5,1,0,55049,43.00131883,-90.13311584
54,76.5,1,0,55051,46.263552743,-90.23622785
54,66.9,1,0,55053,44.319803286,-90.80112089
54,58.1,1,0,55055,43.020965025,-88.77335045
54,63,1,0,55057,43.927527688,-90.11244459
54,78.8,1,0,55059,42.573038256,-88.0302036
54,56.9,1,0,55061,44.517416333,-87.61344966
54,65.4,1,0,55063,43.907367972,-91.11656822
54,62.2,1,0,55065,42.659190792,-90.12935993
54,54,1,0,55067,45.263915151,-89.06556822
54,55.6,1,0,55069,45.339299485,-89.73098983
54,67.4,1,0,55071,44.119954196,-87.80677213
54,55.2,1,0,55073,44.89816186,-89.75312585
54,57,1,0,55075,45.384294221,-88.0284926
54,53.8,1,0,55077,43.820124323,-89.39436798
54,59.3,1,0,55078,45.005149709,-88.70426767
54,69.3,1,0,55079,43.008385399,-87.95614619
54,67.6,1,0,55081,43.945686346,-90.61859722
54,56.3,1,0,55083,45.026164961,-88.25968484
54,60.1,1,0,55085,45.706149698,-89.51815731
54,60.6,1,0,55087,44.416373211,-88.45861608
54,65.9,1,0,55089,43.38322776,-87.94375447
54,68.5,1,0,55091,44.484872123,-92.15331858
54,66.4,1,0,55093,44.718927678,-92.42165124
54,56.2,1,0,55095,45.463950248,-92.44165938
54,52.7,1,0,55097,44.474090533,-89.49508839
54,67.6,1,0,55099,45.682611348,-90.35873777
54,76.4,1,0,55101,42.745112159,-88.0526578
54,62,1,0,55103,43.37849399,-90.43122592
54,67.3,1,0,55105,42.668061125,-89.06307065
54,62,1,0,55107,45.475894847,-91.13334719
54,49.7,1,0,55109,45.034250467,-92.45285938
54,58.8,1,0,55111,43.42959918,-89.94864075
54,71.4,1,0,55113,45.880627537,-91.14413435
54,59.8,1,0,55115,44.789877107,-88.75846521
54,65.7,1,0,55117,43.722825347,-87.9401462
54,56.4,1,0,55119,45.212453571,-90.4996179
54,65.7,1,0,55121,44.303515149,-91.35831357
54,69.2,1,0,55123,43.592411297,-90.8348228
54,70.6,1,0,55125,46.055294521,-89.50973208
54,59.3,1,0,55127,42.666245251,-88.53373012
54,68,1,0,55129,45.899977109,-91.79167033
54,65.3,1,0,55131,43.37231142,-88.22649938
54,62.5,1,0,55133,43.018870798,-88.29835583
54,60.9,1,0,55135,44.470837954,-88.95716955
54,59,1,0,55137,44.113890896,-89.239022
54,60.4,1,0,55139,44.07063409,-88.64272533
54,53.6,1,0,55141,44.455409506,-90.03755556
54,62,2,0,55001,43.969899014,-89.76613412
54,79.8,2,0,55003,46.263765346,-90.68331816
54,63.4,2,0,55005,45.425799884,-91.85037863
54,70.6,2,0,55007,46.525288929,-91.20448051
54,61.2,2,0,55009,44.452462648,-87.99935809
54,66.4,2,0,55011,44.381719728,-91.75649544
54,65.1,2,0,55013,45.863116523,-92.36348754
54,67.9,2,0,55015,44.082634913,-88.21396606
54,68.6,2,0,55017,45.069800056,-91.27963856
54,68.6,2,0,55019,44.735279859,-90.60954499
54,63.6,2,0,55021,43.469267371,-89.33344401
54,64.3,2,0,55023,43.241226863,-90.9277715
54,51.7,2,0,55025,43.067666156,-89.41663341
54,64.5,2,0,55027,43.418063081,-88.70618235
54,51,2,0,55029,44.92300155,-87.33102528
54,65.5,2,0,55031,46.431200176,-91.91340076
54,67,2,0,55033,44.947638301,-91.89861273
54,66.5,2,0,55035,44.725227374,-91.28715873
54,73.6,2,0,55037,45.850669183,-88.39083503
54,69.1,2,0,55039,43.755856622,-88.4853069
54,69.4,2,0,55041,45.669311201,-88.76418861
54,68.9,2,0,55043,42.8697998,-90.70522392
54,63.9,2,0,55045,42.677475746,-89.59783121
54,66.1,2,0,55047,43.801720913,-89.04047734
54,71.8,2,0,55049,43.00131883,-90.13311584
54,67.5,2,0,55051,46.263552743,-90.23622785
54,69.7,2,0,55053,44.319803286,-90.80112089
54,66.2,2,0,55055,43.020965025,-88.77335045
54,67.3,2,0,55057,43.927527688,-90.11244459
54,72.9,2,0,55059,42.573038256,-88.0302036
54,56.5,2,0,55061,44.517416333,-87.61344966
54,70,2,0,55063,43.907367972,-91.11656822
54,69.7,2,0,55065,42.659190792,-90.12935993
54,67.4,2,0,55067,45.263915151,-89.06556822
54,60.1,2,0,55069,45.339299485,-89.73098983
54,65.5,2,0,55071,44.119954196,-87.80677213
54,65.8,2,0,55073,44.89816186,-89.75312585
54,61.4,2,0,55075,45.384294221,-88.0284926
54,59.5,2,0,55077,43.820124323,-89.39436798
54,76.3,2,0,55078,45.005149709,-88.70426767
54,61.1,2,0,55079,43.008385399,-87.95614619
54,70.8,2,0,55081,43.945686346,-90.61859722
54,59.8,2,0,55083,45.026164961,-88.25968484
54,61.7,2,0,55085,45.706149698,-89.51815731
54,62.6,2,0,55087,44.416373211,-88.45861608
54,60,2,0,55089,43.38322776,-87.94375447
54,59.3,2,0,55091,44.484872123,-92.15331858
54,58.2,2,0,55093,44.718927678,-92.42165124
54,61,2,0,55095,45.463950248,-92.44165938
54,63.3,2,0,55097,44.474090533,-89.49508839
54,62.5,2,0,55099,45.682611348,-90.35873777
54,64.7,2,0,55101,42.745112159,-88.0526578
54,74.6,2,0,55103,43.37849399,-90.43122592
54,65.8,2,0,55105,42.668061125,-89.06307065
54,65.5,2,0,55107,45.475894847,-91.13334719
54,62,2,0,55109,45.034250467,-92.45285938
54,66.4,2,0,55111,43.42959918,-89.94864075
54,66.4,2,0,55113,45.880627537,-91.14413435
54,64.1,2,0,55115,44.789877107,-88.75846521
54,71.9,2,0,55117,43.722825347,-87.9401462
54,62,2,0,55119,45.212453571,-90.4996179
54,73.8,2,0,55121,44.303515149,-91.35831357
54,68.1,2,0,55123,43.592411297,-90.8348228
54,67.9,2,0,55125,46.055294521,-89.50973208
54,65.7,2,0,55127,42.666245251,-88.53373012
54,64.8,2,0,55129,45.899977109,-91.79167033
54,62.1,2,0,55131,43.37231142,-88.22649938
54,62.6,2,0,55133,43.018870798,-88.29835583
54,63.6,2,0,55135,44.470837954,-88.95716955
54,59.4,2,0,55137,44.113890896,-89.239022
54,66.8,2,0,55139,44.07063409,-88.64272533
54,61.9,2,0,55141,44.455409506,-90.03755556
54,58.6,1,5,55001,43.969899014,-89.76613412
54,74,1,5,55003,46.263765346,-90.68331816
54,61.7,1,5,55005,45.425799884,-91.85037863
54,63.5,1,5,55007,46.525288929,-91.20448051
54,56,1,5,55009,44.452462648,-87.99935809
54,62.6,1,5,55011,44.381719728,-91.75649544
54,66.4,1,5,55013,45.863116523,-92.36348754
54,60.5,1,5,55015,44.082634913,-88.21396606
54,61,1,5,55017,45.069800056,-91.27963856
54,57.2,1,5,55019,44.735279859,-90.60954499
54,58.4,1,5,55021,43.469267371,-89.33344401
54,50.1,1,5,55023,43.241226863,-90.9277715
54,59.5,1,5,55025,43.067666156,-89.41663341
54,58.9,1,5,55027,43.418063081,-88.70618235
54,49.6,1,5,55029,44.92300155,-87.33102528
54,68.8,1,5,55031,46.431200176,-91.91340076
54,49.4,1,5,55033,44.947638301,-91.89861273
54,60.7,1,5,55035,44.725227374,-91.28715873
54,64.5,1,5,55037,45.850669183,-88.39083503
54,64.3,1,5,55039,43.755856622,-88.4853069
54,57.1,1,5,55041,45.669311201,-88.76418861
54,59.9,1,5,55043,42.8697998,-90.70522392
54,65.1,1,5,55045,42.677475746,-89.59783121
54,59.8,1,5,55047,43.801720913,-89.04047734
54,60.2,1,5,55049,43.00131883,-90.13311584
54,76.4,1,5,55051,46.263552743,-90.23622785
54,65,1,5,55053,44.319803286,-90.80112089
54,57.6,1,5,55055,43.020965025,-88.77335045
54,63,1,5,55057,43.927527688,-90.11244459
54,74.5,1,5,55059,42.573038256,-88.0302036
54,56.3,1,5,55061,44.517416333,-87.61344966
54,62,1,5,55063,43.907367972,-91.11656822
54,62.1,1,5,55065,42.659190792,-90.12935993
54,56.6,1,5,55067,45.263915151,-89.06556822
54,56,1,5,55069,45.339299485,-89.73098983
54,63.4,1,5,55071,44.119954196,-87.80677213
54,55.9,1,5,55073,44.89816186,-89.75312585
54,57.5,1,5,55075,45.384294221,-88.0284926
54,54.5,1,5,55077,43.820124323,-89.39436798
54,62.4,1,5,55078,45.005149709,-88.70426767
54,59.4,1,5,55079,43.008385399,-87.95614619
54,65.2,1,5,55081,43.945686346,-90.61859722
54,55.3,1,5,55083,45.026164961,-88.25968484
54,59.8,1,5,55085,45.706149698,-89.51815731
54,59.1,1,5,55087,44.416373211,-88.45861608
54,60.5,1,5,55089,43.38322776,-87.94375447
54,69.4,1,5,55091,44.484872123,-92.15331858
54,66.2,1,5,55093,44.718927678,-92.42165124
54,53.7,1,5,55095,45.463950248,-92.44165938
54,52.8,1,5,55097,44.474090533,-89.49508839
54,66.8,1,5,55099,45.682611348,-90.35873777
54,74.7,1,5,55101,42.745112159,-88.0526578
54,62.4,1,5,55103,43.37849399,-90.43122592
54,64,1,5,55105,42.668061125,-89.06307065
54,62.8,1,5,55107,45.475894847,-91.13334719
54,46.9,1,5,55109,45.034250467,-92.45285938
54,58.5,1,5,55111,43.42959918,-89.94864075
54,71.4,1,5,55113,45.880627537,-91.14413435
54,56.3,1,5,55115,44.789877107,-88.75846521
54,65.1,1,5,55117,43.722825347,-87.9401462
54,56.5,1,5,55119,45.212453571,-90.4996179
54,64.1,1,5,55121,44.303515149,-91.35831357
54,67.6,1,5,55123,43.592411297,-90.8348228
54,72.2,1,5,55125,46.055294521,-89.50973208
54,60.7,1,5,55127,42.666245251,-88.53373012
54,68.6,1,5,55129,45.899977109,-91.79167033
54,60.3,1,5,55131,43.37231142,-88.22649938
54,60.8,1,5,55133,43.018870798,-88.29835583
54,59.8,1,5,55135,44.470837954,-88.95716955
54,58,1,5,55137,44.113890896,-89.239022
54,59.5,1,5,55139,44.07063409,-88.64272533
54,53.3,1,5,55141,44.455409506,-90.03755556
54,60.2,2,5,55001,43.969899014,-89.76613412
54,78.2,2,5,55003,46.263765346,-90.68331816
54,62.4,2,5,55005,45.425799884,-91.85037863
54,68.5,2,5,55007,46.525288929,-91.20448051
54,62.5,2,5,55009,44.452462648,-87.99935809
54,65.2,2,5,55011,44.381719728,-91.75649544
54,63.9,2,5,55013,45.863116523,-92.36348754
54,67.1,2,5,55015,44.082634913,-88.21396606
54,66.3,2,5,55017,45.069800056,-91.27963856
54,66.3,2,5,55019,44.735279859,-90.60954499
54,63.3,2,5,55021,43.469267371,-89.33344401
54,64.5,2,5,55023,43.241226863,-90.9277715
54,51.6,2,5,55025,43.067666156,-89.41663341
54,65.1,2,5,55027,43.418063081,-88.70618235
54,48.8,2,5,55029,44.92300155,-87.33102528
54,63.2,2,5,55031,46.431200176,-91.91340076
54,65.7,2,5,55033,44.947638301,-91.89861273
54,63.6,2,5,55035,44.725227374,-91.28715873
54,71.3,2,5,55037,45.850669183,-88.39083503
54,69.2,2,5,55039,43.755856622,-88.4853069
54,67.2,2,5,55041,45.669311201,-88.76418861
54,69.3,2,5,55043,42.8697998,-90.70522392
54,63.6,2,5,55045,42.677475746,-89.59783121
54,66.2,2,5,55047,43.801720913,-89.04047734
54,73.1,2,5,55049,43.00131883,-90.13311584
54,68.8,2,5,55051,46.263552743,-90.23622785
54,66.9,2,5,55053,44.319803286,-90.80112089
54,66,2,5,55055,43.020965025,-88.77335045
54,66.1,2,5,55057,43.927527688,-90.11244459
54,70.2,2,5,55059,42.573038256,-88.0302036
54,57.7,2,5,55061,44.517416333,-87.61344966
54,69.4,2,5,55063,43.907367972,-91.11656822
54,67.3,2,5,55065,42.659190792,-90.12935993
54,64.8,2,5,55067,45.263915151,-89.06556822
54,59.6,2,5,55069,45.339299485,-89.73098983
54,66.6,2,5,55071,44.119954196,-87.80677213
54,64.1,2,5,55073,44.89816186,-89.75312585
54,60.2,2,5,55075,45.384294221,-88.0284926
54,61.6,2,5,55077,43.820124323,-89.39436798
54,71.5,2,5,55078,45.005149709,-88.70426767
54,59.1,2,5,55079,43.008385399,-87.95614619
54,69.5,2,5,55081,43.945686346,-90.61859722
54,59.7,2,5,55083,45.026164961,-88.25968484
54,59.7,2,5,55085,45.706149698,-89.51815731
54,62.1,2,5,55087,44.416373211,-88.45861608
54,58.6,2,5,55089,43.38322776,-87.94375447
54,58.2,2,5,55091,44.484872123,-92.15331858
54,58.3,2,5,55093,44.718927678,-92.42165124
54,61.1,2,5,55095,45.463950248,-92.44165938
54,61.7,2,5,55097,44.474090533,-89.49508839
54,62.7,2,5,55099,45.682611348,-90.35873777
54,64.5,2,5,55101,42.745112159,-88.0526578
54,74.5,2,5,55103,43.37849399,-90.43122592
54,65.4,2,5,55105,42.668061125,-89.06307065
54,65,2,5,55107,45.475894847,-91.13334719
54,62.1,2,5,55109,45.034250467,-92.45285938
54,66,2,5,55111,43.42959918,-89.94864075
54,64.6,2,5,55113,45.880627537,-91.14413435
54,62.2,2,5,55115,44.789877107,-88.75846521
54,70.5,2,5,55117,43.722825347,-87.9401462
54,61.6,2,5,55119,45.212453571,-90.4996179
54,71.4,2,5,55121,44.303515149,-91.35831357
54,67.1,2,5,55123,43.592411297,-90.8348228
54,67.9,2,5,55125,46.055294521,-89.50973208
54,65.3,2,5,55127,42.666245251,-88.53373012
54,63.5,2,5,55129,45.899977109,-91.79167033
54,61.1,2,5,55131,43.37231142,-88.22649938
54,60.9,2,5,55133,43.018870798,-88.29835583
54,62.1,2,5,55135,44.470837954,-88.95716955
54,58.4,2,5,55137,44.113890896,-89.239022
54,66.3,2,5,55139,44.07063409,-88.64272533
54,59.3,2,5,55141,44.455409506,-90.03755556
54,68.4,1,3,55025,43.067666156,-89.41663341
54,133.9,1,3,55045,42.677475746,-89.59783121
54,155.2,1,3,55059,42.573038256,-88.0302036
54,108.2,1,3,55079,43.008385399,-87.95614619
54,109.4,1,3,55089,43.38322776,-87.94375447
54,104.7,1,3,55101,42.745112159,-88.0526578
54,133.1,1,3,55105,42.668061125,-89.06307065
54,84.8,1,3,55127,42.666245251,-88.53373012
54,104.7,1,3,55131,43.37231142,-88.22649938
54,103.7,1,3,55133,43.018870798,-88.29835583
54,80.9,2,3,55025,43.067666156,-89.41663341
54,94.1,2,3,55045,42.677475746,-89.59783121
54,123.6,2,3,55055,43.020965025,-88.77335045
54,97.9,2,3,55059,42.573038256,-88.0302036
54,75,2,3,55079,43.008385399,-87.95614619
54,75.8,2,3,55089,43.38322776,-87.94375447
54,66,2,3,55101,42.745112159,-88.0526578
54,84.3,2,3,55105,42.668061125,-89.06307065
54,132.6,2,3,55127,42.666245251,-88.53373012
54,75.6,2,3,55131,43.37231142,-88.22649938
54,92.4,2,3,55133,43.018870798,-88.29835583
54,3.1,1,4,55009,44.452462648,-87.99935809
54,2.4,1,4,55025,43.067666156,-89.41663341
54,50,1,4,55059,42.573038256,-88.0302036
54,70.5,1,4,55079,43.008385399,-87.95614619
54,67.6,1,4,55089,43.38322776,-87.94375447
54,66.5,1,4,55101,42.745112159,-88.0526578
54,69.3,1,4,55105,42.668061125,-89.06307065
54,43.6,1,4,55127,42.666245251,-88.53373012
54,63.6,1,4,55131,43.37231142,-88.22649938
54,60.9,1,4,55133,43.018870798,-88.29835583
54,4,2,4,55009,44.452462648,-87.99935809
54,22.2,2,4,55025,43.067666156,-89.41663341
54,38.1,2,4,55059,42.573038256,-88.0302036
54,38.5,2,4,55079,43.008385399,-87.95614619
54,40.3,2,4,55089,43.38322776,-87.94375447
54,43.6,2,4,55101,42.745112159,-88.0526578
54,47.2,2,4,55105,42.668061125,-89.06307065
54,49.6,2,4,55127,42.666245251,-88.53373012
54,40.4,2,4,55131,43.37231142,-88.22649938
54,44.2,2,4,55133,43.018870798,-88.29835583
54,81.1,1,2,55015,44.082634913,-88.21396606
54,31.2,1,2,55025,43.067666156,-89.41663341
54,51,1,2,55059,42.573038256,-88.0302036
54,63.7,1,2,55079,43.008385399,-87.95614619
54,37.8,1,2,55089,43.38322776,-87.94375447
54,43.3,1,2,55131,43.37231142,-88.22649938
54,56.6,1,2,55133,43.018870798,-88.29835583
54,20.7,2,2,55025,43.067666156,-89.41663341
54,80.9,2,2,55079,43.008385399,-87.95614619
54,69.5,2,2,55089,43.38322776,-87.94375447
54,104.2,2,2,55101,42.745112159,-88.0526578
54,66.9,2,2,55131,43.37231142,-88.22649938
54,55.3,2,2,55133,43.018870798,-88.29835583
54,0,2,1,55079,43.008385399,-87.95614619
55,65.8,1,0,54001,39.131336779,-80.00769176
55,69.2,1,0,54003,39.464779356,-78.02729902
55,91,1,0,54005,38.022917034,-81.71006973
55,64.1,1,0,54007,38.700410552,-80.72255114
55,80.8,1,0,54009,40.274718924,-80.57967038
55,88.2,1,0,54011,38.421092254,-82.23714472
55,73.5,1,0,54013,38.848002143,-81.12052457
55,83.5,1,0,54015,38.461964445,-81.07728478
55,63.2,1,0,54017,39.268510617,-80.71187183
55,89.1,1,0,54019,38.028871202,-81.08064768
55,67.8,1,0,54021,38.927158738,-80.85956331
55,71.3,1,0,54023,39.106025873,-79.1947935
55,77,1,0,54025,37.947496875,-80.44834488
55,71.1,1,0,54027,39.318513391,-78.61413917
55,78.1,1,0,54029,40.520421188,-80.57849509
55,66.3,1,0,54031,39.008736529,-78.85411871
55,61.1,1,0,54033,39.280715149,-80.38355242
55,86.1,1,0,54035,38.836374407,-81.6760715
55,60.6,1,0,54037,39.307095035,-77.86468766
55,84.9,1,0,54039,38.337459459,-81.52936075
55,63.6,1,0,54041,38.993476223,-80.50460603
55,84.2,1,0,54043,38.176984734,-82.0683949
55,87,1,0,54045,37.830802563,-81.93601438
55,84.9,1,0,54047,37.378777645,-81.65044588
55,55.4,1,0,54049,39.509141498,-80.24608267
55,74.4,1,0,54051,39.861140487,-80.66586646
55,100.9,1,0,54053,38.767393472,-82.02768487
55,88.1,1,0,54055,37.407736777,-81.10414268
55,79.6,1,0,54057,39.414882299,-78.94496116
55,80,1,0,54059,37.726936956,-82.13619801
55,60.1,1,0,54061,39.631654028,-80.05235038
55,81.6,1,0,54063,37.558054325,-80.55102625
55,72.5,1,0,54065,39.557570005,-78.26248409
55,82.3,1,0,54067,38.293323389,-80.80117729
55,76.5,1,0,54069,40.099945043,-80.62240171
55,62.8,1,0,54071,38.681014144,-79.35133901
55,81,1,0,54073,39.371787651,-81.16390762
55,67,1,0,54075,38.331645408,-80.00800198
55,59,1,0,54077,39.468167632,-79.67481101
55,87.2,1,0,54079,38.507962445,-81.9092456
55,88.2,1,0,54081,37.768577172,-81.24585587
55,68.7,1,0,54083,38.774125667,-79.87783312
55,74.7,1,0,54085,39.180247385,-81.06545127
55,84.9,1,0,54087,38.716672304,-81.35068835
55,85.3,1,0,54089,37.660509123,-80.85323551
55,56.3,1,0,54091,39.334128219,-80.05383769
55,65.4,1,0,54093,39.11262394,-79.56562249
55,75.8,1,0,54095,39.465966995,-80.88599103
55,65.6,1,0,54097,38.896365821,-80.23511055
55,84.3,1,0,54099,38.144854478,-82.42601159
55,72.1,1,0,54101,38.495251451,-80.42368871
55,60.1,1,0,54103,39.604619675,-80.64018417
55,78.4,1,0,54105,39.027135964,-81.37795756
55,79.4,1,0,54107,39.211052187,-81.51526233
55,88.1,1,0,54109,37.608120491,-81.54788173
55,61.2,2,0,54001,39.131336779,-80.00769176
55,84.3,2,0,54003,39.464779356,-78.02729902
55,95.8,2,0,54005,38.022917034,-81.71006973
55,73.4,2,0,54007,38.700410552,-80.72255114
55,74.3,2,0,54009,40.274718924,-80.57967038
55,90.6,2,0,54011,38.421092254,-82.23714472
55,69,2,0,54013,38.848002143,-81.12052457
55,97.3,2,0,54015,38.461964445,-81.07728478
55,70.4,2,0,54017,39.268510617,-80.71187183
55,92.3,2,0,54019,38.028871202,-81.08064768
55,68.4,2,0,54021,38.927158738,-80.85956331
55,68.5,2,0,54023,39.106025873,-79.1947935
55,84.8,2,0,54025,37.947496875,-80.44834488
55,77.9,2,0,54027,39.318513391,-78.61413917
55,74,2,0,54029,40.520421188,-80.57849509
55,68.7,2,0,54031,39.008736529,-78.85411871
55,64.9,2,0,54033,39.280715149,-80.38355242
55,91.8,2,0,54035,38.836374407,-81.6760715
55,73.7,2,0,54037,39.307095035,-77.86468766
55,93.4,2,0,54039,38.337459459,-81.52936075
55,65.6,2,0,54041,38.993476223,-80.50460603
55,92.7,2,0,54043,38.176984734,-82.0683949
55,102.7,2,0,54045,37.830802563,-81.93601438
55,62,2,0,54047,37.378777645,-81.65044588
55,66.7,2,0,54049,39.509141498,-80.24608267
55,70.7,2,0,54051,39.861140487,-80.66586646
55,91.6,2,0,54053,38.767393472,-82.02768487
55,70.6,2,0,54055,37.407736777,-81.10414268
55,77.2,2,0,54057,39.414882299,-78.94496116
55,88.4,2,0,54059,37.726936956,-82.13619801
55,65.4,2,0,54061,39.631654028,-80.05235038
55,69.7,2,0,54063,37.558054325,-80.55102625
55,84.3,2,0,54065,39.557570005,-78.26248409
55,94.3,2,0,54067,38.293323389,-80.80117729
55,72.2,2,0,54069,40.099945043,-80.62240171
55,67.9,2,0,54071,38.681014144,-79.35133901
55,81.2,2,0,54073,39.371787651,-81.16390762
55,85.1,2,0,54075,38.331645408,-80.00800198
55,61.9,2,0,54077,39.468167632,-79.67481101
55,92.3,2,0,54079,38.507962445,-81.9092456
55,87,2,0,54081,37.768577172,-81.24585587
55,70.7,2,0,54083,38.774125667,-79.87783312
55,74.9,2,0,54085,39.180247385,-81.06545127
55,94.6,2,0,54087,38.716672304,-81.35068835
55,76.4,2,0,54089,37.660509123,-80.85323551
55,64,2,0,54091,39.334128219,-80.05383769
55,64.7,2,0,54093,39.11262394,-79.56562249
55,77.5,2,0,54095,39.465966995,-80.88599103
55,69.6,2,0,54097,38.896365821,-80.23511055
55,89.5,2,0,54099,38.144854478,-82.42601159
55,79.1,2,0,54101,38.495251451,-80.42368871
55,68.6,2,0,54103,39.604619675,-80.64018417
55,81.2,2,0,54105,39.027135964,-81.37795756
55,82.2,2,0,54107,39.211052187,-81.51526233
55,88.2,2,0,54109,37.608120491,-81.54788173
55,67.3,1,5,54001,39.131336779,-80.00769176
55,66.8,1,5,54003,39.464779356,-78.02729902
55,91.1,1,5,54005,38.022917034,-81.71006973
55,65.1,1,5,54007,38.700410552,-80.72255114
55,77.2,1,5,54009,40.274718924,-80.57967038
55,89.1,1,5,54011,38.421092254,-82.23714472
55,75,1,5,54013,38.848002143,-81.12052457
55,83.2,1,5,54015,38.461964445,-81.07728478
55,64.5,1,5,54017,39.268510617,-80.71187183
55,89.3,1,5,54019,38.028871202,-81.08064768
55,68.7,1,5,54021,38.927158738,-80.85956331
55,72.6,1,5,54023,39.106025873,-79.1947935
55,78.4,1,5,54025,37.947496875,-80.44834488
55,68.1,1,5,54027,39.318513391,-78.61413917
55,74.7,1,5,54029,40.520421188,-80.57849509
55,70.5,1,5,54031,39.008736529,-78.85411871
55,62.2,1,5,54033,39.280715149,-80.38355242
55,85.7,1,5,54035,38.836374407,-81.6760715
55,61.9,1,5,54037,39.307095035,-77.86468766
55,84.8,1,5,54039,38.337459459,-81.52936075
55,65.1,1,5,54041,38.993476223,-80.50460603
55,84.7,1,5,54043,38.176984734,-82.0683949
55,89.5,1,5,54045,37.830802563,-81.93601438
55,86,1,5,54047,37.378777645,-81.65044588
55,56.2,1,5,54049,39.509141498,-80.24608267
55,72.7,1,5,54051,39.861140487,-80.66586646
55,100.7,1,5,54053,38.767393472,-82.02768487
55,87.5,1,5,54055,37.407736777,-81.10414268
55,81.4,1,5,54057,39.414882299,-78.94496116
55,80.8,1,5,54059,37.726936956,-82.13619801
55,60.7,1,5,54061,39.631654028,-80.05235038
55,80.8,1,5,54063,37.558054325,-80.55102625
55,71,1,5,54065,39.557570005,-78.26248409
55,82.2,1,5,54067,38.293323389,-80.80117729
55,73.1,1,5,54069,40.099945043,-80.62240171
55,64,1,5,54071,38.681014144,-79.35133901
55,81.5,1,5,54073,39.371787651,-81.16390762
55,68.8,1,5,54075,38.331645408,-80.00800198
55,59.9,1,5,54077,39.468167632,-79.67481101
55,86.9,1,5,54079,38.507962445,-81.9092456
55,87.9,1,5,54081,37.768577172,-81.24585587
55,70.1,1,5,54083,38.774125667,-79.87783312
55,75.3,1,5,54085,39.180247385,-81.06545127
55,83.8,1,5,54087,38.716672304,-81.35068835
55,85.4,1,5,54089,37.660509123,-80.85323551
55,57.1,1,5,54091,39.334128219,-80.05383769
55,66.5,1,5,54093,39.11262394,-79.56562249
55,76.5,1,5,54095,39.465966995,-80.88599103
55,67.2,1,5,54097,38.896365821,-80.23511055
55,84.6,1,5,54099,38.144854478,-82.42601159
55,73.8,1,5,54101,38.495251451,-80.42368871
55,61.2,1,5,54103,39.604619675,-80.64018417
55,78.7,1,5,54105,39.027135964,-81.37795756
55,79.1,1,5,54107,39.211052187,-81.51526233
55,88.8,1,5,54109,37.608120491,-81.54788173
55,62.6,2,5,54001,39.131336779,-80.00769176
55,84.4,2,5,54003,39.464779356,-78.02729902
55,94.6,2,5,54005,38.022917034,-81.71006973
55,74.8,2,5,54007,38.700410552,-80.72255114
55,75,2,5,54009,40.274718924,-80.57967038
55,91.2,2,5,54011,38.421092254,-82.23714472
55,70.7,2,5,54013,38.848002143,-81.12052457
55,96.9,2,5,54015,38.461964445,-81.07728478
55,72.1,2,5,54017,39.268510617,-80.71187183
55,91.7,2,5,54019,38.028871202,-81.08064768
55,69.5,2,5,54021,38.927158738,-80.85956331
55,69.1,2,5,54023,39.106025873,-79.1947935
55,84.5,2,5,54025,37.947496875,-80.44834488
55,79,2,5,54027,39.318513391,-78.61413917
55,74,2,5,54029,40.520421188,-80.57849509
55,69.2,2,5,54031,39.008736529,-78.85411871
55,65.9,2,5,54033,39.280715149,-80.38355242
55,91.2,2,5,54035,38.836374407,-81.6760715
55,72.2,2,5,54037,39.307095035,-77.86468766
55,93,2,5,54039,38.337459459,-81.52936075
55,66.3,2,5,54041,38.993476223,-80.50460603
55,91.5,2,5,54043,38.176984734,-82.0683949
55,101.6,2,5,54045,37.830802563,-81.93601438
55,62.3,2,5,54047,37.378777645,-81.65044588
55,67.4,2,5,54049,39.509141498,-80.24608267
55,71.5,2,5,54051,39.861140487,-80.66586646
55,92.4,2,5,54053,38.767393472,-82.02768487
55,69.9,2,5,54055,37.407736777,-81.10414268
55,78.9,2,5,54057,39.414882299,-78.94496116
55,88.1,2,5,54059,37.726936956,-82.13619801
55,65.1,2,5,54061,39.631654028,-80.05235038
55,67.1,2,5,54063,37.558054325,-80.55102625
55,85.5,2,5,54065,39.557570005,-78.26248409
55,92.3,2,5,54067,38.293323389,-80.80117729
55,72.8,2,5,54069,40.099945043,-80.62240171
55,69.1,2,5,54071,38.681014144,-79.35133901
55,81.3,2,5,54073,39.371787651,-81.16390762
55,82.8,2,5,54075,38.331645408,-80.00800198
55,61.8,2,5,54077,39.468167632,-79.67481101
55,91.4,2,5,54079,38.507962445,-81.9092456
55,86.4,2,5,54081,37.768577172,-81.24585587
55,69.7,2,5,54083,38.774125667,-79.87783312
55,75.8,2,5,54085,39.180247385,-81.06545127
55,93.2,2,5,54087,38.716672304,-81.35068835
55,74.4,2,5,54089,37.660509123,-80.85323551
55,64.6,2,5,54091,39.334128219,-80.05383769
55,65.7,2,5,54093,39.11262394,-79.56562249
55,77.4,2,5,54095,39.465966995,-80.88599103
55,70.6,2,5,54097,38.896365821,-80.23511055
55,90,2,5,54099,38.144854478,-82.42601159
55,77.8,2,5,54101,38.495251451,-80.42368871
55,69.1,2,5,54103,39.604619675,-80.64018417
55,82.3,2,5,54105,39.027135964,-81.37795756
55,82.7,2,5,54107,39.211052187,-81.51526233
55,87.5,2,5,54109,37.608120491,-81.54788173
55,160.3,1,3,54003,39.464779356,-78.02729902
55,174.1,1,3,54029,40.520421188,-80.57849509
55,103.9,1,3,54037,39.307095035,-77.86468766
55,123,1,3,54039,38.337459459,-81.52936075
55,73.2,2,3,54003,39.464779356,-78.02729902
55,137.4,2,3,54005,38.022917034,-81.71006973
55,127.9,2,3,54019,38.028871202,-81.08064768
55,93.8,2,3,54029,40.520421188,-80.57849509
55,68.6,2,3,54037,39.307095035,-77.86468766
55,122.7,2,3,54039,38.337459459,-81.52936075
55,57.8,2,3,54067,38.293323389,-80.80117729
55,135.4,2,3,54079,38.507962445,-81.9092456
55,121.7,2,3,54081,37.768577172,-81.24585587
55,87.9,2,2,54037,39.307095035,-77.86468766
56,59.4,1,0,56001,41.655348935,-105.7276019
56,59.7,1,0,56003,44.523797538,-107.9960986
56,54.4,1,0,56005,44.247929188,-105.5500358
56,57.7,1,0,56007,41.695739409,-106.9349161
56,55.9,1,0,56009,42.9733602,-105.5105486
56,50.6,1,0,56011,44.590867584,-104.5716139
56,54.8,1,0,56013,43.0417331,-108.6303872
56,53.1,1,0,56015,42.090314052,-104.3539063
56,57.1,1,0,56017,43.722604925,-108.4473213
56,51.7,1,0,56019,44.038307228,-106.5867317
56,65.1,1,0,56021,41.30627159,-104.6907562
56,59.1,1,0,56023,42.253922202,-110.6581109
56,55.4,1,0,56025,42.966183568,-106.799359
56,59.5,1,0,56027,43.058083796,-104.4794757
56,60.4,1,0,56029,44.52031592,-109.5921024
56,60.7,1,0,56031,42.134183282,-104.968483
56,52.8,1,0,56033,44.788938685,-106.8763579
56,51.9,1,0,56035,42.766422758,-109.9175632
56,58.5,1,0,56037,41.657740177,-108.886499
56,60.8,1,0,56039,43.926156226,-110.5942299
56,47.5,1,0,56041,41.289493445,-110.555808
56,55.7,1,0,56043,43.903391863,-107.6865457
56,51.8,1,0,56045,43.841815741,-104.571415
56,69.5,2,0,56001,41.655348935,-105.7276019
56,78.4,2,0,56003,44.523797538,-107.9960986
56,29.9,2,0,56005,44.247929188,-105.5500358
56,61.7,2,0,56007,41.695739409,-106.9349161
56,68.4,2,0,56009,42.9733602,-105.5105486
56,36.9,2,0,56011,44.590867584,-104.5716139
56,64.8,2,0,56013,43.0417331,-108.6303872
56,59.8,2,0,56015,42.090314052,-104.3539063
56,76.5,2,0,56017,43.722604925,-108.4473213
56,73.3,2,0,56019,44.038307228,-106.5867317
56,69.2,2,0,56021,41.30627159,-104.6907562
56,57.9,2,0,56023,42.253922202,-110.6581109
56,69.2,2,0,56025,42.966183568,-106.799359
56,74,2,0,56027,43.058083796,-104.4794757
56,63.8,2,0,56029,44.52031592,-109.5921024
56,60.2,2,0,56031,42.134183282,-104.968483
56,64,2,0,56033,44.788938685,-106.8763579
56,51.1,2,0,56035,42.766422758,-109.9175632
56,60.2,2,0,56037,41.657740177,-108.886499
56,50.8,2,0,56039,43.926156226,-110.5942299
56,58.6,2,0,56041,41.289493445,-110.555808
56,74.6,2,0,56043,43.903391863,-107.6865457
56,60.7,2,0,56045,43.841815741,-104.571415
56,58.6,1,5,56001,41.655348935,-105.7276019
56,61.5,1,5,56003,44.523797538,-107.9960986
56,53.8,1,5,56005,44.247929188,-105.5500358
56,56,1,5,56007,41.695739409,-106.9349161
56,55.3,1,5,56009,42.9733602,-105.5105486
56,51.8,1,5,56011,44.590867584,-104.5716139
56,51.3,1,5,56013,43.0417331,-108.6303872
56,55.3,1,5,56015,42.090314052,-104.3539063
56,54.8,1,5,56017,43.722604925,-108.4473213
56,50.6,1,5,56019,44.038307228,-106.5867317
56,65.4,1,5,56021,41.30627159,-104.6907562
56,58.6,1,5,56023,42.253922202,-110.6581109
56,53.5,1,5,56025,42.966183568,-106.799359
56,60.3,1,5,56027,43.058083796,-104.4794757
56,59.7,1,5,56029,44.52031592,-109.5921024
56,60.8,1,5,56031,42.134183282,-104.968483
56,54.4,1,5,56033,44.788938685,-106.8763579
56,48,1,5,56035,42.766422758,-109.9175632
56,54.5,1,5,56037,41.657740177,-108.886499
56,60.1,1,5,56039,43.926156226,-110.5942299
56,46.7,1,5,56041,41.289493445,-110.555808
56,54.7,1,5,56043,43.903391863,-107.6865457
56,51.9,1,5,56045,43.841815741,-104.571415
56,69.6,2,5,56001,41.655348935,-105.7276019
56,77.7,2,5,56003,44.523797538,-107.9960986
56,31.8,2,5,56005,44.247929188,-105.5500358
56,58.7,2,5,56007,41.695739409,-106.9349161
56,68.3,2,5,56009,42.9733602,-105.5105486
56,38.4,2,5,56011,44.590867584,-104.5716139
56,58.3,2,5,56013,43.0417331,-108.6303872
56,61.9,2,5,56015,42.090314052,-104.3539063
56,70.1,2,5,56017,43.722604925,-108.4473213
56,73.3,2,5,56019,44.038307228,-106.5867317
56,69.5,2,5,56021,41.30627159,-104.6907562
56,58.3,2,5,56023,42.253922202,-110.6581109
56,65.6,2,5,56025,42.966183568,-106.799359
56,71.2,2,5,56027,43.058083796,-104.4794757
56,59.5,2,5,56029,44.52031592,-109.5921024
56,63.1,2,5,56031,42.134183282,-104.968483
56,65.1,2,5,56033,44.788938685,-106.8763579
56,49.2,2,5,56035,42.766422758,-109.9175632
56,55,2,5,56037,41.657740177,-108.886499
56,55.9,2,5,56039,43.926156226,-110.5942299
56,54.5,2,5,56041,41.289493445,-110.555808
56,69.7,2,5,56043,43.903391863,-107.6865457
56,60.4,2,5,56045,43.841815741,-104.571415
56,64,1,4,56021,41.30627159,-104.6907562
56,57.5,2,4,56021,41.30627159,-104.6907562
56,122,2,1,56013,43.0417331,-108.6303872
